task_id,selection_status,demonstration_pairs,test_pairs,candidates_considered,exact_training_candidates,collision_candidates,selection_seconds,lodo_pair_exact,lodo_cell_accuracy,novel_test_colors,novel_test_color_count,identity_pair_exact_rate,identity_task_exact,posthoc_oracle_local_exists,posthoc_oracle_neighborhood,posthoc_oracle_model_bits,outcome,selected_neighborhood,offset_count,exception_count,model_description_bits,wrapper_description_bits,total_description_bits,mean_test_support,min_test_support,labeled_pairs,pair_exact_count,pair_exact_rate,task_exact,pair_exact_count_pass_at_2,pair_exact_rate_pass_at_2,task_exact_pass_at_2,second_neighborhood,matching_shape_pairs,cell_accuracy,scored_cells,compiled_checked,compiled_equivalent,binary4_invalid_rate,onehot_invalid_rate,dataset,dataset_commit,split,task_index
00576224,unsupported_shape_change,2,1,29,0,0,1.2571108527481556e-05,,,2,1,0.0,0.0,0.0,,,abstained,,0,0,,,,,,1,0,0.0,0.0,0,0.0,0.0,,0,,0,0.0,,,,ARC-AGI-2,f3283f727488ad98fe575ea6a5ac981e4a188e49,training,1
007bbfb7,unsupported_shape_change,5,1,29,0,0,3.5329721868038177e-06,,,,0,0.0,0.0,0.0,,,abstained,,0,0,,,,,,1,0,0.0,0.0,0,0.0,0.0,,0,,0,0.0,,,,ARC-AGI-2,f3283f727488ad98fe575ea6a5ac981e4a188e49,training,2
009d5c81,selected,5,1,29,1,28,0.06838688906282187,0.0,0.8683673469387755,,0,0.0,0.0,1.0,moore_r2,16714.0,predicted_incorrect,moore_r2,25,132,13906.0,8.0,13914.0,0.5306122448979592,0.5306122448979592,1,0,0.0,0.0,0,0.0,0.0,,1,0.8622448979591837,196,1.0,1.0,0.0,0.0,ARC-AGI-2,f3283f727488ad98fe575ea6a5ac981e4a188e49,training,3
00d62c1b,no_deterministic_local_rule,5,1,29,0,29,0.03630550589878112,,,,0,0.0,0.0,0.0,,,abstained,,0,0,,,,,,1,0,0.0,0.0,0,0.0,0.0,,0,,0,0.0,,,,ARC-AGI-2,f3283f727488ad98fe575ea6a5ac981e4a188e49,training,4
00dbd492,no_deterministic_local_rule,4,1,29,0,29,0.026184214046224952,,,,0,0.0,0.0,0.0,,,abstained,,0,0,,,,,,1,0,0.0,0.0,0,0.0,0.0,,0,,0,0.0,,,,ARC-AGI-2,f3283f727488ad98fe575ea6a5ac981e4a188e49,training,5
017c7c7b,unsupported_shape_change,3,1,29,0,0,4.702946171164513e-06,,,,0,0.0,0.0,0.0,,,abstained,,0,0,,,,,,1,0,0.0,0.0,0,0.0,0.0,,0,,0,0.0,,,,ARC-AGI-2,f3283f727488ad98fe575ea6a5ac981e4a188e49,training,6
025d127b,selected,2,1,29,4,25,0.016899002948775887,0.0,0.8585858585858586,4,1,0.0,0.0,1.0,von_neumann_r1,553.0,predicted_incorrect,von_neumann_r1,5,15,409.0,8.0,417.0,0.5,0.5,1,0,0.0,0.0,0,0.0,0.0,,1,0.88,100,1.0,1.0,0.0,0.0,ARC-AGI-2,f3283f727488ad98fe575ea6a5ac981e4a188e49,training,7
03560426,no_deterministic_local_rule,3,1,29,0,29,0.016550056054256856,,,6,1,0.0,0.0,0.0,,,abstained,,0,0,,,,,,1,0,0.0,0.0,0,0.0,0.0,,0,,0,0.0,,,,ARC-AGI-2,f3283f727488ad98fe575ea6a5ac981e4a188e49,training,8
045e512c,no_deterministic_local_rule,3,1,29,0,29,0.0627238960005343,,,,0,0.0,0.0,0.0,,,abstained,,0,0,,,,,,1,0,0.0,0.0,0,0.0,0.0,,0,,0,0.0,,,,ARC-AGI-2,f3283f727488ad98fe575ea6a5ac981e4a188e49,training,9
0520fde7,unsupported_shape_change,3,1,29,0,0,4.1780294850468636e-06,,,,0,0.0,0.0,0.0,,,abstained,,0,0,,,,,,1,0,0.0,0.0,0,0.0,0.0,,0,,0,0.0,,,,ARC-AGI-2,f3283f727488ad98fe575ea6a5ac981e4a188e49,training,10
05269061,no_deterministic_local_rule,3,1,29,0,29,0.009007712011225522,,,,0,0.0,0.0,0.0,,,abstained,,0,0,,,,,,1,0,0.0,0.0,0,0.0,0.0,,0,,0,0.0,,,,ARC-AGI-2,f3283f727488ad98fe575ea6a5ac981e4a188e49,training,11
05a7bcf2,no_deterministic_local_rule,3,1,29,0,29,0.12013231101445854,,,,0,0.0,0.0,0.0,,,abstained,,0,0,,,,,,1,0,0.0,0.0,0,0.0,0.0,,0,,0,0.0,,,,ARC-AGI-2,f3283f727488ad98fe575ea6a5ac981e4a188e49,training,12
05f2a901,no_deterministic_local_rule,3,1,29,0,29,0.016579448012635112,,,,0,0.0,0.0,0.0,,,abstained,,0,0,,,,,,1,0,0.0,0.0,0,0.0,0.0,,0,,0,0.0,,,,ARC-AGI-2,f3283f727488ad98fe575ea6a5ac981e4a188e49,training,13
0607ce86,selected,3,1,29,3,26,0.11195595702156425,0.0,0.9146005509641874,,0,0.0,0.0,1.0,moore_r1,6081.0,predicted_incorrect,moore_r1,9,115,4678.0,8.0,4686.0,0.35984848484848486,0.35984848484848486,1,0,0.0,0.0,0,0.0,0.0,von_neumann_r2,1,0.9318181818181818,528,1.0,1.0,0.0,0.0,ARC-AGI-2,f3283f727488ad98fe575ea6a5ac981e4a188e49,training,14
0692e18c,unsupported_shape_change,3,1,29,0,0,4.12308145314455e-06,,,3,1,0.0,0.0,0.0,,,abstained,,0,0,,,,,,1,0,0.0,0.0,0,0.0,0.0,,0,,0,0.0,,,,ARC-AGI-2,f3283f727488ad98fe575ea6a5ac981e4a188e49,training,15
06df4c85,no_deterministic_local_rule,3,1,29,0,29,0.07690411398652941,,,,0,0.0,0.0,0.0,,,abstained,,0,0,,,,,,1,0,0.0,0.0,0,0.0,0.0,,0,,0,0.0,,,,ARC-AGI-2,f3283f727488ad98fe575ea6a5ac981e4a188e49,training,16
070dd51e,no_deterministic_local_rule,2,1,29,0,29,0.037245577899739146,,,,0,0.0,0.0,0.0,,,abstained,,0,0,,,,,,1,0,0.0,0.0,0,0.0,0.0,,0,,0,0.0,,,,ARC-AGI-2,f3283f727488ad98fe575ea6a5ac981e4a188e49,training,17
08ed6ac7,no_deterministic_local_rule,2,1,29,0,29,0.008729605004191399,,,,0,0.0,0.0,0.0,,,abstained,,0,0,,,,,,1,0,0.0,0.0,0,0.0,0.0,,0,,0,0.0,,,,ARC-AGI-2,f3283f727488ad98fe575ea6a5ac981e4a188e49,training,18
09629e4f,selected,4,1,29,2,27,0.0407164990901947,0.0,0.5351239669421488,,0,0.0,0.0,1.0,von_neumann_r2,15898.0,predicted_incorrect,von_neumann_r2,13,226,12761.0,8.0,12769.0,0.0,0.0,1,0,0.0,0.0,0,0.0,0.0,,1,0.5371900826446281,121,1.0,1.0,0.0,0.0,ARC-AGI-2,f3283f727488ad98fe575ea6a5ac981e4a188e49,training,19
0962bcdd,selected,2,1,29,1,28,0.01713436795398593,0.0,0.8333333333333334,3;4,2,0.0,0.0,1.0,moore_r2,6935.0,predicted_incorrect,moore_r2,25,43,4646.0,8.0,4654.0,0.4166666666666667,0.4166666666666667,1,0,0.0,0.0,0,0.0,0.0,,1,0.8333333333333334,144,1.0,1.0,0.0,0.0,ARC-AGI-2,f3283f727488ad98fe575ea6a5ac981e4a188e49,training,20
09c534e7,no_deterministic_local_rule,3,1,29,0,29,0.07320175098720938,,,8,1,0.0,0.0,0.0,,,abstained,,0,0,,,,,,1,0,0.0,0.0,0,0.0,0.0,,0,,0,0.0,,,,ARC-AGI-2,f3283f727488ad98fe575ea6a5ac981e4a188e49,training,21
0a1d4ef5,unsupported_shape_change,3,1,29,0,0,1.7419224604964256e-06,,,,0,0.0,0.0,0.0,,,abstained,,0,0,,,,,,1,0,0.0,0.0,0,0.0,0.0,,0,,0,0.0,,,,ARC-AGI-2,f3283f727488ad98fe575ea6a5ac981e4a188e49,training,22
0a2355a6,no_deterministic_local_rule,4,1,29,0,29,0.031751196016557515,,,,0,0.0,0.0,0.0,,,abstained,,0,0,,,,,,1,0,0.0,0.0,0,0.0,0.0,,0,,0,0.0,,,,ARC-AGI-2,f3283f727488ad98fe575ea6a5ac981e4a188e49,training,23
0a938d79,no_deterministic_local_rule,4,1,29,0,29,0.03774605493526906,,,,0,0.0,0.0,0.0,,,abstained,,0,0,,,,,,1,0,0.0,0.0,0,0.0,0.0,,0,,0,0.0,,,,ARC-AGI-2,f3283f727488ad98fe575ea6a5ac981e4a188e49,training,24
0b148d64,unsupported_shape_change,3,1,29,0,0,3.496999852359295e-06,,,,0,0.0,0.0,0.0,,,abstained,,0,0,,,,,,1,0,0.0,0.0,0,0.0,0.0,,0,,0,0.0,,,,ARC-AGI-2,f3283f727488ad98fe575ea6a5ac981e4a188e49,training,25
0b17323b,no_deterministic_local_rule,2,1,29,0,29,0.020954141044057906,,,,0,0.0,0.0,0.0,,,abstained,,0,0,,,,,,1,0,0.0,0.0,0,0.0,0.0,,0,,0,0.0,,,,ARC-AGI-2,f3283f727488ad98fe575ea6a5ac981e4a188e49,training,26
0bb8deee,unsupported_shape_change,3,1,29,0,0,1.693028025329113e-06,,,6,1,0.0,0.0,0.0,,,abstained,,0,0,,,,,,1,0,0.0,0.0,0,0.0,0.0,,0,,0,0.0,,,,ARC-AGI-2,f3283f727488ad98fe575ea6a5ac981e4a188e49,training,27
0becf7df,selected,3,1,29,3,26,0.026230363990180194,0.0,0.81,,0,0.0,0.0,1.0,moore_r1,3278.0,predicted_incorrect,moore_r1,9,57,2357.0,8.0,2365.0,0.54,0.54,1,0,0.0,0.0,0,0.0,0.0,,1,0.77,100,1.0,1.0,0.0,0.0,ARC-AGI-2,f3283f727488ad98fe575ea6a5ac981e4a188e49,training,28
0c786b71,unsupported_shape_change,3,1,29,0,0,3.3529940992593765e-06,,,,0,0.0,0.0,0.0,,,abstained,,0,0,,,,,,1,0,0.0,0.0,0,0.0,0.0,,0,,0,0.0,,,,ARC-AGI-2,f3283f727488ad98fe575ea6a5ac981e4a188e49,training,29
0c9aba6e,unsupported_shape_change,4,1,29,0,0,1.8490245565772057e-06,,,,0,0.0,0.0,0.0,,,abstained,,0,0,,,,,,1,0,0.0,0.0,0,0.0,0.0,,0,,0,0.0,,,,ARC-AGI-2,f3283f727488ad98fe575ea6a5ac981e4a188e49,training,30
0ca9ddb6,selected,3,1,29,3,26,0.022035044967196882,0.3333333333333333,0.9835390946502057,,0,0.0,0.0,1.0,moore_r1,716.0,predicted_incorrect,moore_r1,9,12,555.0,8.0,563.0,0.8024691358024691,0.8024691358024691,1,0,0.0,0.0,0,0.0,0.0,von_neumann_r2,1,0.9506172839506173,81,1.0,1.0,0.0,0.0,ARC-AGI-2,f3283f727488ad98fe575ea6a5ac981e4a188e49,training,31
0d3d703e,selected,4,1,29,29,0,0.034150222898460925,0.25,0.5833333333333334,,0,0.0,0.0,1.0,center,84.0,solved,center,1,8,84.0,8.0,92.0,1.0,1.0,1,1,1.0,1.0,1,1.0,1.0,center_wire_+2_+2,1,1.0,9,1.0,1.0,0.0,0.0,ARC-AGI-2,f3283f727488ad98fe575ea6a5ac981e4a188e49,training,32
0d87d2a6,no_deterministic_local_rule,3,1,29,0,29,0.03634332399815321,,,,0,0.0,0.0,0.0,,,abstained,,0,0,,,,,,1,0,0.0,0.0,0,0.0,0.0,,0,,0,0.0,,,,ARC-AGI-2,f3283f727488ad98fe575ea6a5ac981e4a188e49,training,33
0e206a2e,no_deterministic_local_rule,3,1,29,0,29,0.03206229500938207,,,5,1,0.0,0.0,0.0,,,abstained,,0,0,,,,,,1,0,0.0,0.0,0,0.0,0.0,,0,,0,0.0,,,,ARC-AGI-2,f3283f727488ad98fe575ea6a5ac981e4a188e49,training,34
0e671a1a,no_deterministic_local_rule,4,1,29,0,29,0.0322862199973315,,,,0,0.0,0.0,0.0,,,abstained,,0,0,,,,,,1,0,0.0,0.0,0,0.0,0.0,,0,,0,0.0,,,,ARC-AGI-2,f3283f727488ad98fe575ea6a5ac981e4a188e49,training,35
0f63c0b9,no_deterministic_local_rule,4,1,29,0,29,0.04226197104435414,,,,0,0.0,0.0,0.0,,,abstained,,0,0,,,,,,1,0,0.0,0.0,0,0.0,0.0,,0,,0,0.0,,,,ARC-AGI-2,f3283f727488ad98fe575ea6a5ac981e4a188e49,training,36
103eff5b,no_deterministic_local_rule,2,1,29,0,29,0.02665054809767753,,,,0,0.0,0.0,0.0,,,abstained,,0,0,,,,,,1,0,0.0,0.0,0,0.0,0.0,,0,,0,0.0,,,,ARC-AGI-2,f3283f727488ad98fe575ea6a5ac981e4a188e49,training,37
10fcaaa3,unsupported_shape_change,4,1,29,0,0,1.2670643627643585e-06,,,3,1,0.0,0.0,0.0,,,abstained,,0,0,,,,,,1,0,0.0,0.0,0,0.0,0.0,,0,,0,0.0,,,,ARC-AGI-2,f3283f727488ad98fe575ea6a5ac981e4a188e49,training,38
11852cab,selected,3,1,29,3,26,0.0257702290546149,0.0,0.97,,0,0.0,0.0,1.0,moore_r1,555.0,predicted_incorrect,moore_r1,9,9,435.0,8.0,443.0,0.54,0.54,1,0,0.0,0.0,0,0.0,0.0,,1,0.97,100,1.0,1.0,0.0,0.0,ARC-AGI-2,f3283f727488ad98fe575ea6a5ac981e4a188e49,training,39
1190bc91,no_deterministic_local_rule,3,1,29,0,29,0.011968366103246808,,,,0,0.0,0.0,0.0,,,abstained,,0,0,,,,,,1,0,0.0,0.0,0,0.0,0.0,,0,,0,0.0,,,,ARC-AGI-2,f3283f727488ad98fe575ea6a5ac981e4a188e49,training,40
1190e5a7,unsupported_shape_change,3,1,29,0,0,3.3889664337038994e-06,,,5,1,0.0,0.0,0.0,,,abstained,,0,0,,,,,,1,0,0.0,0.0,0,0.0,0.0,,0,,0,0.0,,,,ARC-AGI-2,f3283f727488ad98fe575ea6a5ac981e4a188e49,training,41
11dc524f,no_deterministic_local_rule,3,1,29,0,29,0.02437756594736129,,,,0,0.0,0.0,0.0,,,abstained,,0,0,,,,,,1,0,0.0,0.0,0,0.0,0.0,,0,,0,0.0,,,,ARC-AGI-2,f3283f727488ad98fe575ea6a5ac981e4a188e49,training,42
11e1fe23,no_deterministic_local_rule,2,1,29,0,29,0.01265226793475449,,,9,1,0.0,0.0,0.0,,,abstained,,0,0,,,,,,1,0,0.0,0.0,0,0.0,0.0,,0,,0,0.0,,,,ARC-AGI-2,f3283f727488ad98fe575ea6a5ac981e4a188e49,training,43
12422b43,no_deterministic_local_rule,5,1,29,0,29,0.015738455927930772,,,,0,0.0,0.0,0.0,,,abstained,,0,0,,,,,,1,0,0.0,0.0,0,0.0,0.0,,0,,0,0.0,,,,ARC-AGI-2,f3283f727488ad98fe575ea6a5ac981e4a188e49,training,44
12997ef3,unsupported_shape_change,4,2,29,0,0,1.6050180420279503e-06,,,7,1,0.0,0.0,0.0,,,abstained,,0,0,,,,,,2,0,0.0,0.0,0,0.0,0.0,,0,,0,0.0,,,,ARC-AGI-2,f3283f727488ad98fe575ea6a5ac981e4a188e49,training,45
12eac192,selected,4,1,29,4,25,0.02306484803557396,0.0,0.7966101694915254,,0,0.0,0.0,1.0,moore_r1,2357.0,predicted_incorrect,von_neumann_r1,5,38,962.0,8.0,970.0,0.15625,0.15625,1,0,0.0,0.0,0,0.0,0.0,moore_r1,1,0.75,64,1.0,1.0,0.0,0.0,ARC-AGI-2,f3283f727488ad98fe575ea6a5ac981e4a188e49,training,46
13713586,no_deterministic_local_rule,3,1,29,0,29,0.037253570975735784,,,,0,0.0,0.0,0.0,,,abstained,,0,0,,,,,,1,0,0.0,0.0,0,0.0,0.0,,0,,0,0.0,,,,ARC-AGI-2,f3283f727488ad98fe575ea6a5ac981e4a188e49,training,47
137eaa0f,unsupported_shape_change,3,1,29,0,0,1.3629905879497528e-06,,,8,1,0.0,0.0,0.0,,,abstained,,0,0,,,,,,1,0,0.0,0.0,0,0.0,0.0,,0,,0,0.0,,,,ARC-AGI-2,f3283f727488ad98fe575ea6a5ac981e4a188e49,training,48
137f0df0,selected,3,1,29,2,27,0.023093723924830556,0.0,0.7466666666666667,,0,0.0,0.0,1.0,von_neumann_r2,3405.0,predicted_incorrect,von_neumann_r2,13,43,2509.0,8.0,2517.0,0.4,0.4,1,0,0.0,0.0,0,0.0,0.0,,1,0.8,100,1.0,1.0,0.0,0.0,ARC-AGI-2,f3283f727488ad98fe575ea6a5ac981e4a188e49,training,49
13f06aa5,no_deterministic_local_rule,3,1,29,0,29,0.02467669395264238,,,5,1,0.0,0.0,0.0,,,abstained,,0,0,,,,,,1,0,0.0,0.0,0,0.0,0.0,,0,,0,0.0,,,,ARC-AGI-2,f3283f727488ad98fe575ea6a5ac981e4a188e49,training,50
140c817e,no_deterministic_local_rule,3,1,29,0,29,0.018538899952545762,,,,0,0.0,0.0,0.0,,,abstained,,0,0,,,,,,1,0,0.0,0.0,0,0.0,0.0,,0,,0,0.0,,,,ARC-AGI-2,f3283f727488ad98fe575ea6a5ac981e4a188e49,training,51
14754a24,selected,4,1,29,2,27,0.07996382389683276,0.0,0.9628571428571429,,0,0.0,0.0,1.0,moore_r2,5790.0,predicted_incorrect,von_neumann_r2,13,38,2229.0,8.0,2237.0,0.024930747922437674,0.024930747922437674,1,0,0.0,0.0,0,0.0,0.0,,1,0.9584487534626038,361,1.0,1.0,0.0,0.0,ARC-AGI-2,f3283f727488ad98fe575ea6a5ac981e4a188e49,training,52
1478ab18,no_deterministic_local_rule,3,1,29,0,29,0.010817060014232993,,,,0,0.0,0.0,0.0,,,abstained,,0,0,,,,,,1,0,0.0,0.0,0,0.0,0.0,,0,,0,0.0,,,,ARC-AGI-2,f3283f727488ad98fe575ea6a5ac981e4a188e49,training,53
14b8e18c,selected,3,1,29,2,27,0.023096298915334046,0.0,0.8933333333333333,,0,0.0,0.0,1.0,moore_r2,6831.0,predicted_incorrect,von_neumann_r2,13,32,1893.0,8.0,1901.0,0.43,0.43,1,0,0.0,0.0,0,0.0,0.0,moore_r2,1,0.79,100,1.0,1.0,0.0,0.0,ARC-AGI-2,f3283f727488ad98fe575ea6a5ac981e4a188e49,training,54
150deff5,selected,3,1,29,1,28,0.01711063797120005,0.0,0.7768924302788844,,0,0.0,0.0,1.0,moore_r2,8495.0,predicted_incorrect,moore_r2,25,56,5998.0,8.0,6006.0,0.18181818181818182,0.18181818181818182,1,0,0.0,0.0,0,0.0,0.0,,1,0.7272727272727273,88,1.0,1.0,0.0,0.0,ARC-AGI-2,f3283f727488ad98fe575ea6a5ac981e4a188e49,training,55
15113be4,selected,3,1,29,1,28,0.09448467590846121,0.0,0.9810964083175804,7,1,0.0,0.0,1.0,moore_r2,4854.0,predicted_incorrect,moore_r2,25,30,3293.0,8.0,3301.0,0.007561436672967864,0.007561436672967864,1,0,0.0,0.0,0,0.0,0.0,,1,0.9716446124763705,529,1.0,1.0,0.0,0.0,ARC-AGI-2,f3283f727488ad98fe575ea6a5ac981e4a188e49,training,56
15660dd6,unsupported_shape_change,2,1,29,0,0,1.686043106019497e-06,,,,0,0.0,0.0,0.0,,,abstained,,0,0,,,,,,1,0,0.0,0.0,0,0.0,0.0,,0,,0,0.0,,,,ARC-AGI-2,f3283f727488ad98fe575ea6a5ac981e4a188e49,training,57
15663ba9,selected,3,1,29,1,28,0.03493022301699966,0.0,0.8883071553228621,,0,0.0,0.0,1.0,moore_r2,9951.0,predicted_incorrect,moore_r2,25,64,6831.0,8.0,6839.0,0.14583333333333334,0.14583333333333334,1,0,0.0,0.0,0,0.0,0.0,,1,0.875,240,1.0,1.0,0.0,0.0,ARC-AGI-2,f3283f727488ad98fe575ea6a5ac981e4a188e49,training,58
15696249,unsupported_shape_change,4,1,29,0,0,5.439971573650837e-06,,,,0,0.0,0.0,0.0,,,abstained,,0,0,,,,,,1,0,0.0,0.0,0,0.0,0.0,,0,,0,0.0,,,,ARC-AGI-2,f3283f727488ad98fe575ea6a5ac981e4a188e49,training,59
17829a00,no_deterministic_local_rule,2,1,29,0,29,0.023972065071575344,,,1;4,2,0.0,0.0,0.0,,,abstained,,0,0,,,,,,1,0,0.0,0.0,0,0.0,0.0,,0,,0,0.0,,,,ARC-AGI-2,f3283f727488ad98fe575ea6a5ac981e4a188e49,training,60
178fcbfb,no_deterministic_local_rule,3,1,29,0,29,0.01427024498116225,,,,0,0.0,0.0,0.0,,,abstained,,0,0,,,,,,1,0,0.0,0.0,0,0.0,0.0,,0,,0,0.0,,,,ARC-AGI-2,f3283f727488ad98fe575ea6a5ac981e4a188e49,training,61
17b80ad2,no_deterministic_local_rule,4,1,29,0,29,0.03151166904717684,,,,0,0.0,0.0,0.0,,,abstained,,0,0,,,,,,1,0,0.0,0.0,0,0.0,0.0,,0,,0,0.0,,,,ARC-AGI-2,f3283f727488ad98fe575ea6a5ac981e4a188e49,training,62
17b866bd,no_deterministic_local_rule,2,2,29,0,29,0.027305386029183865,,,,0,0.0,0.0,0.0,,,abstained,,0,0,,,,,,2,0,0.0,0.0,0,0.0,0.0,,0,,0,0.0,,,,ARC-AGI-2,f3283f727488ad98fe575ea6a5ac981e4a188e49,training,63
17cae0c1,selected,4,1,29,2,27,0.013460476999171078,0.0,0.12962962962962962,,0,0.0,0.0,1.0,von_neumann_r2,7046.0,predicted_incorrect,von_neumann_r2,13,101,5758.0,8.0,5766.0,0.14814814814814814,0.14814814814814814,1,0,0.0,0.0,0,0.0,0.0,moore_r2,1,0.14814814814814814,27,1.0,1.0,0.0,0.0,ARC-AGI-2,f3283f727488ad98fe575ea6a5ac981e4a188e49,training,64
18286ef8,no_deterministic_local_rule,3,1,29,0,29,0.021446081926114857,,,,0,0.0,0.0,0.0,,,abstained,,0,0,,,,,,1,0,0.0,0.0,0,0.0,0.0,,0,,0,0.0,,,,ARC-AGI-2,f3283f727488ad98fe575ea6a5ac981e4a188e49,training,65
182e5d0f,no_deterministic_local_rule,3,1,29,0,29,0.019622366060502827,,,,0,0.0,0.0,0.0,,,abstained,,0,0,,,,,,1,0,0.0,0.0,0,0.0,0.0,,0,,0,0.0,,,,ARC-AGI-2,f3283f727488ad98fe575ea6a5ac981e4a188e49,training,66
18419cfa,selected,3,1,29,1,28,0.06055366399232298,0.0,0.9779270633397313,,0,0.0,0.0,0.0,,,predicted_incorrect,moore_r2,25,22,2461.0,8.0,2469.0,0.5796703296703297,0.5796703296703297,1,0,0.0,0.0,0,0.0,0.0,,1,0.9752747252747253,728,1.0,1.0,0.0,0.0,ARC-AGI-2,f3283f727488ad98fe575ea6a5ac981e4a188e49,training,67
18447a8d,no_deterministic_local_rule,3,1,29,0,29,0.02130434405989945,,,5,1,0.0,0.0,0.0,,,abstained,,0,0,,,,,,1,0,0.0,0.0,0,0.0,0.0,,0,,0,0.0,,,,ARC-AGI-2,f3283f727488ad98fe575ea6a5ac981e4a188e49,training,68
184a9768,no_deterministic_local_rule,3,1,29,0,29,0.06078508298378438,,,7,1,0.0,0.0,0.0,,,abstained,,0,0,,,,,,1,0,0.0,0.0,0,0.0,0.0,,0,,0,0.0,,,,ARC-AGI-2,f3283f727488ad98fe575ea6a5ac981e4a188e49,training,69
195ba7dc,unsupported_shape_change,4,1,29,0,0,2.3189932107925415e-06,,,,0,0.0,0.0,0.0,,,abstained,,0,0,,,,,,1,0,0.0,0.0,0,0.0,0.0,,0,,0,0.0,,,,ARC-AGI-2,f3283f727488ad98fe575ea6a5ac981e4a188e49,training,70
1990f7a8,unsupported_shape_change,3,1,29,0,0,8.150236681103706e-07,,,,0,0.0,0.0,0.0,,,abstained,,0,0,,,,,,1,0,0.0,0.0,0,0.0,0.0,,0,,0,0.0,,,,ARC-AGI-2,f3283f727488ad98fe575ea6a5ac981e4a188e49,training,71
19bb5feb,unsupported_shape_change,3,1,29,0,0,1.4549586921930313e-06,,,6,1,0.0,0.0,0.0,,,abstained,,0,0,,,,,,1,0,0.0,0.0,0,0.0,0.0,,0,,0,0.0,,,,ARC-AGI-2,f3283f727488ad98fe575ea6a5ac981e4a188e49,training,72
1a07d186,no_deterministic_local_rule,3,1,29,0,29,0.03690230008214712,,,,0,0.0,0.0,0.0,,,abstained,,0,0,,,,,,1,0,0.0,0.0,0,0.0,0.0,,0,,0,0.0,,,,ARC-AGI-2,f3283f727488ad98fe575ea6a5ac981e4a188e49,training,73
1a244afd,no_deterministic_local_rule,3,1,29,0,29,0.02076634601689875,,,,0,0.0,0.0,0.0,,,abstained,,0,0,,,,,,1,0,0.0,0.0,0,0.0,0.0,,0,,0,0.0,,,,ARC-AGI-2,f3283f727488ad98fe575ea6a5ac981e4a188e49,training,74
1a2e2828,unsupported_shape_change,5,1,29,0,0,2.8529902920126915e-06,,,7,1,0.0,0.0,0.0,,,abstained,,0,0,,,,,,1,0,0.0,0.0,0,0.0,0.0,,0,,0,0.0,,,,ARC-AGI-2,f3283f727488ad98fe575ea6a5ac981e4a188e49,training,75
1a6449f1,unsupported_shape_change,3,1,29,0,0,1.7469283193349838e-06,,,,0,0.0,0.0,0.0,,,abstained,,0,0,,,,,,1,0,0.0,0.0,0,0.0,0.0,,0,,0,0.0,,,,ARC-AGI-2,f3283f727488ad98fe575ea6a5ac981e4a188e49,training,76
1acc24af,selected,4,1,29,2,27,0.045422991970553994,0.0,0.9427083333333334,,0,0.0,0.0,0.0,,,predicted_incorrect,von_neumann_r2,13,35,2061.0,8.0,2069.0,0.625,0.625,1,0,0.0,0.0,0,0.0,0.0,moore_r2,1,0.9097222222222222,144,1.0,1.0,0.0,0.0,ARC-AGI-2,f3283f727488ad98fe575ea6a5ac981e4a188e49,training,77
1b2d62fb,unsupported_shape_change,5,1,29,0,0,3.25602013617754e-06,,,,0,0.0,0.0,0.0,,,abstained,,0,0,,,,,,1,0,0.0,0.0,0,0.0,0.0,,0,,0,0.0,,,,ARC-AGI-2,f3283f727488ad98fe575ea6a5ac981e4a188e49,training,78
1b59e163,no_deterministic_local_rule,2,1,29,0,29,0.029761289013549685,,,,0,0.0,0.0,0.0,,,abstained,,0,0,,,,,,1,0,0.0,0.0,0,0.0,0.0,,0,,0,0.0,,,,ARC-AGI-2,f3283f727488ad98fe575ea6a5ac981e4a188e49,training,79
1b60fb0c,no_deterministic_local_rule,3,1,29,0,29,0.01558060699608177,,,,0,0.0,0.0,0.0,,,abstained,,0,0,,,,,,1,0,0.0,0.0,0,0.0,0.0,,0,,0,0.0,,,,ARC-AGI-2,f3283f727488ad98fe575ea6a5ac981e4a188e49,training,80
1b8318e3,selected,3,1,29,1,28,0.03392655402421951,0.0,0.9127272727272727,,0,0.0,0.0,0.0,,,predicted_incorrect,moore_r2,25,48,5166.0,8.0,5174.0,0.27555555555555555,0.27555555555555555,1,0,0.0,0.0,0,0.0,0.0,,1,0.9244444444444444,225,1.0,1.0,0.0,0.0,ARC-AGI-2,f3283f727488ad98fe575ea6a5ac981e4a188e49,training,81
1be83260,unsupported_shape_change,2,2,29,0,0,3.0410010367631912e-06,,,7,1,0.0,0.0,0.0,,,abstained,,0,0,,,,,,2,0,0.0,0.0,0,0.0,0.0,,0,,0,0.0,,,,ARC-AGI-2,f3283f727488ad98fe575ea6a5ac981e4a188e49,training,82
1bfc4729,no_deterministic_local_rule,2,1,29,0,29,0.010435985052026808,,,2;8,2,0.0,0.0,0.0,,,abstained,,0,0,,,,,,1,0,0.0,0.0,0,0.0,0.0,,0,,0,0.0,,,,ARC-AGI-2,f3283f727488ad98fe575ea6a5ac981e4a188e49,training,83
1c02dbbe,no_deterministic_local_rule,3,1,29,0,29,0.031728685018606484,,,7,1,0.0,0.0,0.0,,,abstained,,0,0,,,,,,1,0,0.0,0.0,0,0.0,0.0,,0,,0,0.0,,,,ARC-AGI-2,f3283f727488ad98fe575ea6a5ac981e4a188e49,training,84
1c0d0a4b,selected,3,1,29,2,27,0.021132759982720017,0.0,0.5551330798479087,,0,0.0,0.0,1.0,von_neumann_r2,10969.0,predicted_incorrect,von_neumann_r2,13,117,6654.0,8.0,6662.0,0.23076923076923078,0.23076923076923078,1,0,0.0,0.0,0,0.0,0.0,moore_r2,1,0.5443786982248521,169,1.0,1.0,0.0,0.0,ARC-AGI-2,f3283f727488ad98fe575ea6a5ac981e4a188e49,training,85
1c56ad9f,no_deterministic_local_rule,4,1,29,0,29,0.04007047403138131,,,7,1,0.0,0.0,0.0,,,abstained,,0,0,,,,,,1,0,0.0,0.0,0,0.0,0.0,,0,,0,0.0,,,,ARC-AGI-2,f3283f727488ad98fe575ea6a5ac981e4a188e49,training,86
1c786137,unsupported_shape_change,3,1,29,0,0,2.176966518163681e-06,,,,0,0.0,0.0,0.0,,,abstained,,0,0,,,,,,1,0,0.0,0.0,0,0.0,0.0,,0,,0,0.0,,,,ARC-AGI-2,f3283f727488ad98fe575ea6a5ac981e4a188e49,training,87
1caeab9d,no_deterministic_local_rule,3,1,29,0,29,0.011367199011147022,,,,0,0.0,0.0,0.0,,,abstained,,0,0,,,,,,1,0,0.0,0.0,0,0.0,0.0,,0,,0,0.0,,,,ARC-AGI-2,f3283f727488ad98fe575ea6a5ac981e4a188e49,training,88
1cf80156,unsupported_shape_change,3,1,29,0,0,2.444954589009285e-06,,,6,1,0.0,0.0,0.0,,,abstained,,0,0,,,,,,1,0,0.0,0.0,0,0.0,0.0,,0,,0,0.0,,,,ARC-AGI-2,f3283f727488ad98fe575ea6a5ac981e4a188e49,training,89
1d0a4b61,no_deterministic_local_rule,3,1,29,0,29,0.08485672401729971,,,8,1,0.0,0.0,0.0,,,abstained,,0,0,,,,,,1,0,0.0,0.0,0,0.0,0.0,,0,,0,0.0,,,,ARC-AGI-2,f3283f727488ad98fe575ea6a5ac981e4a188e49,training,90
1d398264,no_deterministic_local_rule,3,2,29,0,29,0.03389836801216006,,,9,1,0.0,0.0,0.0,,,abstained,,0,0,,,,,,2,0,0.0,0.0,0,0.0,0.0,,0,,0,0.0,,,,ARC-AGI-2,f3283f727488ad98fe575ea6a5ac981e4a188e49,training,91
1d61978c,no_deterministic_local_rule,2,1,29,0,29,0.023869293043389916,,,,0,0.0,0.0,0.0,,,abstained,,0,0,,,,,,1,0,0.0,0.0,0,0.0,0.0,,0,,0,0.0,,,,ARC-AGI-2,f3283f727488ad98fe575ea6a5ac981e4a188e49,training,92
1da012fc,no_deterministic_local_rule,2,1,29,0,29,0.03196594899054617,,,,0,0.0,0.0,0.0,,,abstained,,0,0,,,,,,1,0,0.0,0.0,0,0.0,0.0,,0,,0,0.0,,,,ARC-AGI-2,f3283f727488ad98fe575ea6a5ac981e4a188e49,training,93
1e0a9b12,selected,3,1,29,2,27,0.008984106010757387,0.0,0.7402597402597403,5,1,0.0,0.0,1.0,von_neumann_r2,1780.0,predicted_incorrect,von_neumann_r2,13,20,1220.0,8.0,1228.0,0.0,0.0,1,0,0.0,0.0,0,0.0,0.0,,1,0.6,25,1.0,1.0,0.0,0.0,ARC-AGI-2,f3283f727488ad98fe575ea6a5ac981e4a188e49,training,94
1e32b0e9,no_deterministic_local_rule,3,1,29,0,29,0.04006880905944854,,,4;9,2,0.0,0.0,0.0,,,abstained,,0,0,,,,,,1,0,0.0,0.0,0,0.0,0.0,,0,,0,0.0,,,,ARC-AGI-2,f3283f727488ad98fe575ea6a5ac981e4a188e49,training,95
1e5d6875,selected,2,1,29,2,27,0.009993650019168854,0.0,0.859375,,0,0.0,0.0,1.0,moore_r2,6414.0,predicted_incorrect,von_neumann_r2,13,18,1108.0,8.0,1116.0,0.2734375,0.2734375,1,0,0.0,0.0,0,0.0,0.0,moore_r2,1,0.84375,256,1.0,1.0,0.0,0.0,ARC-AGI-2,f3283f727488ad98fe575ea6a5ac981e4a188e49,training,96
1e81d6f9,no_deterministic_local_rule,3,1,29,0,29,0.031788671971298754,,,,0,0.0,0.0,0.0,,,abstained,,0,0,,,,,,1,0,0.0,0.0,0,0.0,0.0,,0,,0,0.0,,,,ARC-AGI-2,f3283f727488ad98fe575ea6a5ac981e4a188e49,training,97
1efba499,no_deterministic_local_rule,3,1,29,0,29,0.022365538985468447,,,1,1,0.0,0.0,0.0,,,abstained,,0,0,,,,,,1,0,0.0,0.0,0,0.0,0.0,,0,,0,0.0,,,,ARC-AGI-2,f3283f727488ad98fe575ea6a5ac981e4a188e49,training,98
1f0c79e5,no_deterministic_local_rule,4,1,29,0,29,0.017318521975539625,,,8,1,0.0,0.0,0.0,,,abstained,,0,0,,,,,,1,0,0.0,0.0,0,0.0,0.0,,0,,0,0.0,,,,ARC-AGI-2,f3283f727488ad98fe575ea6a5ac981e4a188e49,training,99
1f642eb9,no_deterministic_local_rule,3,1,29,0,29,0.015555412974208593,,,,0,0.0,0.0,0.0,,,abstained,,0,0,,,,,,1,0,0.0,0.0,0,0.0,0.0,,0,,0,0.0,,,,ARC-AGI-2,f3283f727488ad98fe575ea6a5ac981e4a188e49,training,100
1f85a75f,unsupported_shape_change,2,1,29,0,0,1.3599637895822525e-06,,,8,1,0.0,0.0,0.0,,,abstained,,0,0,,,,,,1,0,0.0,0.0,0,0.0,0.0,,0,,0,0.0,,,,ARC-AGI-2,f3283f727488ad98fe575ea6a5ac981e4a188e49,training,101
1f876c06,no_deterministic_local_rule,3,1,29,0,29,0.015533774974755943,,,,0,0.0,0.0,0.0,,,abstained,,0,0,,,,,,1,0,0.0,0.0,0,0.0,0.0,,0,,0,0.0,,,,ARC-AGI-2,f3283f727488ad98fe575ea6a5ac981e4a188e49,training,102
1fad071e,unsupported_shape_change,3,1,29,0,0,2.134009264409542e-06,,,,0,0.0,0.0,0.0,,,abstained,,0,0,,,,,,1,0,0.0,0.0,0,0.0,0.0,,0,,0,0.0,,,,ARC-AGI-2,f3283f727488ad98fe575ea6a5ac981e4a188e49,training,103
2013d3e2,unsupported_shape_change,2,1,29,0,0,7.619382813572884e-07,,,,0,0.0,0.0,0.0,,,abstained,,0,0,,,,,,1,0,0.0,0.0,0,0.0,0.0,,0,,0,0.0,,,,ARC-AGI-2,f3283f727488ad98fe575ea6a5ac981e4a188e49,training,104
2037f2c7,unsupported_shape_change,3,1,29,0,0,6.25033862888813e-07,,,,0,0.0,0.0,0.0,,,abstained,,0,0,,,,,,1,0,0.0,0.0,0,0.0,0.0,,0,,0,0.0,,,,ARC-AGI-2,f3283f727488ad98fe575ea6a5ac981e4a188e49,training,105
2072aba6,unsupported_shape_change,3,1,29,0,0,8.299248293042183e-07,,,,0,0.0,0.0,0.0,,,abstained,,0,0,,,,,,1,0,0.0,0.0,0,0.0,0.0,,0,,0,0.0,,,,ARC-AGI-2,f3283f727488ad98fe575ea6a5ac981e4a188e49,training,106
20818e16,unsupported_shape_change,3,1,29,0,0,1.8220162019133568e-06,,,,0,0.0,0.0,0.0,,,abstained,,0,0,,,,,,1,0,0.0,0.0,0,0.0,0.0,,0,,0,0.0,,,,ARC-AGI-2,f3283f727488ad98fe575ea6a5ac981e4a188e49,training,107
20981f0e,no_deterministic_local_rule,3,1,29,0,29,0.030172189930453897,,,,0,0.0,0.0,0.0,,,abstained,,0,0,,,,,,1,0,0.0,0.0,0,0.0,0.0,,0,,0,0.0,,,,ARC-AGI-2,f3283f727488ad98fe575ea6a5ac981e4a188e49,training,108
20fb2937,unsupported_shape_change,2,1,29,0,0,1.3710232451558113e-06,,,,0,0.0,0.0,0.0,,,abstained,,0,0,,,,,,1,0,0.0,0.0,0,0.0,0.0,,0,,0,0.0,,,,ARC-AGI-2,f3283f727488ad98fe575ea6a5ac981e4a188e49,training,109
212895b5,no_deterministic_local_rule,3,1,29,0,29,0.046183325932361186,,,,0,0.0,0.0,0.0,,,abstained,,0,0,,,,,,1,0,0.0,0.0,0,0.0,0.0,,0,,0,0.0,,,,ARC-AGI-2,f3283f727488ad98fe575ea6a5ac981e4a188e49,training,110
21f83797,no_deterministic_local_rule,2,1,29,0,29,0.016422622022219002,,,,0,0.0,0.0,0.0,,,abstained,,0,0,,,,,,1,0,0.0,0.0,0,0.0,0.0,,0,,0,0.0,,,,ARC-AGI-2,f3283f727488ad98fe575ea6a5ac981e4a188e49,training,111
2204b7a8,no_deterministic_local_rule,3,1,29,0,29,0.015503900009207428,,,5,1,0.0,0.0,0.0,,,abstained,,0,0,,,,,,1,0,0.0,0.0,0,0.0,0.0,,0,,0,0.0,,,,ARC-AGI-2,f3283f727488ad98fe575ea6a5ac981e4a188e49,training,112
22168020,selected,3,1,29,1,28,0.019800125039182603,0.0,0.86,7,1,0.0,0.0,1.0,moore_r2,5790.0,predicted_incorrect,moore_r2,25,42,4542.0,8.0,4550.0,0.06,0.06,1,0,0.0,0.0,0,0.0,0.0,,1,0.88,100,1.0,1.0,0.0,0.0,ARC-AGI-2,f3283f727488ad98fe575ea6a5ac981e4a188e49,training,113
22208ba4,no_deterministic_local_rule,4,1,29,0,29,0.05265038798097521,,,3;6,2,0.0,0.0,0.0,,,abstained,,0,0,,,,,,1,0,0.0,0.0,0,0.0,0.0,,0,,0,0.0,,,,ARC-AGI-2,f3283f727488ad98fe575ea6a5ac981e4a188e49,training,114
22233c11,no_deterministic_local_rule,3,1,29,0,29,0.015371232060715556,,,,0,0.0,0.0,0.0,,,abstained,,0,0,,,,,,1,0,0.0,0.0,0,0.0,0.0,,0,,0,0.0,,,,ARC-AGI-2,f3283f727488ad98fe575ea6a5ac981e4a188e49,training,115
22425bda,unsupported_shape_change,4,1,29,0,0,1.4690449461340904e-06,,,,0,0.0,0.0,0.0,,,abstained,,0,0,,,,,,1,0,0.0,0.0,0,0.0,0.0,,0,,0,0.0,,,,ARC-AGI-2,f3283f727488ad98fe575ea6a5ac981e4a188e49,training,116
22806e14,no_deterministic_local_rule,3,1,29,0,29,0.03562679700553417,,,4,1,0.0,0.0,0.0,,,abstained,,0,0,,,,,,1,0,0.0,0.0,0,0.0,0.0,,0,,0,0.0,,,,ARC-AGI-2,f3283f727488ad98fe575ea6a5ac981e4a188e49,training,117
2281f1f4,no_deterministic_local_rule,3,1,29,0,29,0.015436214045621455,,,,0,0.0,0.0,0.0,,,abstained,,0,0,,,,,,1,0,0.0,0.0,0,0.0,0.0,,0,,0,0.0,,,,ARC-AGI-2,f3283f727488ad98fe575ea6a5ac981e4a188e49,training,118
228f6490,selected,3,1,29,1,28,0.020020246971398592,0.0,0.8133333333333334,,0,0.0,0.0,1.0,moore_r2,7455.0,predicted_incorrect,moore_r2,25,56,5998.0,8.0,6006.0,0.0,0.0,1,0,0.0,0.0,0,0.0,0.0,,1,0.86,100,1.0,1.0,0.0,0.0,ARC-AGI-2,f3283f727488ad98fe575ea6a5ac981e4a188e49,training,119
22a4bbc2,no_deterministic_local_rule,4,1,29,0,29,0.016018731985241175,,,,0,0.0,0.0,0.0,,,abstained,,0,0,,,,,,1,0,0.0,0.0,0,0.0,0.0,,0,,0,0.0,,,,ARC-AGI-2,f3283f727488ad98fe575ea6a5ac981e4a188e49,training,120
22eb0ac0,no_deterministic_local_rule,3,1,29,0,29,0.01554927695542574,,,,0,0.0,0.0,0.0,,,abstained,,0,0,,,,,,1,0,0.0,0.0,0,0.0,0.0,,0,,0,0.0,,,,ARC-AGI-2,f3283f727488ad98fe575ea6a5ac981e4a188e49,training,121
230f2e48,no_deterministic_local_rule,3,1,29,0,29,0.01585464901290834,,,,0,0.0,0.0,0.0,,,abstained,,0,0,,,,,,1,0,0.0,0.0,0,0.0,0.0,,0,,0,0.0,,,,ARC-AGI-2,f3283f727488ad98fe575ea6a5ac981e4a188e49,training,122
234bbc79,unsupported_shape_change,4,1,29,0,0,1.8170103430747986e-06,,,,0,0.0,0.0,0.0,,,abstained,,0,0,,,,,,1,0,0.0,0.0,0,0.0,0.0,,0,,0,0.0,,,,ARC-AGI-2,f3283f727488ad98fe575ea6a5ac981e4a188e49,training,123
23581191,no_deterministic_local_rule,2,1,29,0,29,0.008744564955122769,,,,0,0.0,0.0,0.0,,,abstained,,0,0,,,,,,1,0,0.0,0.0,0,0.0,0.0,,0,,0,0.0,,,,ARC-AGI-2,f3283f727488ad98fe575ea6a5ac981e4a188e49,training,124
239be575,unsupported_shape_change,6,2,29,0,0,1.5629921108484268e-06,,,,0,0.0,0.0,0.0,,,abstained,,0,0,,,,,,2,0,0.0,0.0,0,0.0,0.0,,0,,0,0.0,,,,ARC-AGI-2,f3283f727488ad98fe575ea6a5ac981e4a188e49,training,125
23b5c85d,unsupported_shape_change,5,1,29,0,0,1.6189878806471825e-06,,,,0,0.0,0.0,0.0,,,abstained,,0,0,,,,,,1,0,0.0,0.0,0,0.0,0.0,,0,,0,0.0,,,,ARC-AGI-2,f3283f727488ad98fe575ea6a5ac981e4a188e49,training,126
25094a63,selected,2,1,29,3,26,0.1237617819570005,0.0,0.8916666666666667,,0,0.0,0.0,1.0,von_neumann_r2,14946.0,predicted_incorrect,moore_r1,9,127,5161.0,8.0,5169.0,0.08555555555555555,0.08555555555555555,1,0,0.0,0.0,0,0.0,0.0,von_neumann_r2,1,0.9333333333333333,900,1.0,1.0,0.0,0.0,ARC-AGI-2,f3283f727488ad98fe575ea6a5ac981e4a188e49,training,127
252143c9,selected,2,1,29,3,26,0.014098129933699965,0.0,0.6705882352941176,6;8,2,0.0,0.0,1.0,moore_r1,4238.0,predicted_incorrect,moore_r1,9,57,2357.0,8.0,2365.0,0.05917159763313609,0.05917159763313609,1,0,0.0,0.0,0,0.0,0.0,von_neumann_r2,1,0.7159763313609467,169,1.0,1.0,0.0,0.0,ARC-AGI-2,f3283f727488ad98fe575ea6a5ac981e4a188e49,training,128
253bf280,no_deterministic_local_rule,8,1,29,0,29,0.03267405298538506,,,,0,0.0,0.0,0.0,,,abstained,,0,0,,,,,,1,0,0.0,0.0,0,0.0,0.0,,0,,0,0.0,,,,ARC-AGI-2,f3283f727488ad98fe575ea6a5ac981e4a188e49,training,129
2546ccf6,no_deterministic_local_rule,2,1,29,0,29,0.030970600084401667,,,8,1,0.0,0.0,0.0,,,abstained,,0,0,,,,,,1,0,0.0,0.0,0,0.0,0.0,,0,,0,0.0,,,,ARC-AGI-2,f3283f727488ad98fe575ea6a5ac981e4a188e49,training,130
256b0a75,no_deterministic_local_rule,3,1,29,0,29,0.07023778604343534,,,,0,0.0,0.0,0.0,,,abstained,,0,0,,,,,,1,0,0.0,0.0,0,0.0,0.0,,0,,0,0.0,,,,ARC-AGI-2,f3283f727488ad98fe575ea6a5ac981e4a188e49,training,131
25c199f5,unsupported_shape_change,5,2,29,0,0,1.985928975045681e-06,,,,0,0.0,0.0,0.0,,,abstained,,0,0,,,,,,2,0,0.0,0.0,0,0.0,0.0,,0,,0,0.0,,,,ARC-AGI-2,f3283f727488ad98fe575ea6a5ac981e4a188e49,training,132
25d487eb,no_deterministic_local_rule,3,1,29,0,29,0.023159874021075666,,,4,1,0.0,0.0,0.0,,,abstained,,0,0,,,,,,1,0,0.0,0.0,0,0.0,0.0,,0,,0,0.0,,,,ARC-AGI-2,f3283f727488ad98fe575ea6a5ac981e4a188e49,training,133
25d8a9c8,selected,4,1,29,6,23,0.01240349910221994,0.0,0.3611111111111111,8,1,0.0,0.0,1.0,center_wire_+0_-1,306.0,predicted_incorrect,center_wire_+0_-1,2,21,282.0,8.0,290.0,0.6666666666666666,0.6666666666666666,1,0,0.0,0.0,0,0.0,0.0,center_wire_+1_+0,1,0.6666666666666666,9,1.0,1.0,0.0,0.0,ARC-AGI-2,f3283f727488ad98fe575ea6a5ac981e4a188e49,training,134
25e02866,unsupported_shape_change,2,1,29,0,0,2.0759180188179016e-06,,,5,1,0.0,0.0,0.0,,,abstained,,0,0,,,,,,1,0,0.0,0.0,0,0.0,0.0,,0,,0,0.0,,,,ARC-AGI-2,f3283f727488ad98fe575ea6a5ac981e4a188e49,training,135
25ff71a9,selected,4,2,29,5,24,0.011091181077063084,0.75,0.8888888888888888,,0,0.0,0.0,1.0,center_wire_-1_+0,86.0,solved,center_wire_-1_+0,2,5,86.0,8.0,94.0,1.0,1.0,2,2,1.0,1.0,2,1.0,1.0,von_neumann_r1,2,1.0,18,1.0,1.0,0.0,0.0,ARC-AGI-2,f3283f727488ad98fe575ea6a5ac981e4a188e49,training,136
2601afb7,selected,3,1,29,2,27,0.020301343989558518,0.0,0.7211155378486056,0,1,0.0,0.0,1.0,moore_r2,10263.0,predicted_incorrect,von_neumann_r2,13,62,3573.0,8.0,3581.0,0.3140495867768595,0.3140495867768595,1,0,0.0,0.0,0,0.0,0.0,,1,0.7272727272727273,121,1.0,1.0,0.0,0.0,ARC-AGI-2,f3283f727488ad98fe575ea6a5ac981e4a188e49,training,137
264363fd,no_deterministic_local_rule,3,1,29,0,29,0.15598081203643233,,,,0,0.0,0.0,0.0,,,abstained,,0,0,,,,,,1,0,0.0,0.0,0,0.0,0.0,,0,,0,0.0,,,,ARC-AGI-2,f3283f727488ad98fe575ea6a5ac981e4a188e49,training,138
2685904e,no_deterministic_local_rule,6,1,29,0,29,0.030980140902101994,,,,0,0.0,0.0,0.0,,,abstained,,0,0,,,,,,1,0,0.0,0.0,0,0.0,0.0,,0,,0,0.0,,,,ARC-AGI-2,f3283f727488ad98fe575ea6a5ac981e4a188e49,training,139
2697da3f,unsupported_shape_change,4,1,29,0,0,1.459033228456974e-06,,,,0,0.0,0.0,0.0,,,abstained,,0,0,,,,,,1,0,0.0,0.0,0,0.0,0.0,,0,,0,0.0,,,,ARC-AGI-2,f3283f727488ad98fe575ea6a5ac981e4a188e49,training,140
272f95fa,no_deterministic_local_rule,2,1,29,0,29,0.02373155008535832,,,,0,0.0,0.0,0.0,,,abstained,,0,0,,,,,,1,0,0.0,0.0,0,0.0,0.0,,0,,0,0.0,,,,ARC-AGI-2,f3283f727488ad98fe575ea6a5ac981e4a188e49,training,141
2753e76c,unsupported_shape_change,3,1,29,0,0,1.4040851965546608e-06,,,,0,0.0,0.0,0.0,,,abstained,,0,0,,,,,,1,0,0.0,0.0,0,0.0,0.0,,0,,0,0.0,,,,ARC-AGI-2,f3283f727488ad98fe575ea6a5ac981e4a188e49,training,142
278e5215,unsupported_shape_change,3,1,29,0,0,9.110663086175919e-07,,,9,1,0.0,0.0,0.0,,,abstained,,0,0,,,,,,1,0,0.0,0.0,0,0.0,0.0,,0,,0,0.0,,,,ARC-AGI-2,f3283f727488ad98fe575ea6a5ac981e4a188e49,training,143
27a28665,unsupported_shape_change,7,3,29,0,0,6.399350240826607e-07,,,7,1,0.0,0.0,0.0,,,abstained,,0,0,,,,,,3,0,0.0,0.0,0,0.0,0.0,,0,,0,0.0,,,,ARC-AGI-2,f3283f727488ad98fe575ea6a5ac981e4a188e49,training,144
27a77e38,no_deterministic_local_rule,3,1,29,0,29,0.006338150007650256,,,,0,0.0,0.0,0.0,,,abstained,,0,0,,,,,,1,0,0.0,0.0,0,0.0,0.0,,0,,0,0.0,,,,ARC-AGI-2,f3283f727488ad98fe575ea6a5ac981e4a188e49,training,145
27f8ce4f,unsupported_shape_change,4,1,29,0,0,1.1639203876256943e-06,,,,0,0.0,0.0,0.0,,,abstained,,0,0,,,,,,1,0,0.0,0.0,0,0.0,0.0,,0,,0,0.0,,,,ARC-AGI-2,f3283f727488ad98fe575ea6a5ac981e4a188e49,training,146
281123b4,unsupported_shape_change,6,1,29,0,0,6.949994713068008e-07,,,,0,0.0,0.0,0.0,,,abstained,,0,0,,,,,,1,0,0.0,0.0,0,0.0,0.0,,0,,0,0.0,,,,ARC-AGI-2,f3283f727488ad98fe575ea6a5ac981e4a188e49,training,147
28bf18c6,unsupported_shape_change,3,1,29,0,0,8.200295269489288e-07,,,3,1,0.0,0.0,0.0,,,abstained,,0,0,,,,,,1,0,0.0,0.0,0,0.0,0.0,,0,,0,0.0,,,,ARC-AGI-2,f3283f727488ad98fe575ea6a5ac981e4a188e49,training,148
28e73c20,no_deterministic_local_rule,5,1,29,0,29,0.0297779799439013,,,,0,0.0,0.0,0.0,,,abstained,,0,0,,,,,,1,0,0.0,0.0,0,0.0,0.0,,0,,0,0.0,,,,ARC-AGI-2,f3283f727488ad98fe575ea6a5ac981e4a188e49,training,149
292dd178,no_deterministic_local_rule,3,1,29,0,29,0.01438513898756355,,,4,1,0.0,0.0,0.0,,,abstained,,0,0,,,,,,1,0,0.0,0.0,0,0.0,0.0,,0,,0,0.0,,,,ARC-AGI-2,f3283f727488ad98fe575ea6a5ac981e4a188e49,training,150
29623171,selected,3,1,29,1,28,0.023340334999375045,0.0,0.8677685950413223,4,1,0.0,0.0,1.0,moore_r2,7455.0,predicted_incorrect,moore_r2,25,48,5166.0,8.0,5174.0,0.0,0.0,1,0,0.0,0.0,0,0.0,0.0,,1,0.8181818181818182,121,1.0,1.0,0.0,0.0,ARC-AGI-2,f3283f727488ad98fe575ea6a5ac981e4a188e49,training,151
29700607,no_deterministic_local_rule,3,1,29,0,29,0.023851751000620425,,,,0,0.0,0.0,0.0,,,abstained,,0,0,,,,,,1,0,0.0,0.0,0,0.0,0.0,,0,,0,0.0,,,,ARC-AGI-2,f3283f727488ad98fe575ea6a5ac981e4a188e49,training,152
29c11459,no_deterministic_local_rule,2,1,29,0,29,0.006582672940567136,,,4;6;8;9,4,0.0,0.0,0.0,,,abstained,,0,0,,,,,,1,0,0.0,0.0,0,0.0,0.0,,0,,0,0.0,,,,ARC-AGI-2,f3283f727488ad98fe575ea6a5ac981e4a188e49,training,153
2a28add5,selected,2,1,29,4,25,0.017347298096865416,0.0,0.615,,0,0.0,0.0,1.0,moore_r1,5561.0,predicted_incorrect,von_neumann_r1,5,76,1875.0,8.0,1883.0,0.07,0.07,1,0,0.0,0.0,0,0.0,0.0,,1,0.42,100,1.0,1.0,0.0,0.0,ARC-AGI-2,f3283f727488ad98fe575ea6a5ac981e4a188e49,training,154
2a5f8217,selected,3,1,29,2,27,0.019239217042922974,0.0,0.8697478991596639,2;4,2,0.0,0.0,1.0,moore_r2,5582.0,predicted_incorrect,von_neumann_r2,13,31,1837.0,8.0,1845.0,0.1301775147928994,0.1301775147928994,1,0,0.0,0.0,0,0.0,0.0,moore_r2,1,0.8757396449704142,169,1.0,1.0,0.0,0.0,ARC-AGI-2,f3283f727488ad98fe575ea6a5ac981e4a188e49,training,155
2b01abd0,no_deterministic_local_rule,3,1,29,0,29,0.01971320400480181,,,,0,0.0,0.0,0.0,,,abstained,,0,0,,,,,,1,0,0.0,0.0,0,0.0,0.0,,0,,0,0.0,,,,ARC-AGI-2,f3283f727488ad98fe575ea6a5ac981e4a188e49,training,156
2b9ef948,no_deterministic_local_rule,3,2,29,0,29,0.09482068300712854,,,1;6,2,0.0,0.0,0.0,,,abstained,,0,0,,,,,,2,0,0.0,0.0,0,0.0,0.0,,0,,0,0.0,,,,ARC-AGI-2,f3283f727488ad98fe575ea6a5ac981e4a188e49,training,157
2bcee788,selected,4,1,29,1,28,0.02842369698919356,0.0,0.575,1,1,0.0,0.0,1.0,moore_r2,24722.0,predicted_incorrect,moore_r2,25,195,20458.0,8.0,20466.0,0.54,0.54,1,0,0.0,0.0,0,0.0,0.0,,1,0.58,100,1.0,1.0,0.0,0.0,ARC-AGI-2,f3283f727488ad98fe575ea6a5ac981e4a188e49,training,158
2bee17df,no_deterministic_local_rule,3,1,29,0,29,0.019509683013893664,,,,0,0.0,0.0,0.0,,,abstained,,0,0,,,,,,1,0,0.0,0.0,0,0.0,0.0,,0,,0,0.0,,,,ARC-AGI-2,f3283f727488ad98fe575ea6a5ac981e4a188e49,training,159
2c0b0aff,unsupported_shape_change,4,1,29,0,0,1.7409911379218102e-06,,,,0,0.0,0.0,0.0,,,abstained,,0,0,,,,,,1,0,0.0,0.0,0,0.0,0.0,,0,,0,0.0,,,,ARC-AGI-2,f3283f727488ad98fe575ea6a5ac981e4a188e49,training,160
2c608aff,no_deterministic_local_rule,4,1,29,0,29,0.03142197895795107,,,,0,0.0,0.0,0.0,,,abstained,,0,0,,,,,,1,0,0.0,0.0,0,0.0,0.0,,0,,0,0.0,,,,ARC-AGI-2,f3283f727488ad98fe575ea6a5ac981e4a188e49,training,161
2c737e39,no_deterministic_local_rule,3,1,29,0,29,0.017815620987676084,,,8,1,0.0,0.0,0.0,,,abstained,,0,0,,,,,,1,0,0.0,0.0,0,0.0,0.0,,0,,0,0.0,,,,ARC-AGI-2,f3283f727488ad98fe575ea6a5ac981e4a188e49,training,162
2ccd9fef,unsupported_shape_change,2,2,29,0,0,1.5080440789461136e-06,,,6,1,0.0,0.0,0.0,,,abstained,,0,0,,,,,,2,0,0.0,0.0,0,0.0,0.0,,0,,0,0.0,,,,ARC-AGI-2,f3283f727488ad98fe575ea6a5ac981e4a188e49,training,163
2dc579da,unsupported_shape_change,3,1,29,0,0,8.919741958379745e-07,,,0,1,0.0,0.0,0.0,,,abstained,,0,0,,,,,,1,0,0.0,0.0,0,0.0,0.0,,0,,0,0.0,,,,ARC-AGI-2,f3283f727488ad98fe575ea6a5ac981e4a188e49,training,164
2dd70a9a,no_deterministic_local_rule,3,1,29,0,29,0.03383342095185071,,,,0,0.0,0.0,0.0,,,abstained,,0,0,,,,,,1,0,0.0,0.0,0,0.0,0.0,,0,,0,0.0,,,,ARC-AGI-2,f3283f727488ad98fe575ea6a5ac981e4a188e49,training,165
2de01db2,selected,3,1,29,4,25,0.012581660994328558,0.0,0.044444444444444446,3,1,0.0,0.0,1.0,von_neumann_r1,2283.0,predicted_incorrect,von_neumann_r1,5,65,1611.0,8.0,1619.0,0.0,0.0,1,0,0.0,0.0,0,0.0,0.0,,1,0.0,30,1.0,1.0,0.0,0.0,ARC-AGI-2,f3283f727488ad98fe575ea6a5ac981e4a188e49,training,166
2dee498d,unsupported_shape_change,3,1,29,0,0,1.4649704098701477e-06,,,,0,0.0,0.0,0.0,,,abstained,,0,0,,,,,,1,0,0.0,0.0,0,0.0,0.0,,0,,0,0.0,,,,ARC-AGI-2,f3283f727488ad98fe575ea6a5ac981e4a188e49,training,167
2e65ae53,no_deterministic_local_rule,2,1,29,0,29,0.04432211897801608,,,2;8,2,0.0,0.0,0.0,,,abstained,,0,0,,,,,,1,0,0.0,0.0,0,0.0,0.0,,0,,0,0.0,,,,ARC-AGI-2,f3283f727488ad98fe575ea6a5ac981e4a188e49,training,168
2f0c5170,unsupported_shape_change,3,1,29,0,0,2.1560117602348328e-06,,,,0,0.0,0.0,0.0,,,abstained,,0,0,,,,,,1,0,0.0,0.0,0,0.0,0.0,,0,,0,0.0,,,,ARC-AGI-2,f3283f727488ad98fe575ea6a5ac981e4a188e49,training,169
2f767503,selected,3,1,29,2,27,0.029490203014574945,0.0,0.949748743718593,,0,0.0,0.0,1.0,moore_r2,2981.0,predicted_incorrect,von_neumann_r2,13,20,1220.0,8.0,1228.0,0.1919191919191919,0.1919191919191919,1,0,0.0,0.0,0,0.0,0.0,moore_r2,1,0.9191919191919192,99,1.0,1.0,0.0,0.0,ARC-AGI-2,f3283f727488ad98fe575ea6a5ac981e4a188e49,training,170
2faf500b,no_deterministic_local_rule,3,1,29,0,29,0.022656842949800193,,,,0,0.0,0.0,0.0,,,abstained,,0,0,,,,,,1,0,0.0,0.0,0,0.0,0.0,,0,,0,0.0,,,,ARC-AGI-2,f3283f727488ad98fe575ea6a5ac981e4a188e49,training,171
305b1341,no_deterministic_local_rule,3,1,29,0,29,0.05422691302374005,,,9,1,0.0,0.0,0.0,,,abstained,,0,0,,,,,,1,0,0.0,0.0,0,0.0,0.0,,0,,0,0.0,,,,ARC-AGI-2,f3283f727488ad98fe575ea6a5ac981e4a188e49,training,172
30f42897,no_deterministic_local_rule,3,1,29,0,29,0.010053599951788783,,,5,1,0.0,0.0,0.0,,,abstained,,0,0,,,,,,1,0,0.0,0.0,0,0.0,0.0,,0,,0,0.0,,,,ARC-AGI-2,f3283f727488ad98fe575ea6a5ac981e4a188e49,training,173
310f3251,unsupported_shape_change,5,1,29,0,0,2.6619527488946915e-06,,,4,1,0.0,0.0,0.0,,,abstained,,0,0,,,,,,1,0,0.0,0.0,0,0.0,0.0,,0,,0,0.0,,,,ARC-AGI-2,f3283f727488ad98fe575ea6a5ac981e4a188e49,training,174
3194b014,unsupported_shape_change,3,1,29,0,0,7.170019671320915e-07,,,,0,0.0,0.0,0.0,,,abstained,,0,0,,,,,,1,0,0.0,0.0,0,0.0,0.0,,0,,0,0.0,,,,ARC-AGI-2,f3283f727488ad98fe575ea6a5ac981e4a188e49,training,175
319f2597,selected,3,1,29,3,26,0.09409492800477892,0.0,0.8441666666666666,,0,0.0,0.0,1.0,moore_r1,10121.0,predicted_incorrect,moore_r1,9,187,7561.0,8.0,7569.0,0.0,0.0,1,0,0.0,0.0,0,0.0,0.0,,1,0.84,400,1.0,1.0,0.0,0.0,ARC-AGI-2,f3283f727488ad98fe575ea6a5ac981e4a188e49,training,176
31aa019c,selected,3,1,29,2,27,0.023529986036010087,0.0,0.7366666666666667,,0,0.0,0.0,1.0,von_neumann_r2,6598.0,predicted_incorrect,von_neumann_r2,13,79,4526.0,8.0,4534.0,0.0,0.0,1,0,0.0,0.0,0,0.0,0.0,,1,0.63,100,1.0,1.0,0.0,0.0,ARC-AGI-2,f3283f727488ad98fe575ea6a5ac981e4a188e49,training,177
31adaf00,selected,3,1,29,1,28,0.019915321958251297,0.0,0.76,,0,0.0,0.0,1.0,moore_r2,10263.0,predicted_incorrect,moore_r2,25,72,7663.0,8.0,7671.0,0.0,0.0,1,0,0.0,0.0,0,0.0,0.0,,1,0.75,100,1.0,1.0,0.0,0.0,ARC-AGI-2,f3283f727488ad98fe575ea6a5ac981e4a188e49,training,178
31d5ba1a,unsupported_shape_change,5,2,29,0,0,1.6510020941495895e-06,,,,0,0.0,0.0,0.0,,,abstained,,0,0,,,,,,2,0,0.0,0.0,0,0.0,0.0,,0,,0,0.0,,,,ARC-AGI-2,f3283f727488ad98fe575ea6a5ac981e4a188e49,training,179
320afe60,no_deterministic_local_rule,3,2,29,0,29,0.06196840398479253,,,,0,0.0,0.0,0.0,,,abstained,,0,0,,,,,,2,0,0.0,0.0,0,0.0,0.0,,0,,0,0.0,,,,ARC-AGI-2,f3283f727488ad98fe575ea6a5ac981e4a188e49,training,180
321b1fc6,selected,2,1,29,2,27,0.014308732002973557,0.0,0.84,3,1,0.0,0.0,1.0,von_neumann_r2,3125.0,predicted_incorrect,von_neumann_r2,13,31,1837.0,8.0,1845.0,0.21,0.21,1,0,0.0,0.0,0,0.0,0.0,,1,0.72,100,1.0,1.0,0.0,0.0,ARC-AGI-2,f3283f727488ad98fe575ea6a5ac981e4a188e49,training,181
32597951,selected,3,1,29,4,25,0.11656084202695638,0.0,0.9734717416378316,,0,0.0,0.0,1.0,von_neumann_r1,529.0,predicted_incorrect,von_neumann_r1,5,18,481.0,8.0,489.0,0.8961937716262975,0.8961937716262975,1,0,0.0,0.0,0,0.0,0.0,moore_r1,1,0.9896193771626297,289,1.0,1.0,0.0,0.0,ARC-AGI-2,f3283f727488ad98fe575ea6a5ac981e4a188e49,training,182
32e9702f,selected,3,1,29,5,24,0.016330062062479556,0.0,0.9180327868852459,6,1,0.0,0.0,1.0,center_wire_+0_+1,149.0,predicted_incorrect,center_wire_+0_+1,2,7,113.0,8.0,121.0,0.8,0.8,1,0,0.0,0.0,0,0.0,0.0,von_neumann_r1,1,0.92,100,1.0,1.0,0.0,0.0,ARC-AGI-2,f3283f727488ad98fe575ea6a5ac981e4a188e49,training,183
33067df9,unsupported_shape_change,4,1,29,0,0,1.4239922165870667e-06,,,1;7,2,0.0,0.0,0.0,,,abstained,,0,0,,,,,,1,0,0.0,0.0,0,0.0,0.0,,0,,0,0.0,,,,ARC-AGI-2,f3283f727488ad98fe575ea6a5ac981e4a188e49,training,184
332202d5,no_deterministic_local_rule,3,1,29,0,29,0.036463338998146355,,,,0,0.0,0.0,0.0,,,abstained,,0,0,,,,,,1,0,0.0,0.0,0,0.0,0.0,,0,,0,0.0,,,,ARC-AGI-2,f3283f727488ad98fe575ea6a5ac981e4a188e49,training,185
332efdb3,no_deterministic_local_rule,3,1,29,0,29,0.009207132970914245,,,,0,0.0,0.0,0.0,,,abstained,,0,0,,,,,,1,0,0.0,0.0,0,0.0,0.0,,0,,0,0.0,,,,ARC-AGI-2,f3283f727488ad98fe575ea6a5ac981e4a188e49,training,186
3345333e,selected,2,1,29,2,27,0.03243515791837126,0.0,0.9453125,5;8,2,0.0,0.0,1.0,von_neumann_r2,2789.0,predicted_incorrect,von_neumann_r2,13,28,1668.0,8.0,1676.0,0.52734375,0.52734375,1,0,0.0,0.0,0,0.0,0.0,,1,0.921875,256,1.0,1.0,0.0,0.0,ARC-AGI-2,f3283f727488ad98fe575ea6a5ac981e4a188e49,training,187
337b420f,unsupported_shape_change,4,2,29,0,0,3.87395266443491e-06,,,3,1,0.0,0.0,0.0,,,abstained,,0,0,,,,,,2,0,0.0,0.0,0,0.0,0.0,,0,,0,0.0,,,,ARC-AGI-2,f3283f727488ad98fe575ea6a5ac981e4a188e49,training,188
3391f8c0,selected,4,1,29,1,28,0.031489826971665025,0.0,0.789587852494577,5;6,2,0.0,0.0,1.0,moore_r2,12135.0,predicted_incorrect,moore_r2,25,88,9327.0,8.0,9335.0,0.23376623376623376,0.23376623376623376,1,0,0.0,0.0,0,0.0,0.0,,1,0.7662337662337663,154,1.0,1.0,0.0,0.0,ARC-AGI-2,f3283f727488ad98fe575ea6a5ac981e4a188e49,training,189
33b52de3,no_deterministic_local_rule,2,1,29,0,29,0.04919583909213543,,,,0,0.0,0.0,0.0,,,abstained,,0,0,,,,,,1,0,0.0,0.0,0,0.0,0.0,,0,,0,0.0,,,,ARC-AGI-2,f3283f727488ad98fe575ea6a5ac981e4a188e49,training,190
3428a4f5,unsupported_shape_change,4,2,29,0,0,1.5950063243508339e-06,,,,0,0.0,0.0,0.0,,,abstained,,0,0,,,,,,2,0,0.0,0.0,0,0.0,0.0,,0,,0,0.0,,,,ARC-AGI-2,f3283f727488ad98fe575ea6a5ac981e4a188e49,training,191
342ae2ed,no_deterministic_local_rule,3,1,29,0,29,0.03594557195901871,,,6,1,0.0,0.0,0.0,,,abstained,,0,0,,,,,,1,0,0.0,0.0,0,0.0,0.0,,0,,0,0.0,,,,ARC-AGI-2,f3283f727488ad98fe575ea6a5ac981e4a188e49,training,192
342dd610,selected,4,1,29,2,27,0.032903908053413033,0.0,0.965,,0,0.0,0.0,1.0,von_neumann_r2,1388.0,predicted_incorrect,von_neumann_r2,13,14,883.0,8.0,891.0,0.765625,0.765625,1,0,0.0,0.0,0,0.0,0.0,moore_r2,1,0.96484375,256,1.0,1.0,0.0,0.0,ARC-AGI-2,f3283f727488ad98fe575ea6a5ac981e4a188e49,training,193
3490cc26,no_deterministic_local_rule,4,1,29,0,29,0.09713925805408508,,,,0,0.0,0.0,0.0,,,abstained,,0,0,,,,,,1,0,0.0,0.0,0,0.0,0.0,,0,,0,0.0,,,,ARC-AGI-2,f3283f727488ad98fe575ea6a5ac981e4a188e49,training,194
34b99a2b,unsupported_shape_change,4,1,29,0,0,1.5759142115712166e-06,,,,0,0.0,0.0,0.0,,,abstained,,0,0,,,,,,1,0,0.0,0.0,0,0.0,0.0,,0,,0,0.0,,,,ARC-AGI-2,f3283f727488ad98fe575ea6a5ac981e4a188e49,training,195
34cfa167,no_deterministic_local_rule,2,2,29,0,29,0.04705234104767442,,,6,1,0.0,0.0,0.0,,,abstained,,0,0,,,,,,2,0,0.0,0.0,0,0.0,0.0,,0,,0,0.0,,,,ARC-AGI-2,f3283f727488ad98fe575ea6a5ac981e4a188e49,training,196
351d6448,unsupported_shape_change,2,1,29,0,0,1.8540304154157639e-06,,,,0,0.0,0.0,0.0,,,abstained,,0,0,,,,,,1,0,0.0,0.0,0,0.0,0.0,,0,,0,0.0,,,,ARC-AGI-2,f3283f727488ad98fe575ea6a5ac981e4a188e49,training,197
358ba94e,unsupported_shape_change,4,1,29,0,0,9.430805221199989e-07,,,1,1,0.0,0.0,0.0,,,abstained,,0,0,,,,,,1,0,0.0,0.0,0,0.0,0.0,,0,,0,0.0,,,,ARC-AGI-2,f3283f727488ad98fe575ea6a5ac981e4a188e49,training,198
3618c87e,selected,3,1,29,6,23,0.01253330404870212,1.0,1.0,,0,0.0,0.0,1.0,center_wire_-1_+0,49.0,solved,center_wire_-1_+0,2,2,49.0,8.0,57.0,1.0,1.0,1,1,1.0,1.0,1,1.0,1.0,von_neumann_r2,1,1.0,25,1.0,1.0,0.0,0.0,ARC-AGI-2,f3283f727488ad98fe575ea6a5ac981e4a188e49,training,199
363442ee,no_deterministic_local_rule,3,1,29,0,29,0.018127402989193797,,,,0,0.0,0.0,0.0,,,abstained,,0,0,,,,,,1,0,0.0,0.0,0,0.0,0.0,,0,,0,0.0,,,,ARC-AGI-2,f3283f727488ad98fe575ea6a5ac981e4a188e49,training,200
36d67576,selected,3,1,29,1,28,0.0312678930349648,0.0,0.9526627218934911,,0,0.0,0.0,1.0,moore_r2,3814.0,predicted_incorrect,moore_r2,25,23,2565.0,8.0,2573.0,0.1380952380952381,0.1380952380952381,1,0,0.0,0.0,0,0.0,0.0,,1,0.9428571428571428,210,1.0,1.0,0.0,0.0,ARC-AGI-2,f3283f727488ad98fe575ea6a5ac981e4a188e49,training,201
36fdfd69,selected,3,1,29,3,26,0.0599084630375728,0.0,0.9470899470899471,9,1,0.0,0.0,1.0,moore_r1,2197.0,predicted_incorrect,moore_r1,9,39,1637.0,8.0,1645.0,0.0032679738562091504,0.0032679738562091504,1,0,0.0,0.0,0,0.0,0.0,,1,0.954248366013072,306,1.0,1.0,0.0,0.0,ARC-AGI-2,f3283f727488ad98fe575ea6a5ac981e4a188e49,training,202
37ce87bb,selected,3,1,29,1,28,0.01287992496509105,0.3333333333333333,0.9883720930232558,,0,0.0,0.0,0.0,,,predicted_incorrect,moore_r2,25,6,793.0,8.0,801.0,0.3333333333333333,0.3333333333333333,1,0,0.0,0.0,0,0.0,0.0,,1,0.9925925925925926,135,1.0,1.0,0.0,0.0,ARC-AGI-2,f3283f727488ad98fe575ea6a5ac981e4a188e49,training,203
37d3e8b2,no_deterministic_local_rule,3,1,29,0,29,0.04112251405604184,,,,0,0.0,0.0,0.0,,,abstained,,0,0,,,,,,1,0,0.0,0.0,0,0.0,0.0,,0,,0,0.0,,,,ARC-AGI-2,f3283f727488ad98fe575ea6a5ac981e4a188e49,training,204
3906de3d,selected,3,1,29,1,28,0.019857584964483976,0.0,0.8733333333333333,,0,0.0,0.0,1.0,moore_r2,6622.0,predicted_incorrect,moore_r2,25,38,4126.0,8.0,4134.0,0.02,0.02,1,0,0.0,0.0,0,0.0,0.0,,1,0.76,100,1.0,1.0,0.0,0.0,ARC-AGI-2,f3283f727488ad98fe575ea6a5ac981e4a188e49,training,205
396d80d7,selected,2,1,29,3,26,0.03563718101941049,0.0,0.947265625,9,1,0.0,0.0,1.0,moore_r1,676.0,predicted_incorrect,moore_r1,9,11,515.0,8.0,523.0,0.859375,0.859375,1,0,0.0,0.0,0,0.0,0.0,,1,0.953125,256,1.0,1.0,0.0,0.0,ARC-AGI-2,f3283f727488ad98fe575ea6a5ac981e4a188e49,training,206
3979b1a8,unsupported_shape_change,2,1,29,0,0,1.535983756184578e-06,,,1,1,0.0,0.0,0.0,,,abstained,,0,0,,,,,,1,0,0.0,0.0,0,0.0,0.0,,0,,0,0.0,,,,ARC-AGI-2,f3283f727488ad98fe575ea6a5ac981e4a188e49,training,207
39a8645d,unsupported_shape_change,3,1,29,0,0,9.860377758741379e-07,,,3,1,0.0,0.0,0.0,,,abstained,,0,0,,,,,,1,0,0.0,0.0,0,0.0,0.0,,0,,0,0.0,,,,ARC-AGI-2,f3283f727488ad98fe575ea6a5ac981e4a188e49,training,208
39e1d7f9,no_deterministic_local_rule,3,1,29,0,29,0.09395575697999448,,,,0,0.0,0.0,0.0,,,abstained,,0,0,,,,,,1,0,0.0,0.0,0,0.0,0.0,,0,,0,0.0,,,,ARC-AGI-2,f3283f727488ad98fe575ea6a5ac981e4a188e49,training,209
3a301edc,no_deterministic_local_rule,5,1,29,0,29,0.049362837919034064,,,8,1,0.0,0.0,0.0,,,abstained,,0,0,,,,,,1,0,0.0,0.0,0,0.0,0.0,,0,,0,0.0,,,,ARC-AGI-2,f3283f727488ad98fe575ea6a5ac981e4a188e49,training,210
3aa6fb7a,selected,2,1,29,4,25,0.009789205039851367,0.5,0.9897959183673469,,0,0.0,0.0,1.0,von_neumann_r1,165.0,predicted_incorrect,von_neumann_r1,5,3,117.0,8.0,125.0,0.7959183673469388,0.7959183673469388,1,0,0.0,0.0,0,0.0,0.0,von_neumann_r2,1,0.9591836734693877,49,1.0,1.0,0.0,0.0,ARC-AGI-2,f3283f727488ad98fe575ea6a5ac981e4a188e49,training,211
3ac3eb23,no_deterministic_local_rule,2,1,29,0,29,0.006225916091352701,,,3;6;7,3,0.0,0.0,0.0,,,abstained,,0,0,,,,,,1,0,0.0,0.0,0,0.0,0.0,,0,,0,0.0,,,,ARC-AGI-2,f3283f727488ad98fe575ea6a5ac981e4a188e49,training,212
3ad05f52,no_deterministic_local_rule,3,1,29,0,29,0.08849896001629531,,,2,1,0.0,0.0,0.0,,,abstained,,0,0,,,,,,1,0,0.0,0.0,0,0.0,0.0,,0,,0,0.0,,,,ARC-AGI-2,f3283f727488ad98fe575ea6a5ac981e4a188e49,training,213
3af2c5a8,unsupported_shape_change,3,1,29,0,0,1.5330733731389046e-06,,,4,1,0.0,0.0,0.0,,,abstained,,0,0,,,,,,1,0,0.0,0.0,0,0.0,0.0,,0,,0,0.0,,,,ARC-AGI-2,f3283f727488ad98fe575ea6a5ac981e4a188e49,training,214
3b4c2228,unsupported_shape_change,5,2,29,0,0,7.570488378405571e-07,,,,0,0.0,0.0,0.0,,,abstained,,0,0,,,,,,2,0,0.0,0.0,0,0.0,0.0,,0,,0,0.0,,,,ARC-AGI-2,f3283f727488ad98fe575ea6a5ac981e4a188e49,training,215
3bd292e8,no_deterministic_local_rule,3,1,29,0,29,0.009615713031962514,,,,0,0.0,0.0,0.0,,,abstained,,0,0,,,,,,1,0,0.0,0.0,0,0.0,0.0,,0,,0,0.0,,,,ARC-AGI-2,f3283f727488ad98fe575ea6a5ac981e4a188e49,training,216
3bd67248,no_deterministic_local_rule,3,1,29,0,29,0.014776551048271358,,,3,1,0.0,0.0,0.0,,,abstained,,0,0,,,,,,1,0,0.0,0.0,0,0.0,0.0,,0,,0,0.0,,,,ARC-AGI-2,f3283f727488ad98fe575ea6a5ac981e4a188e49,training,217
3bdb4ada,no_deterministic_local_rule,2,1,29,0,29,0.019100707955658436,,,5,1,0.0,0.0,0.0,,,abstained,,0,0,,,,,,1,0,0.0,0.0,0,0.0,0.0,,0,,0,0.0,,,,ARC-AGI-2,f3283f727488ad98fe575ea6a5ac981e4a188e49,training,218
3befdf3e,selected,3,1,29,2,27,0.02343053393997252,0.0,0.61,8,1,0.0,0.0,1.0,von_neumann_r2,7777.0,predicted_incorrect,von_neumann_r2,13,85,4862.0,8.0,4870.0,0.4236111111111111,0.4236111111111111,1,0,0.0,0.0,0,0.0,0.0,,1,0.5208333333333334,144,1.0,1.0,0.0,0.0,ARC-AGI-2,f3283f727488ad98fe575ea6a5ac981e4a188e49,training,219
3c9b0459,selected,4,1,29,4,25,0.010320756933651865,0.0,0.3333333333333333,6;7,2,0.0,0.0,1.0,von_neumann_r1,769.0,predicted_incorrect,von_neumann_r1,5,24,625.0,8.0,633.0,0.0,0.0,1,0,0.0,0.0,0,0.0,0.0,,1,0.3333333333333333,9,1.0,1.0,0.0,0.0,ARC-AGI-2,f3283f727488ad98fe575ea6a5ac981e4a188e49,training,220
3cd86f4f,unsupported_shape_change,3,3,29,0,0,1.6229460015892982e-06,,,2,1,0.0,0.0,0.0,,,abstained,,0,0,,,,,,3,0,0.0,0.0,0,0.0,0.0,,0,,0,0.0,,,,ARC-AGI-2,f3283f727488ad98fe575ea6a5ac981e4a188e49,training,221
3d31c5b3,unsupported_shape_change,6,1,29,0,0,2.4740584194660187e-06,,,,0,0.0,0.0,0.0,,,abstained,,0,0,,,,,,1,0,0.0,0.0,0,0.0,0.0,,0,,0,0.0,,,,ARC-AGI-2,f3283f727488ad98fe575ea6a5ac981e4a188e49,training,222
3d588dc9,no_deterministic_local_rule,2,1,29,0,29,0.02394328499212861,,,2,1,0.0,0.0,0.0,,,abstained,,0,0,,,,,,1,0,0.0,0.0,0,0.0,0.0,,0,,0,0.0,,,,ARC-AGI-2,f3283f727488ad98fe575ea6a5ac981e4a188e49,training,223
3d6c6e23,no_deterministic_local_rule,3,1,29,0,29,0.027205719030462205,,,1;2,2,0.0,0.0,0.0,,,abstained,,0,0,,,,,,1,0,0.0,0.0,0,0.0,0.0,,0,,0,0.0,,,,ARC-AGI-2,f3283f727488ad98fe575ea6a5ac981e4a188e49,training,224
3de23699,unsupported_shape_change,4,1,29,0,0,3.8710422813892365e-06,,,,0,0.0,0.0,0.0,,,abstained,,0,0,,,,,,1,0,0.0,0.0,0,0.0,0.0,,0,,0,0.0,,,,ARC-AGI-2,f3283f727488ad98fe575ea6a5ac981e4a188e49,training,225
3e980e27,no_deterministic_local_rule,4,1,29,0,29,0.03253659198526293,,,,0,0.0,0.0,0.0,,,abstained,,0,0,,,,,,1,0,0.0,0.0,0,0.0,0.0,,0,,0,0.0,,,,ARC-AGI-2,f3283f727488ad98fe575ea6a5ac981e4a188e49,training,226
3eda0437,selected,4,1,29,1,28,0.021526204072870314,0.0,0.8862068965517241,,0,0.0,0.0,1.0,moore_r2,4542.0,predicted_incorrect,moore_r2,25,33,3606.0,8.0,3614.0,0.0,0.0,1,0,0.0,0.0,0,0.0,0.0,,1,0.90625,96,1.0,1.0,0.0,0.0,ARC-AGI-2,f3283f727488ad98fe575ea6a5ac981e4a188e49,training,227
3ee1011a,unsupported_shape_change,3,1,29,0,0,2.5850022211670876e-06,,,,0,0.0,0.0,0.0,,,abstained,,0,0,,,,,,1,0,0.0,0.0,0,0.0,0.0,,0,,0,0.0,,,,ARC-AGI-2,f3283f727488ad98fe575ea6a5ac981e4a188e49,training,228
3f23242b,no_deterministic_local_rule,2,1,29,0,29,0.017106765997596085,,,,0,0.0,0.0,0.0,,,abstained,,0,0,,,,,,1,0,0.0,0.0,0,0.0,0.0,,0,,0,0.0,,,,ARC-AGI-2,f3283f727488ad98fe575ea6a5ac981e4a188e49,training,229
3f7978a0,unsupported_shape_change,3,1,29,0,0,1.251930370926857e-06,,,,0,0.0,0.0,0.0,,,abstained,,0,0,,,,,,1,0,0.0,0.0,0,0.0,0.0,,0,,0,0.0,,,,ARC-AGI-2,f3283f727488ad98fe575ea6a5ac981e4a188e49,training,230
4093f84a,no_deterministic_local_rule,3,1,29,0,29,0.027975086006335914,,,4,1,0.0,0.0,0.0,,,abstained,,0,0,,,,,,1,0,0.0,0.0,0,0.0,0.0,,0,,0,0.0,,,,ARC-AGI-2,f3283f727488ad98fe575ea6a5ac981e4a188e49,training,231
40f6cd08,no_deterministic_local_rule,3,1,29,0,29,0.11803646106272936,,,,0,0.0,0.0,0.0,,,abstained,,0,0,,,,,,1,0,0.0,0.0,0,0.0,0.0,,0,,0,0.0,,,,ARC-AGI-2,f3283f727488ad98fe575ea6a5ac981e4a188e49,training,232
412b6263,unsupported_shape_change,3,1,29,0,0,1.9849976524710655e-06,,,,0,0.0,0.0,0.0,,,abstained,,0,0,,,,,,1,0,0.0,0.0,0,0.0,0.0,,0,,0,0.0,,,,ARC-AGI-2,f3283f727488ad98fe575ea6a5ac981e4a188e49,training,233
414297c0,unsupported_shape_change,3,1,29,0,0,9.67993400990963e-07,,,6,1,0.0,0.0,0.0,,,abstained,,0,0,,,,,,1,0,0.0,0.0,0,0.0,0.0,,0,,0,0.0,,,,ARC-AGI-2,f3283f727488ad98fe575ea6a5ac981e4a188e49,training,234
41ace6b5,no_deterministic_local_rule,3,1,29,0,29,0.018638749956153333,,,,0,0.0,0.0,0.0,,,abstained,,0,0,,,,,,1,0,0.0,0.0,0,0.0,0.0,,0,,0,0.0,,,,ARC-AGI-2,f3283f727488ad98fe575ea6a5ac981e4a188e49,training,235
41e4d17e,no_deterministic_local_rule,2,1,29,0,29,0.0210620149737224,,,,0,0.0,0.0,0.0,,,abstained,,0,0,,,,,,1,0,0.0,0.0,0,0.0,0.0,,0,,0,0.0,,,,ARC-AGI-2,f3283f727488ad98fe575ea6a5ac981e4a188e49,training,236
423a55dc,no_deterministic_local_rule,5,1,29,0,29,0.027707100030966103,,,7,1,0.0,0.0,0.0,,,abstained,,0,0,,,,,,1,0,0.0,0.0,0,0.0,0.0,,0,,0,0.0,,,,ARC-AGI-2,f3283f727488ad98fe575ea6a5ac981e4a188e49,training,237
4258a5f9,selected,2,1,29,3,26,0.013280051993206143,0.0,0.9320987654320988,,0,0.0,0.0,1.0,moore_r1,996.0,predicted_incorrect,moore_r1,9,21,916.0,8.0,924.0,0.9753086419753086,0.9753086419753086,1,0,0.0,0.0,0,0.0,0.0,von_neumann_r2,1,0.9753086419753086,81,1.0,1.0,0.0,0.0,ARC-AGI-2,f3283f727488ad98fe575ea6a5ac981e4a188e49,training,238
4290ef0e,unsupported_shape_change,3,1,29,0,0,1.8189894035458565e-06,,,,0,0.0,0.0,0.0,,,abstained,,0,0,,,,,,1,0,0.0,0.0,0,0.0,0.0,,0,,0,0.0,,,,ARC-AGI-2,f3283f727488ad98fe575ea6a5ac981e4a188e49,training,239
42918530,no_deterministic_local_rule,4,1,29,0,29,0.0676694770809263,,,,0,0.0,0.0,0.0,,,abstained,,0,0,,,,,,1,0,0.0,0.0,0,0.0,0.0,,0,,0,0.0,,,,ARC-AGI-2,f3283f727488ad98fe575ea6a5ac981e4a188e49,training,240
42a15761,no_deterministic_local_rule,3,1,29,0,29,0.017514414968900383,,,,0,0.0,0.0,0.0,,,abstained,,0,0,,,,,,1,0,0.0,0.0,0,0.0,0.0,,0,,0,0.0,,,,ARC-AGI-2,f3283f727488ad98fe575ea6a5ac981e4a188e49,training,241
42a50994,selected,4,1,29,3,26,0.06661064689978957,0.0,0.9442970822281167,3,1,0.0,0.0,1.0,moore_r1,716.0,predicted_incorrect,moore_r1,9,12,555.0,8.0,563.0,0.07142857142857142,0.07142857142857142,1,0,0.0,0.0,0,0.0,0.0,,1,0.9495798319327731,238,1.0,1.0,0.0,0.0,ARC-AGI-2,f3283f727488ad98fe575ea6a5ac981e4a188e49,training,242
42f14c03,unsupported_shape_change,3,1,29,0,0,1.32701825350523e-06,,,9,1,0.0,0.0,0.0,,,abstained,,0,0,,,,,,1,0,0.0,0.0,0,0.0,0.0,,0,,0,0.0,,,,ARC-AGI-2,f3283f727488ad98fe575ea6a5ac981e4a188e49,training,243
42f83767,unsupported_shape_change,3,2,29,0,0,1.0990770533680916e-06,,,,0,0.0,0.0,0.0,,,abstained,,0,0,,,,,,2,0,0.0,0.0,0,0.0,0.0,,0,,0,0.0,,,,ARC-AGI-2,f3283f727488ad98fe575ea6a5ac981e4a188e49,training,244
4347f46a,selected,3,1,29,4,25,0.04281381401233375,0.0,0.8823529411764706,1,1,0.0,0.0,1.0,von_neumann_r1,240.0,predicted_incorrect,von_neumann_r1,5,7,216.0,8.0,224.0,0.6811145510835913,0.6811145510835913,1,0,0.0,0.0,0,0.0,0.0,von_neumann_r2,1,0.9256965944272446,323,1.0,1.0,0.0,0.0,ARC-AGI-2,f3283f727488ad98fe575ea6a5ac981e4a188e49,training,245
4364c1c4,selected,3,1,29,1,28,0.03040675795637071,0.0,0.8861788617886179,,0,0.0,0.0,1.0,moore_r2,8079.0,predicted_incorrect,moore_r2,25,56,5998.0,8.0,6006.0,0.4010989010989011,0.4010989010989011,1,0,0.0,0.0,0,0.0,0.0,,1,0.8901098901098901,182,1.0,1.0,0.0,0.0,ARC-AGI-2,f3283f727488ad98fe575ea6a5ac981e4a188e49,training,246
444801d8,selected,3,1,29,1,28,0.020098507986404,0.0,0.8266666666666667,4;7,2,0.0,0.0,1.0,moore_r2,7871.0,predicted_incorrect,moore_r2,25,52,5582.0,8.0,5590.0,0.26,0.26,1,0,0.0,0.0,0,0.0,0.0,,1,0.78,100,1.0,1.0,0.0,0.0,ARC-AGI-2,f3283f727488ad98fe575ea6a5ac981e4a188e49,training,247
445eab21,unsupported_shape_change,3,1,29,0,0,3.4780241549015045e-06,,,3;9,2,0.0,0.0,0.0,,,abstained,,0,0,,,,,,1,0,0.0,0.0,0,0.0,0.0,,0,,0,0.0,,,,ARC-AGI-2,f3283f727488ad98fe575ea6a5ac981e4a188e49,training,248
447fd412,no_deterministic_local_rule,3,1,29,0,29,0.02442772698123008,,,,0,0.0,0.0,0.0,,,abstained,,0,0,,,,,,1,0,0.0,0.0,0,0.0,0.0,,0,,0,0.0,,,,ARC-AGI-2,f3283f727488ad98fe575ea6a5ac981e4a188e49,training,249
44d8ac46,no_deterministic_local_rule,4,1,29,0,29,0.028236521990038455,,,,0,0.0,0.0,0.0,,,abstained,,0,0,,,,,,1,0,0.0,0.0,0,0.0,0.0,,0,,0,0.0,,,,ARC-AGI-2,f3283f727488ad98fe575ea6a5ac981e4a188e49,training,250
44f52bb0,unsupported_shape_change,6,2,29,0,0,1.5599653124809265e-06,,,,0,0.0,0.0,0.0,,,abstained,,0,0,,,,,,2,0,0.0,0.0,0,0.0,0.0,,0,,0,0.0,,,,ARC-AGI-2,f3283f727488ad98fe575ea6a5ac981e4a188e49,training,251
4522001f,unsupported_shape_change,2,1,29,0,0,1.8579885363578796e-06,,,,0,0.0,0.0,0.0,,,abstained,,0,0,,,,,,1,0,0.0,0.0,0,0.0,0.0,,0,,0,0.0,,,,ARC-AGI-2,f3283f727488ad98fe575ea6a5ac981e4a188e49,training,252
456873bc,no_deterministic_local_rule,3,1,29,0,29,0.028566833003424108,,,,0,0.0,0.0,0.0,,,abstained,,0,0,,,,,,1,0,0.0,0.0,0,0.0,0.0,,0,,0,0.0,,,,ARC-AGI-2,f3283f727488ad98fe575ea6a5ac981e4a188e49,training,253
45737921,selected,3,1,29,4,25,0.030550420051440597,0.0,0.7770897832817337,,0,0.0,0.0,1.0,von_neumann_r1,1971.0,predicted_incorrect,von_neumann_r1,5,72,1779.0,8.0,1787.0,0.7222222222222222,0.7222222222222222,1,0,0.0,0.0,0,0.0,0.0,moore_r1,1,0.8888888888888888,72,1.0,1.0,0.0,0.0,ARC-AGI-2,f3283f727488ad98fe575ea6a5ac981e4a188e49,training,254
458e3a53,unsupported_shape_change,2,1,29,0,0,1.4399411156773567e-06,,,,0,0.0,0.0,0.0,,,abstained,,0,0,,,,,,1,0,0.0,0.0,0,0.0,0.0,,0,,0,0.0,,,,ARC-AGI-2,f3283f727488ad98fe575ea6a5ac981e4a188e49,training,255
45bbe264,no_deterministic_local_rule,3,1,29,0,29,0.029309110017493367,,,1,1,0.0,0.0,0.0,,,abstained,,0,0,,,,,,1,0,0.0,0.0,0,0.0,0.0,,0,,0,0.0,,,,ARC-AGI-2,f3283f727488ad98fe575ea6a5ac981e4a188e49,training,256
4612dd53,selected,3,1,29,1,28,0.026884036022238433,0.0,0.9230769230769231,,0,0.0,0.0,1.0,moore_r2,5166.0,predicted_incorrect,moore_r2,25,33,3606.0,8.0,3614.0,0.21893491124260356,0.21893491124260356,1,0,0.0,0.0,0,0.0,0.0,,1,0.9053254437869822,169,1.0,1.0,0.0,0.0,ARC-AGI-2,f3283f727488ad98fe575ea6a5ac981e4a188e49,training,257
46442a0e,unsupported_shape_change,3,1,29,0,0,1.5009427443146706e-06,,,1,1,0.0,0.0,0.0,,,abstained,,0,0,,,,,,1,0,0.0,0.0,0,0.0,0.0,,0,,0,0.0,,,,ARC-AGI-2,f3283f727488ad98fe575ea6a5ac981e4a188e49,training,258
465b7d93,no_deterministic_local_rule,3,1,29,0,29,0.015524090034887195,,,9,1,0.0,0.0,0.0,,,abstained,,0,0,,,,,,1,0,0.0,0.0,0,0.0,0.0,,0,,0,0.0,,,,ARC-AGI-2,f3283f727488ad98fe575ea6a5ac981e4a188e49,training,259
469497ad,unsupported_shape_change,3,1,29,0,0,3.637978807091713e-06,,,,0,0.0,0.0,0.0,,,abstained,,0,0,,,,,,1,0,0.0,0.0,0,0.0,0.0,,0,,0,0.0,,,,ARC-AGI-2,f3283f727488ad98fe575ea6a5ac981e4a188e49,training,260
46c35fc7,selected,3,1,29,3,26,0.015270191943272948,0.0,0.7755102040816326,,0,0.0,0.0,1.0,moore_r1,1997.0,predicted_incorrect,moore_r1,9,33,1397.0,8.0,1405.0,0.2653061224489796,0.2653061224489796,1,0,0.0,0.0,0,0.0,0.0,,1,0.6938775510204082,49,1.0,1.0,0.0,0.0,ARC-AGI-2,f3283f727488ad98fe575ea6a5ac981e4a188e49,training,261
46f33fce,unsupported_shape_change,3,1,29,0,0,1.4730030670762062e-06,,,6,1,0.0,0.0,0.0,,,abstained,,0,0,,,,,,1,0,0.0,0.0,0,0.0,0.0,,0,,0,0.0,,,,ARC-AGI-2,f3283f727488ad98fe575ea6a5ac981e4a188e49,training,262
470c91de,selected,3,1,29,1,28,0.021137830917723477,0.0,0.6791277258566978,4,1,0.0,0.0,1.0,moore_r2,15154.0,predicted_incorrect,moore_r2,25,103,10887.0,8.0,10895.0,0.2066115702479339,0.2066115702479339,1,0,0.0,0.0,0,0.0,0.0,,1,0.6611570247933884,121,1.0,1.0,0.0,0.0,ARC-AGI-2,f3283f727488ad98fe575ea6a5ac981e4a188e49,training,263
47c1f68c,unsupported_shape_change,3,1,29,0,0,1.377076841890812e-06,,,,0,0.0,0.0,0.0,,,abstained,,0,0,,,,,,1,0,0.0,0.0,0,0.0,0.0,,0,,0,0.0,,,,ARC-AGI-2,f3283f727488ad98fe575ea6a5ac981e4a188e49,training,264
48131b3c,unsupported_shape_change,3,1,29,0,0,1.6390113160014153e-06,,,1,1,0.0,0.0,0.0,,,abstained,,0,0,,,,,,1,0,0.0,0.0,0,0.0,0.0,,0,,0,0.0,,,,ARC-AGI-2,f3283f727488ad98fe575ea6a5ac981e4a188e49,training,265
484b58aa,no_deterministic_local_rule,3,1,29,0,29,0.11457044898997992,,,9,1,0.0,0.0,0.0,,,abstained,,0,0,,,,,,1,0,0.0,0.0,0,0.0,0.0,,0,,0,0.0,,,,ARC-AGI-2,f3283f727488ad98fe575ea6a5ac981e4a188e49,training,266
4852f2fa,unsupported_shape_change,5,2,29,0,0,2.124928869307041e-06,,,,0,0.0,0.0,0.0,,,abstained,,0,0,,,,,,2,0,0.0,0.0,0,0.0,0.0,,0,,0,0.0,,,,ARC-AGI-2,f3283f727488ad98fe575ea6a5ac981e4a188e49,training,267
48634b99,no_deterministic_local_rule,3,1,29,0,29,0.035605569020844996,,,,0,0.0,0.0,0.0,,,abstained,,0,0,,,,,,1,0,0.0,0.0,0,0.0,0.0,,0,,0,0.0,,,,ARC-AGI-2,f3283f727488ad98fe575ea6a5ac981e4a188e49,training,268
48d8fb45,unsupported_shape_change,3,1,29,0,0,1.334003172814846e-06,,,3,1,0.0,0.0,0.0,,,abstained,,0,0,,,,,,1,0,0.0,0.0,0,0.0,0.0,,0,,0,0.0,,,,ARC-AGI-2,f3283f727488ad98fe575ea6a5ac981e4a188e49,training,269
48f8583b,unsupported_shape_change,6,1,29,0,0,7.649650797247887e-07,,,,0,0.0,0.0,0.0,,,abstained,,0,0,,,,,,1,0,0.0,0.0,0,0.0,0.0,,0,,0,0.0,,,,ARC-AGI-2,f3283f727488ad98fe575ea6a5ac981e4a188e49,training,270
4938f0c2,no_deterministic_local_rule,3,1,29,0,29,0.04082957899663597,,,,0,0.0,0.0,0.0,,,abstained,,0,0,,,,,,1,0,0.0,0.0,0,0.0,0.0,,0,,0,0.0,,,,ARC-AGI-2,f3283f727488ad98fe575ea6a5ac981e4a188e49,training,271
494ef9d7,selected,4,1,29,2,27,0.019482714007608593,0.0,0.9095477386934674,,0,0.0,0.0,1.0,von_neumann_r2,1332.0,predicted_incorrect,von_neumann_r2,13,18,1108.0,8.0,1116.0,0.0,0.0,1,0,0.0,0.0,0,0.0,0.0,,1,0.75,16,1.0,1.0,0.0,0.0,ARC-AGI-2,f3283f727488ad98fe575ea6a5ac981e4a188e49,training,272
496994bd,no_deterministic_local_rule,2,1,29,0,29,0.005333889042958617,,,5,1,0.0,0.0,0.0,,,abstained,,0,0,,,,,,1,0,0.0,0.0,0,0.0,0.0,,0,,0,0.0,,,,ARC-AGI-2,f3283f727488ad98fe575ea6a5ac981e4a188e49,training,273
49d1d64f,unsupported_shape_change,3,1,29,0,0,1.4120014384388924e-06,,,,0,0.0,0.0,0.0,,,abstained,,0,0,,,,,,1,0,0.0,0.0,0,0.0,0.0,,0,,0,0.0,,,,ARC-AGI-2,f3283f727488ad98fe575ea6a5ac981e4a188e49,training,274
4a1cacc2,no_deterministic_local_rule,4,1,29,0,29,0.011200051056221128,,,,0,0.0,0.0,0.0,,,abstained,,0,0,,,,,,1,0,0.0,0.0,0,0.0,0.0,,0,,0,0.0,,,,ARC-AGI-2,f3283f727488ad98fe575ea6a5ac981e4a188e49,training,275
4acc7107,no_deterministic_local_rule,4,1,29,0,29,0.020715103019028902,,,2,1,0.0,0.0,0.0,,,abstained,,0,0,,,,,,1,0,0.0,0.0,0,0.0,0.0,,0,,0,0.0,,,,ARC-AGI-2,f3283f727488ad98fe575ea6a5ac981e4a188e49,training,276
4b6b68e5,selected,3,1,29,1,28,0.05944493506103754,0.0,0.8232373386295928,7,1,0.0,0.0,1.0,moore_r2,34291.0,predicted_incorrect,moore_r2,25,178,18690.0,8.0,18698.0,0.05448717948717949,0.05448717948717949,1,0,0.0,0.0,0,0.0,0.0,,1,0.7596153846153846,624,1.0,1.0,0.0,0.0,ARC-AGI-2,f3283f727488ad98fe575ea6a5ac981e4a188e49,training,277
4be741c5,unsupported_shape_change,3,1,29,0,0,1.7550773918628693e-06,,,1,1,0.0,0.0,0.0,,,abstained,,0,0,,,,,,1,0,0.0,0.0,0,0.0,0.0,,0,,0,0.0,,,,ARC-AGI-2,f3283f727488ad98fe575ea6a5ac981e4a188e49,training,278
4c177718,unsupported_shape_change,4,2,29,0,0,8.370261639356613e-07,,,8,1,0.0,0.0,0.0,,,abstained,,0,0,,,,,,2,0,0.0,0.0,0,0.0,0.0,,0,,0,0.0,,,,ARC-AGI-2,f3283f727488ad98fe575ea6a5ac981e4a188e49,training,279
4c4377d9,unsupported_shape_change,4,1,29,0,0,9.170034900307655e-07,,,,0,0.0,0.0,0.0,,,abstained,,0,0,,,,,,1,0,0.0,0.0,0,0.0,0.0,,0,,0,0.0,,,,ARC-AGI-2,f3283f727488ad98fe575ea6a5ac981e4a188e49,training,280
4c5c2cf0,no_deterministic_local_rule,3,1,29,0,29,0.025711895083077252,,,7,1,0.0,0.0,0.0,,,abstained,,0,0,,,,,,1,0,0.0,0.0,0,0.0,0.0,,0,,0,0.0,,,,ARC-AGI-2,f3283f727488ad98fe575ea6a5ac981e4a188e49,training,281
4cd1b7b2,selected,3,1,29,4,25,0.008856918080709875,0.0,0.6666666666666666,,0,0.0,0.0,1.0,von_neumann_r1,577.0,predicted_incorrect,von_neumann_r1,5,16,433.0,8.0,441.0,0.0,0.0,1,0,0.0,0.0,0,0.0,0.0,,1,0.625,16,1.0,1.0,0.0,0.0,ARC-AGI-2,f3283f727488ad98fe575ea6a5ac981e4a188e49,training,282
4df5b0ae,no_deterministic_local_rule,3,1,29,0,29,0.01566062797792256,,,4,1,0.0,0.0,0.0,,,abstained,,0,0,,,,,,1,0,0.0,0.0,0,0.0,0.0,,0,,0,0.0,,,,ARC-AGI-2,f3283f727488ad98fe575ea6a5ac981e4a188e49,training,283
4e45f183,no_deterministic_local_rule,3,1,29,0,29,0.04973983089439571,,,4,1,0.0,0.0,0.0,,,abstained,,0,0,,,,,,1,0,0.0,0.0,0,0.0,0.0,,0,,0,0.0,,,,ARC-AGI-2,f3283f727488ad98fe575ea6a5ac981e4a188e49,training,284
4e469f39,no_deterministic_local_rule,3,1,29,0,29,0.015556930098682642,,,,0,0.0,0.0,0.0,,,abstained,,0,0,,,,,,1,0,0.0,0.0,0,0.0,0.0,,0,,0,0.0,,,,ARC-AGI-2,f3283f727488ad98fe575ea6a5ac981e4a188e49,training,285
4e7e0eb9,no_deterministic_local_rule,4,2,29,0,29,0.03374821098987013,,,,0,0.0,0.0,0.0,,,abstained,,0,0,,,,,,2,0,0.0,0.0,0,0.0,0.0,,0,,0,0.0,,,,ARC-AGI-2,f3283f727488ad98fe575ea6a5ac981e4a188e49,training,286
4f537728,no_deterministic_local_rule,2,1,29,0,29,0.036430319072678685,,,8,1,0.0,0.0,0.0,,,abstained,,0,0,,,,,,1,0,0.0,0.0,0,0.0,0.0,,0,,0,0.0,,,,ARC-AGI-2,f3283f727488ad98fe575ea6a5ac981e4a188e49,training,287
4ff4c9da,selected,3,1,29,1,28,0.07445609697606415,0.0,0.9698173153296267,,0,0.0,0.0,1.0,moore_r2,4958.0,predicted_incorrect,moore_r2,25,28,3085.0,8.0,3093.0,0.0054869684499314125,0.0054869684499314125,1,0,0.0,0.0,0,0.0,0.0,,1,0.9753086419753086,729,1.0,1.0,0.0,0.0,ARC-AGI-2,f3283f727488ad98fe575ea6a5ac981e4a188e49,training,288
5034a0b5,selected,4,1,29,3,26,0.04514664493035525,0.0,0.8322851153039832,,0,0.0,0.0,1.0,moore_r1,3758.0,predicted_incorrect,moore_r1,9,77,3158.0,8.0,3166.0,0.012345679012345678,0.012345679012345678,1,0,0.0,0.0,0,0.0,0.0,,1,0.8148148148148148,81,1.0,1.0,0.0,0.0,ARC-AGI-2,f3283f727488ad98fe575ea6a5ac981e4a188e49,training,289
505fff84,unsupported_shape_change,5,1,29,0,0,1.6579870134592056e-06,,,,0,0.0,0.0,0.0,,,abstained,,0,0,,,,,,1,0,0.0,0.0,0,0.0,0.0,,0,,0,0.0,,,,ARC-AGI-2,f3283f727488ad98fe575ea6a5ac981e4a188e49,training,290
506d28a5,unsupported_shape_change,4,1,29,0,0,7.729977369308472e-07,,,,0,0.0,0.0,0.0,,,abstained,,0,0,,,,,,1,0,0.0,0.0,0,0.0,0.0,,0,,0,0.0,,,,ARC-AGI-2,f3283f727488ad98fe575ea6a5ac981e4a188e49,training,291
50846271,selected,4,1,29,2,27,0.09942011500243098,0.0,0.9756468797564688,,0,0.0,0.0,1.0,moore_r2,5270.0,predicted_incorrect,von_neumann_r2,13,32,1893.0,8.0,1901.0,0.04066985645933014,0.04066985645933014,1,0,0.0,0.0,0,0.0,0.0,,1,0.9593301435406698,418,1.0,1.0,0.0,0.0,ARC-AGI-2,f3283f727488ad98fe575ea6a5ac981e4a188e49,training,292
508bd3b6,no_deterministic_local_rule,3,1,29,0,29,0.021095539908856153,,,,0,0.0,0.0,0.0,,,abstained,,0,0,,,,,,1,0,0.0,0.0,0,0.0,0.0,,0,,0,0.0,,,,ARC-AGI-2,f3283f727488ad98fe575ea6a5ac981e4a188e49,training,293
50a16a69,no_deterministic_local_rule,3,1,29,0,29,0.026185656082816422,,,,0,0.0,0.0,0.0,,,abstained,,0,0,,,,,,1,0,0.0,0.0,0,0.0,0.0,,0,,0,0.0,,,,ARC-AGI-2,f3283f727488ad98fe575ea6a5ac981e4a188e49,training,294
50aad11f,unsupported_shape_change,3,1,29,0,0,1.4719553291797638e-06,,,7,1,0.0,0.0,0.0,,,abstained,,0,0,,,,,,1,0,0.0,0.0,0,0.0,0.0,,0,,0,0.0,,,,ARC-AGI-2,f3283f727488ad98fe575ea6a5ac981e4a188e49,training,295
50c07299,no_deterministic_local_rule,3,1,29,0,29,0.03553711203858256,,,,0,0.0,0.0,0.0,,,abstained,,0,0,,,,,,1,0,0.0,0.0,0,0.0,0.0,,0,,0,0.0,,,,ARC-AGI-2,f3283f727488ad98fe575ea6a5ac981e4a188e49,training,296
50cb2852,selected,3,1,29,4,25,0.042682311963289976,1.0,1.0,,0,0.0,0.0,1.0,von_neumann_r1,117.0,solved,von_neumann_r1,5,3,117.0,8.0,125.0,0.8901098901098901,0.8901098901098901,1,1,1.0,1.0,1,1.0,1.0,von_neumann_r2,1,1.0,182,1.0,1.0,0.0,0.0,ARC-AGI-2,f3283f727488ad98fe575ea6a5ac981e4a188e49,training,297
50f325b5,selected,4,1,29,3,26,0.0886459939647466,0.0,0.9654150197628458,,0,0.0,0.0,1.0,moore_r1,1957.0,predicted_incorrect,moore_r1,9,35,1477.0,8.0,1485.0,0.0,0.0,1,0,0.0,0.0,0,0.0,0.0,,1,0.9558823529411765,272,1.0,1.0,0.0,0.0,ARC-AGI-2,f3283f727488ad98fe575ea6a5ac981e4a188e49,training,298
5117e062,unsupported_shape_change,3,1,29,0,0,1.5989644452929497e-06,,,7,1,0.0,0.0,0.0,,,abstained,,0,0,,,,,,1,0,0.0,0.0,0,0.0,0.0,,0,,0,0.0,,,,ARC-AGI-2,f3283f727488ad98fe575ea6a5ac981e4a188e49,training,299
5168d44c,selected,3,1,29,2,27,0.018661628011614084,0.0,0.8701298701298701,,0,0.0,0.0,1.0,von_neumann_r2,2173.0,predicted_incorrect,von_neumann_r2,13,30,1780.0,8.0,1788.0,0.5042016806722689,0.5042016806722689,1,0,0.0,0.0,0,0.0,0.0,,1,0.9411764705882353,119,1.0,1.0,0.0,0.0,ARC-AGI-2,f3283f727488ad98fe575ea6a5ac981e4a188e49,training,300
516b51b7,no_deterministic_local_rule,3,1,29,0,29,0.02398491301573813,,,,0,0.0,0.0,0.0,,,abstained,,0,0,,,,,,1,0,0.0,0.0,0,0.0,0.0,,0,,0,0.0,,,,ARC-AGI-2,f3283f727488ad98fe575ea6a5ac981e4a188e49,training,301
5207a7b5,no_deterministic_local_rule,3,1,29,0,29,0.015360114048235118,,,,0,0.0,0.0,0.0,,,abstained,,0,0,,,,,,1,0,0.0,0.0,0,0.0,0.0,,0,,0,0.0,,,,ARC-AGI-2,f3283f727488ad98fe575ea6a5ac981e4a188e49,training,302
522fdd07,no_deterministic_local_rule,4,1,29,0,29,0.04750867793336511,,,,0,0.0,0.0,0.0,,,abstained,,0,0,,,,,,1,0,0.0,0.0,0,0.0,0.0,,0,,0,0.0,,,,ARC-AGI-2,f3283f727488ad98fe575ea6a5ac981e4a188e49,training,303
52364a65,selected,2,1,29,2,27,0.014462484046816826,0.0,0.8712871287128713,4;5,2,0.0,0.0,1.0,von_neumann_r2,2565.0,predicted_incorrect,von_neumann_r2,13,26,1556.0,8.0,1564.0,0.03125,0.03125,1,0,0.0,0.0,0,0.0,0.0,,1,0.71875,64,1.0,1.0,0.0,0.0,ARC-AGI-2,f3283f727488ad98fe575ea6a5ac981e4a188e49,training,304
5289ad53,unsupported_shape_change,4,1,29,0,0,1.4710240066051483e-06,,,,0,0.0,0.0,0.0,,,abstained,,0,0,,,,,,1,0,0.0,0.0,0,0.0,0.0,,0,,0,0.0,,,,ARC-AGI-2,f3283f727488ad98fe575ea6a5ac981e4a188e49,training,305
52df9849,selected,2,2,29,3,26,0.03489457105752081,0.0,0.982421875,2;3;6;8,4,0.0,0.0,1.0,moore_r2,5790.0,predicted_incorrect,center_wire_+0_+2,2,2,49.0,8.0,57.0,0.53515625,0.453125,2,0,0.0,0.0,0,0.0,0.0,von_neumann_r2,2,0.919921875,512,1.0,1.0,0.0,0.0,ARC-AGI-2,f3283f727488ad98fe575ea6a5ac981e4a188e49,training,306
52fd389e,no_deterministic_local_rule,3,1,29,0,29,0.0866934210062027,,,6,1,0.0,0.0,0.0,,,abstained,,0,0,,,,,,1,0,0.0,0.0,0,0.0,0.0,,0,,0,0.0,,,,ARC-AGI-2,f3283f727488ad98fe575ea6a5ac981e4a188e49,training,307
538b439f,no_deterministic_local_rule,2,1,29,0,29,0.035885913064703345,,,9,1,0.0,0.0,0.0,,,abstained,,0,0,,,,,,1,0,0.0,0.0,0,0.0,0.0,,0,,0,0.0,,,,ARC-AGI-2,f3283f727488ad98fe575ea6a5ac981e4a188e49,training,308
539a4f51,unsupported_shape_change,3,1,29,0,0,1.5570549294352531e-06,,,7,1,0.0,0.0,0.0,,,abstained,,0,0,,,,,,1,0,0.0,0.0,0,0.0,0.0,,0,,0,0.0,,,,ARC-AGI-2,f3283f727488ad98fe575ea6a5ac981e4a188e49,training,309
53b68214,unsupported_shape_change,3,2,29,0,0,7.409835234284401e-07,,,6;8,2,0.0,0.0,0.0,,,abstained,,0,0,,,,,,2,0,0.0,0.0,0,0.0,0.0,,0,,0,0.0,,,,ARC-AGI-2,f3283f727488ad98fe575ea6a5ac981e4a188e49,training,310
543a7ed5,selected,2,1,29,2,27,0.029374781996011734,0.0,0.8111111111111111,,0,0.0,0.0,1.0,von_neumann_r2,5142.0,predicted_incorrect,von_neumann_r2,13,80,4582.0,8.0,4590.0,0.8622222222222222,0.8622222222222222,1,0,0.0,0.0,0,0.0,0.0,moore_r2,1,0.9555555555555556,225,1.0,1.0,0.0,0.0,ARC-AGI-2,f3283f727488ad98fe575ea6a5ac981e4a188e49,training,311
54d82841,no_deterministic_local_rule,3,1,29,0,29,0.00805389101151377,,,5,1,0.0,0.0,0.0,,,abstained,,0,0,,,,,,1,0,0.0,0.0,0,0.0,0.0,,0,,0,0.0,,,,ARC-AGI-2,f3283f727488ad98fe575ea6a5ac981e4a188e49,training,312
54d9e175,selected,4,1,29,3,26,0.021191738080233335,0.0,0.8011363636363636,,0,0.0,0.0,1.0,moore_r1,3518.0,predicted_incorrect,moore_r1,9,72,2958.0,8.0,2966.0,0.7922077922077922,0.7922077922077922,1,0,0.0,0.0,0,0.0,0.0,von_neumann_r2,1,0.7922077922077922,77,1.0,1.0,0.0,0.0,ARC-AGI-2,f3283f727488ad98fe575ea6a5ac981e4a188e49,training,313
54db823b,no_deterministic_local_rule,4,1,29,0,29,0.04268678498920053,,,,0,0.0,0.0,0.0,,,abstained,,0,0,,,,,,1,0,0.0,0.0,0,0.0,0.0,,0,,0,0.0,,,,ARC-AGI-2,f3283f727488ad98fe575ea6a5ac981e4a188e49,training,314
54dc2872,selected,2,1,29,2,27,0.0204055760987103,0.0,0.8833333333333333,,0,0.0,0.0,1.0,moore_r2,6102.0,predicted_incorrect,von_neumann_r2,13,35,2061.0,8.0,2069.0,0.391025641025641,0.391025641025641,1,0,0.0,0.0,0,0.0,0.0,moore_r2,1,0.8525641025641025,156,1.0,1.0,0.0,0.0,ARC-AGI-2,f3283f727488ad98fe575ea6a5ac981e4a188e49,training,315
55059096,no_deterministic_local_rule,3,1,29,0,29,0.02504699502605945,,,,0,0.0,0.0,0.0,,,abstained,,0,0,,,,,,1,0,0.0,0.0,0,0.0,0.0,,0,,0,0.0,,,,ARC-AGI-2,f3283f727488ad98fe575ea6a5ac981e4a188e49,training,316
551d5bf1,no_deterministic_local_rule,2,1,29,0,29,0.057995138922706246,,,,0,0.0,0.0,0.0,,,abstained,,0,0,,,,,,1,0,0.0,0.0,0,0.0,0.0,,0,,0,0.0,,,,ARC-AGI-2,f3283f727488ad98fe575ea6a5ac981e4a188e49,training,317
5521c0d9,no_deterministic_local_rule,3,1,29,0,29,0.03159885399509221,,,,0,0.0,0.0,0.0,,,abstained,,0,0,,,,,,1,0,0.0,0.0,0,0.0,0.0,,0,,0,0.0,,,,ARC-AGI-2,f3283f727488ad98fe575ea6a5ac981e4a188e49,training,318
5582e5ca,selected,3,1,29,4,25,0.007174766971729696,0.0,0.3333333333333333,,0,0.0,0.0,1.0,von_neumann_r1,625.0,predicted_incorrect,von_neumann_r1,5,18,481.0,8.0,489.0,0.0,0.0,1,0,0.0,0.0,0,0.0,0.0,,1,0.3333333333333333,9,1.0,1.0,0.0,0.0,ARC-AGI-2,f3283f727488ad98fe575ea6a5ac981e4a188e49,training,319
5587a8d0,unsupported_shape_change,3,1,29,0,0,1.4499528333544731e-06,,,2,1,0.0,0.0,0.0,,,abstained,,0,0,,,,,,1,0,0.0,0.0,0,0.0,0.0,,0,,0,0.0,,,,ARC-AGI-2,f3283f727488ad98fe575ea6a5ac981e4a188e49,training,320
5614dbcf,unsupported_shape_change,2,1,29,0,0,8.989591151475906e-07,,,4,1,0.0,0.0,0.0,,,abstained,,0,0,,,,,,1,0,0.0,0.0,0,0.0,0.0,,0,,0,0.0,,,,ARC-AGI-2,f3283f727488ad98fe575ea6a5ac981e4a188e49,training,321
5623160b,no_deterministic_local_rule,3,1,29,0,29,0.016813575057312846,,,,0,0.0,0.0,0.0,,,abstained,,0,0,,,,,,1,0,0.0,0.0,0,0.0,0.0,,0,,0,0.0,,,,ARC-AGI-2,f3283f727488ad98fe575ea6a5ac981e4a188e49,training,322
56dc2b01,no_deterministic_local_rule,3,1,29,0,29,0.012714694952592254,,,,0,0.0,0.0,0.0,,,abstained,,0,0,,,,,,1,0,0.0,0.0,0,0.0,0.0,,0,,0,0.0,,,,ARC-AGI-2,f3283f727488ad98fe575ea6a5ac981e4a188e49,training,323
56ff96f3,no_deterministic_local_rule,4,1,29,0,29,0.017396296956576407,,,6;8,2,0.0,0.0,0.0,,,abstained,,0,0,,,,,,1,0,0.0,0.0,0,0.0,0.0,,0,,0,0.0,,,,ARC-AGI-2,f3283f727488ad98fe575ea6a5ac981e4a188e49,training,324
5751f35e,selected,2,1,29,3,26,0.016030311002396047,0.0,0.615,1;4,2,0.0,0.0,1.0,moore_r1,5321.0,predicted_incorrect,moore_r1,9,74,3038.0,8.0,3046.0,0.0,0.0,1,0,0.0,0.0,0,0.0,0.0,,1,0.5902777777777778,144,1.0,1.0,0.0,0.0,ARC-AGI-2,f3283f727488ad98fe575ea6a5ac981e4a188e49,training,325
575b1a71,selected,3,1,29,1,28,0.019877384998835623,0.0,0.9033333333333333,,0,0.0,0.0,0.0,,,predicted_incorrect,moore_r2,25,29,3189.0,8.0,3197.0,0.29,0.29,1,0,0.0,0.0,0,0.0,0.0,,1,0.93,100,1.0,1.0,0.0,0.0,ARC-AGI-2,f3283f727488ad98fe575ea6a5ac981e4a188e49,training,326
5783df64,unsupported_shape_change,3,1,29,0,0,1.4740508049726486e-06,,,,0,0.0,0.0,0.0,,,abstained,,0,0,,,,,,1,0,0.0,0.0,0,0.0,0.0,,0,,0,0.0,,,,ARC-AGI-2,f3283f727488ad98fe575ea6a5ac981e4a188e49,training,327
5792cb4d,selected,2,1,29,4,25,0.02467334596440196,0.0,0.92,,0,0.0,0.0,1.0,von_neumann_r1,914.0,predicted_incorrect,von_neumann_r1,5,16,433.0,8.0,441.0,0.44,0.44,1,0,0.0,0.0,0,0.0,0.0,,1,0.8,100,1.0,1.0,0.0,0.0,ARC-AGI-2,f3283f727488ad98fe575ea6a5ac981e4a188e49,training,328
57aa92db,no_deterministic_local_rule,4,1,29,0,29,0.04942020506132394,,,,0,0.0,0.0,0.0,,,abstained,,0,0,,,,,,1,0,0.0,0.0,0,0.0,0.0,,0,,0,0.0,,,,ARC-AGI-2,f3283f727488ad98fe575ea6a5ac981e4a188e49,training,329
57edb29d,unsupported_shape_change,3,1,29,0,0,1.650070771574974e-06,,,9,1,0.0,0.0,0.0,,,abstained,,0,0,,,,,,1,0,0.0,0.0,0,0.0,0.0,,0,,0,0.0,,,,ARC-AGI-2,f3283f727488ad98fe575ea6a5ac981e4a188e49,training,330
5833af48,unsupported_shape_change,3,1,29,0,0,9.560026228427887e-07,,,,0,0.0,0.0,0.0,,,abstained,,0,0,,,,,,1,0,0.0,0.0,0,0.0,0.0,,0,,0,0.0,,,,ARC-AGI-2,f3283f727488ad98fe575ea6a5ac981e4a188e49,training,331
58743b76,selected,2,1,29,1,28,0.015023296000435948,0.0,0.9180327868852459,7,1,0.0,0.0,1.0,moore_r2,3710.0,predicted_incorrect,moore_r2,25,20,2253.0,8.0,2261.0,0.04591836734693878,0.04591836734693878,1,0,0.0,0.0,0,0.0,0.0,,1,0.9285714285714286,196,1.0,1.0,0.0,0.0,ARC-AGI-2,f3283f727488ad98fe575ea6a5ac981e4a188e49,training,332
58c02a16,no_deterministic_local_rule,3,1,29,0,29,0.012638794956728816,,,5,1,0.0,0.0,0.0,,,abstained,,0,0,,,,,,1,0,0.0,0.0,0,0.0,0.0,,0,,0,0.0,,,,ARC-AGI-2,f3283f727488ad98fe575ea6a5ac981e4a188e49,training,333
58e15b12,no_deterministic_local_rule,3,1,29,0,29,0.05670955602545291,,,,0,0.0,0.0,0.0,,,abstained,,0,0,,,,,,1,0,0.0,0.0,0,0.0,0.0,,0,,0,0.0,,,,ARC-AGI-2,f3283f727488ad98fe575ea6a5ac981e4a188e49,training,334
59341089,unsupported_shape_change,4,1,29,0,0,1.4200340956449509e-06,,,,0,0.0,0.0,0.0,,,abstained,,0,0,,,,,,1,0,0.0,0.0,0,0.0,0.0,,0,,0,0.0,,,,ARC-AGI-2,f3283f727488ad98fe575ea6a5ac981e4a188e49,training,335
5a5a2103,no_deterministic_local_rule,2,1,29,0,29,0.026233625947497785,,,7,1,0.0,0.0,0.0,,,abstained,,0,0,,,,,,1,0,0.0,0.0,0,0.0,0.0,,0,,0,0.0,,,,ARC-AGI-2,f3283f727488ad98fe575ea6a5ac981e4a188e49,training,336
5a719d11,selected,3,1,29,1,28,0.06927970901597291,0.0,0.8391003460207612,5;7,2,0.0,0.0,0.0,,,predicted_incorrect,moore_r2,25,186,19522.0,8.0,19530.0,0.014583333333333334,0.014583333333333334,1,0,0.0,0.0,0,0.0,0.0,,1,0.76875,480,1.0,1.0,0.0,0.0,ARC-AGI-2,f3283f727488ad98fe575ea6a5ac981e4a188e49,training,337
5ad4f10b,unsupported_shape_change,3,1,29,0,0,2.1900050342082977e-06,,,,0,0.0,0.0,0.0,,,abstained,,0,0,,,,,,1,0,0.0,0.0,0,0.0,0.0,,0,,0,0.0,,,,ARC-AGI-2,f3283f727488ad98fe575ea6a5ac981e4a188e49,training,338
5ad8a7c0,no_deterministic_local_rule,5,1,29,0,29,0.009582936996594071,,,,0,0.0,0.0,0.0,,,abstained,,0,0,,,,,,1,0,0.0,0.0,0,0.0,0.0,,0,,0,0.0,,,,ARC-AGI-2,f3283f727488ad98fe575ea6a5ac981e4a188e49,training,339
5adee1b2,no_deterministic_local_rule,2,1,29,0,29,0.03672927001025528,,,,0,0.0,0.0,0.0,,,abstained,,0,0,,,,,,1,0,0.0,0.0,0,0.0,0.0,,0,,0,0.0,,,,ARC-AGI-2,f3283f727488ad98fe575ea6a5ac981e4a188e49,training,340
5af49b42,no_deterministic_local_rule,3,1,29,0,29,0.025940596009604633,,,9,1,0.0,0.0,0.0,,,abstained,,0,0,,,,,,1,0,0.0,0.0,0,0.0,0.0,,0,,0,0.0,,,,ARC-AGI-2,f3283f727488ad98fe575ea6a5ac981e4a188e49,training,341
5b37cb25,selected,2,1,29,1,28,0.09830682107713073,0.0,0.9722222222222222,,0,0.0,0.0,1.0,moore_r2,7143.0,predicted_incorrect,moore_r2,25,43,4646.0,8.0,4654.0,0.11,0.11,1,0,0.0,0.0,0,0.0,0.0,,1,0.9555555555555556,900,1.0,1.0,0.0,0.0,ARC-AGI-2,f3283f727488ad98fe575ea6a5ac981e4a188e49,training,342
5b526a93,no_deterministic_local_rule,2,1,29,0,29,0.031154453055933118,,,,0,0.0,0.0,0.0,,,abstained,,0,0,,,,,,1,0,0.0,0.0,0,0.0,0.0,,0,,0,0.0,,,,ARC-AGI-2,f3283f727488ad98fe575ea6a5ac981e4a188e49,training,343
5b692c0f,selected,2,1,29,2,27,0.0334631830919534,0.0,0.9344894026974951,8,1,0.0,0.0,1.0,moore_r2,7247.0,predicted_incorrect,von_neumann_r2,13,34,2005.0,8.0,2013.0,0.5818452380952381,0.5818452380952381,1,0,0.0,0.0,0,0.0,0.0,moore_r2,1,0.9434523809523809,672,1.0,1.0,0.0,0.0,ARC-AGI-2,f3283f727488ad98fe575ea6a5ac981e4a188e49,training,344
5b6cbef5,unsupported_shape_change,5,1,29,0,0,2.1279556676745415e-06,,,,0,0.0,0.0,0.0,,,abstained,,0,0,,,,,,1,0,0.0,0.0,0,0.0,0.0,,0,,0,0.0,,,,ARC-AGI-2,f3283f727488ad98fe575ea6a5ac981e4a188e49,training,345
5bd6f4ac,unsupported_shape_change,4,1,29,0,0,7.719499990344048e-07,,,,0,0.0,0.0,0.0,,,abstained,,0,0,,,,,,1,0,0.0,0.0,0,0.0,0.0,,0,,0,0.0,,,,ARC-AGI-2,f3283f727488ad98fe575ea6a5ac981e4a188e49,training,346
5c0a986e,no_deterministic_local_rule,3,1,29,0,29,0.015640603029169142,,,,0,0.0,0.0,0.0,,,abstained,,0,0,,,,,,1,0,0.0,0.0,0,0.0,0.0,,0,,0,0.0,,,,ARC-AGI-2,f3283f727488ad98fe575ea6a5ac981e4a188e49,training,347
5c2c9af4,no_deterministic_local_rule,3,1,29,0,29,0.07307884702458978,,,4,1,0.0,0.0,0.0,,,abstained,,0,0,,,,,,1,0,0.0,0.0,0,0.0,0.0,,0,,0,0.0,,,,ARC-AGI-2,f3283f727488ad98fe575ea6a5ac981e4a188e49,training,348
5d2a5c43,unsupported_shape_change,5,2,29,0,0,1.6210833564400673e-06,,,,0,0.0,0.0,0.0,,,abstained,,0,0,,,,,,2,0,0.0,0.0,0,0.0,0.0,,0,,0,0.0,,,,ARC-AGI-2,f3283f727488ad98fe575ea6a5ac981e4a188e49,training,349
5d588b4d,unsupported_shape_change,4,2,29,0,0,8.150236681103706e-07,,,6;9,2,0.0,0.0,0.0,,,abstained,,0,0,,,,,,2,0,0.0,0.0,0,0.0,0.0,,0,,0,0.0,,,,ARC-AGI-2,f3283f727488ad98fe575ea6a5ac981e4a188e49,training,350
5daaa586,unsupported_shape_change,3,1,29,0,0,7.299240678548813e-07,,,,0,0.0,0.0,0.0,,,abstained,,0,0,,,,,,1,0,0.0,0.0,0,0.0,0.0,,0,,0,0.0,,,,ARC-AGI-2,f3283f727488ad98fe575ea6a5ac981e4a188e49,training,351
5e6bbc0b,no_deterministic_local_rule,4,1,29,0,29,0.008817899972200394,,,,0,0.0,0.0,0.0,,,abstained,,0,0,,,,,,1,0,0.0,0.0,0,0.0,0.0,,0,,0,0.0,,,,ARC-AGI-2,f3283f727488ad98fe575ea6a5ac981e4a188e49,training,352
5ecac7f7,unsupported_shape_change,3,3,29,0,0,1.167994923889637e-06,,,,0,0.0,0.0,0.0,,,abstained,,0,0,,,,,,3,0,0.0,0.0,0,0.0,0.0,,0,,0,0.0,,,,ARC-AGI-2,f3283f727488ad98fe575ea6a5ac981e4a188e49,training,353
5ffb2104,no_deterministic_local_rule,3,1,29,0,29,0.011542344000190496,,,4,1,0.0,0.0,0.0,,,abstained,,0,0,,,,,,1,0,0.0,0.0,0,0.0,0.0,,0,,0,0.0,,,,ARC-AGI-2,f3283f727488ad98fe575ea6a5ac981e4a188e49,training,354
60a26a3e,no_deterministic_local_rule,3,1,29,0,29,0.02649122499860823,,,,0,0.0,0.0,0.0,,,abstained,,0,0,,,,,,1,0,0.0,0.0,0,0.0,0.0,,0,,0,0.0,,,,ARC-AGI-2,f3283f727488ad98fe575ea6a5ac981e4a188e49,training,355
60b61512,selected,2,1,29,2,27,0.012025194009765983,0.0,0.9320987654320988,,0,0.0,0.0,1.0,von_neumann_r2,1220.0,predicted_incorrect,von_neumann_r2,13,11,715.0,8.0,723.0,0.49382716049382713,0.49382716049382713,1,0,0.0,0.0,0,0.0,0.0,,1,0.8888888888888888,81,1.0,1.0,0.0,0.0,ARC-AGI-2,f3283f727488ad98fe575ea6a5ac981e4a188e49,training,356
60c09cac,unsupported_shape_change,2,1,29,0,0,1.6799895092844963e-06,,,1;6,2,0.0,0.0,0.0,,,abstained,,0,0,,,,,,1,0,0.0,0.0,0,0.0,0.0,,0,,0,0.0,,,,ARC-AGI-2,f3283f727488ad98fe575ea6a5ac981e4a188e49,training,357
60d73be6,no_deterministic_local_rule,3,1,29,0,29,0.0173512069741264,,,,0,0.0,0.0,0.0,,,abstained,,0,0,,,,,,1,0,0.0,0.0,0,0.0,0.0,,0,,0,0.0,,,,ARC-AGI-2,f3283f727488ad98fe575ea6a5ac981e4a188e49,training,358
6150a2bd,selected,2,1,29,3,26,0.00406017096247524,0.0,0.1111111111111111,4;6,2,0.0,0.0,1.0,moore_r1,1036.0,predicted_incorrect,moore_r1,9,16,716.0,8.0,724.0,0.0,0.0,1,0,0.0,0.0,0,0.0,0.0,,1,0.1111111111111111,9,1.0,1.0,0.0,0.0,ARC-AGI-2,f3283f727488ad98fe575ea6a5ac981e4a188e49,training,359
6165ea8f,unsupported_shape_change,3,2,29,0,0,1.2710224837064743e-06,,,9,1,0.0,0.0,0.0,,,abstained,,0,0,,,,,,2,0,0.0,0.0,0,0.0,0.0,,0,,0,0.0,,,,ARC-AGI-2,f3283f727488ad98fe575ea6a5ac981e4a188e49,training,360
623ea044,no_deterministic_local_rule,3,1,29,0,29,0.024109610938467085,,,6,1,0.0,0.0,0.0,,,abstained,,0,0,,,,,,1,0,0.0,0.0,0,0.0,0.0,,0,,0,0.0,,,,ARC-AGI-2,f3283f727488ad98fe575ea6a5ac981e4a188e49,training,361
626c0bcc,selected,3,1,29,1,28,0.011620752979069948,0.0,0.6802721088435374,,0,0.0,0.0,1.0,moore_r2,6727.0,predicted_incorrect,moore_r2,25,47,5062.0,8.0,5070.0,0.24489795918367346,0.24489795918367346,1,0,0.0,0.0,0,0.0,0.0,,1,0.673469387755102,49,1.0,1.0,0.0,0.0,ARC-AGI-2,f3283f727488ad98fe575ea6a5ac981e4a188e49,training,362
62ab2642,no_deterministic_local_rule,3,1,29,0,29,0.01514109701383859,,,,0,0.0,0.0,0.0,,,abstained,,0,0,,,,,,1,0,0.0,0.0,0,0.0,0.0,,0,,0,0.0,,,,ARC-AGI-2,f3283f727488ad98fe575ea6a5ac981e4a188e49,training,363
62b74c02,no_deterministic_local_rule,3,1,29,0,29,0.007893361966125667,,,,0,0.0,0.0,0.0,,,abstained,,0,0,,,,,,1,0,0.0,0.0,0,0.0,0.0,,0,,0,0.0,,,,ARC-AGI-2,f3283f727488ad98fe575ea6a5ac981e4a188e49,training,364
62c24649,unsupported_shape_change,3,1,29,0,0,1.51805579662323e-06,,,,0,0.0,0.0,0.0,,,abstained,,0,0,,,,,,1,0,0.0,0.0,0,0.0,0.0,,0,,0,0.0,,,,ARC-AGI-2,f3283f727488ad98fe575ea6a5ac981e4a188e49,training,365
6350f1f4,selected,4,1,29,2,27,0.026596586918458343,0.0,0.6198630136986302,,0,0.0,0.0,1.0,von_neumann_r2,15506.0,predicted_incorrect,von_neumann_r2,13,110,6262.0,8.0,6270.0,0.0,0.0,1,0,0.0,0.0,0,0.0,0.0,,1,0.5152354570637119,361,1.0,1.0,0.0,0.0,ARC-AGI-2,f3283f727488ad98fe575ea6a5ac981e4a188e49,training,366
63613498,selected,3,1,29,2,27,0.023206827929243445,0.0,0.96,2,1,0.0,0.0,1.0,von_neumann_r2,996.0,predicted_incorrect,von_neumann_r2,13,12,771.0,8.0,779.0,0.04,0.04,1,0,0.0,0.0,0,0.0,0.0,,1,0.96,100,1.0,1.0,0.0,0.0,ARC-AGI-2,f3283f727488ad98fe575ea6a5ac981e4a188e49,training,367
639f5a19,no_deterministic_local_rule,2,1,29,0,29,0.048867665929719806,,,,0,0.0,0.0,0.0,,,abstained,,0,0,,,,,,1,0,0.0,0.0,0,0.0,0.0,,0,,0,0.0,,,,ARC-AGI-2,f3283f727488ad98fe575ea6a5ac981e4a188e49,training,368
642248e4,no_deterministic_local_rule,3,1,29,0,29,0.020730818971060216,,,,0,0.0,0.0,0.0,,,abstained,,0,0,,,,,,1,0,0.0,0.0,0,0.0,0.0,,0,,0,0.0,,,,ARC-AGI-2,f3283f727488ad98fe575ea6a5ac981e4a188e49,training,369
642d658d,unsupported_shape_change,3,1,29,0,0,1.3370299711823463e-06,,,9,1,0.0,0.0,0.0,,,abstained,,0,0,,,,,,1,0,0.0,0.0,0,0.0,0.0,,0,,0,0.0,,,,ARC-AGI-2,f3283f727488ad98fe575ea6a5ac981e4a188e49,training,370
6430c8c4,unsupported_shape_change,4,1,29,0,0,8.360948413610458e-07,,,,0,0.0,0.0,0.0,,,abstained,,0,0,,,,,,1,0,0.0,0.0,0,0.0,0.0,,0,,0,0.0,,,,ARC-AGI-2,f3283f727488ad98fe575ea6a5ac981e4a188e49,training,371
6455b5f5,no_deterministic_local_rule,4,1,29,0,29,0.03782076691277325,,,,0,0.0,0.0,0.0,,,abstained,,0,0,,,,,,1,0,0.0,0.0,0,0.0,0.0,,0,,0,0.0,,,,ARC-AGI-2,f3283f727488ad98fe575ea6a5ac981e4a188e49,training,372
64a7c07e,no_deterministic_local_rule,3,1,29,0,29,0.014288997044786811,,,,0,0.0,0.0,0.0,,,abstained,,0,0,,,,,,1,0,0.0,0.0,0,0.0,0.0,,0,,0,0.0,,,,ARC-AGI-2,f3283f727488ad98fe575ea6a5ac981e4a188e49,training,373
652646ff,unsupported_shape_change,4,1,29,0,0,1.2950040400028229e-06,,,0,1,0.0,0.0,0.0,,,abstained,,0,0,,,,,,1,0,0.0,0.0,0,0.0,0.0,,0,,0,0.0,,,,ARC-AGI-2,f3283f727488ad98fe575ea6a5ac981e4a188e49,training,374
662c240a,unsupported_shape_change,4,1,29,0,0,8.869683369994164e-07,,,,0,0.0,0.0,0.0,,,abstained,,0,0,,,,,,1,0,0.0,0.0,0,0.0,0.0,,0,,0,0.0,,,,ARC-AGI-2,f3283f727488ad98fe575ea6a5ac981e4a188e49,training,375
668eec9a,unsupported_shape_change,3,1,29,0,0,1.7790589481592178e-06,,,5,1,0.0,0.0,0.0,,,abstained,,0,0,,,,,,1,0,0.0,0.0,0,0.0,0.0,,0,,0,0.0,,,,ARC-AGI-2,f3283f727488ad98fe575ea6a5ac981e4a188e49,training,376
66ac4c3b,no_deterministic_local_rule,2,1,29,0,29,0.044997195014730096,,,,0,0.0,0.0,0.0,,,abstained,,0,0,,,,,,1,0,0.0,0.0,0,0.0,0.0,,0,,0,0.0,,,,ARC-AGI-2,f3283f727488ad98fe575ea6a5ac981e4a188e49,training,377
66e6c45b,selected,2,1,29,3,26,0.004932823940180242,0.0,0.5,2;9,2,0.0,0.0,1.0,moore_r1,1036.0,predicted_incorrect,moore_r1,9,16,716.0,8.0,724.0,0.0,0.0,1,0,0.0,0.0,0,0.0,0.0,,1,0.5,16,1.0,1.0,0.0,0.0,ARC-AGI-2,f3283f727488ad98fe575ea6a5ac981e4a188e49,training,378
66f2d22f,unsupported_shape_change,4,1,29,0,0,1.3409880921244621e-06,,,,0,0.0,0.0,0.0,,,abstained,,0,0,,,,,,1,0,0.0,0.0,0,0.0,0.0,,0,,0,0.0,,,,ARC-AGI-2,f3283f727488ad98fe575ea6a5ac981e4a188e49,training,379
67385a82,selected,4,1,29,4,25,0.014040905982255936,0.25,0.810126582278481,,0,0.0,0.0,1.0,von_neumann_r1,529.0,predicted_incorrect,von_neumann_r1,5,18,481.0,8.0,489.0,0.8,0.8,1,0,0.0,0.0,0,0.0,0.0,moore_r1,1,0.92,25,1.0,1.0,0.0,0.0,ARC-AGI-2,f3283f727488ad98fe575ea6a5ac981e4a188e49,training,380
673ef223,no_deterministic_local_rule,3,1,29,0,29,0.02642301400192082,,,,0,0.0,0.0,0.0,,,abstained,,0,0,,,,,,1,0,0.0,0.0,0,0.0,0.0,,0,,0,0.0,,,,ARC-AGI-2,f3283f727488ad98fe575ea6a5ac981e4a188e49,training,381
67636eac,unsupported_shape_change,3,1,29,0,0,1.2699747458100319e-06,,,4,1,0.0,0.0,0.0,,,abstained,,0,0,,,,,,1,0,0.0,0.0,0,0.0,0.0,,0,,0,0.0,,,,ARC-AGI-2,f3283f727488ad98fe575ea6a5ac981e4a188e49,training,382
6773b310,unsupported_shape_change,4,1,29,0,0,8.828938007354736e-07,,,,0,0.0,0.0,0.0,,,abstained,,0,0,,,,,,1,0,0.0,0.0,0,0.0,0.0,,0,,0,0.0,,,,ARC-AGI-2,f3283f727488ad98fe575ea6a5ac981e4a188e49,training,383
67a3c6ac,selected,3,1,29,3,26,0.012202556012198329,0.0,0.2871287128712871,,0,0.0,0.0,1.0,moore_r1,3118.0,predicted_incorrect,moore_r1,9,72,2958.0,8.0,2966.0,0.0,0.0,1,0,0.0,0.0,0,0.0,0.0,,1,0.5555555555555556,9,1.0,1.0,0.0,0.0,ARC-AGI-2,f3283f727488ad98fe575ea6a5ac981e4a188e49,training,384
67a423a3,selected,3,1,29,3,26,0.012986312969587743,0.0,0.7931034482758621,5,1,0.0,0.0,1.0,moore_r1,1357.0,predicted_incorrect,moore_r1,9,24,1036.0,8.0,1044.0,0.5625,0.5625,1,0,0.0,0.0,0,0.0,0.0,,1,0.9444444444444444,144,1.0,1.0,0.0,0.0,ARC-AGI-2,f3283f727488ad98fe575ea6a5ac981e4a188e49,training,385
67c52801,no_deterministic_local_rule,4,1,29,0,29,0.013798392959870398,,,,0,0.0,0.0,0.0,,,abstained,,0,0,,,,,,1,0,0.0,0.0,0,0.0,0.0,,0,,0,0.0,,,,ARC-AGI-2,f3283f727488ad98fe575ea6a5ac981e4a188e49,training,386
67e8384a,unsupported_shape_change,4,1,29,0,0,2.262997440993786e-06,,,,0,0.0,0.0,0.0,,,abstained,,0,0,,,,,,1,0,0.0,0.0,0,0.0,0.0,,0,,0,0.0,,,,ARC-AGI-2,f3283f727488ad98fe575ea6a5ac981e4a188e49,training,387
681b3aeb,unsupported_shape_change,3,1,29,0,0,9.069917723536491e-07,,,2;8,2,0.0,0.0,0.0,,,abstained,,0,0,,,,,,1,0,0.0,0.0,0,0.0,0.0,,0,,0,0.0,,,,ARC-AGI-2,f3283f727488ad98fe575ea6a5ac981e4a188e49,training,388
6855a6e4,no_deterministic_local_rule,3,1,29,0,29,0.03192738792859018,,,,0,0.0,0.0,0.0,,,abstained,,0,0,,,,,,1,0,0.0,0.0,0,0.0,0.0,,0,,0,0.0,,,,ARC-AGI-2,f3283f727488ad98fe575ea6a5ac981e4a188e49,training,389
689c358e,no_deterministic_local_rule,2,1,29,0,29,0.012430987088009715,,,,0,0.0,0.0,0.0,,,abstained,,0,0,,,,,,1,0,0.0,0.0,0,0.0,0.0,,0,,0,0.0,,,,ARC-AGI-2,f3283f727488ad98fe575ea6a5ac981e4a188e49,training,390
68b16354,selected,3,1,29,4,25,0.013461965951137245,0.0,0.21212121212121213,,0,0.0,0.0,1.0,von_neumann_r1,2691.0,predicted_incorrect,von_neumann_r1,5,78,1923.0,8.0,1931.0,0.0,0.0,1,0,0.0,0.0,0,0.0,0.0,,1,0.3469387755102041,49,1.0,1.0,0.0,0.0,ARC-AGI-2,f3283f727488ad98fe575ea6a5ac981e4a188e49,training,391
68b67ca3,unsupported_shape_change,3,1,29,0,0,2.6479829102754593e-06,,,4;7,2,0.0,0.0,0.0,,,abstained,,0,0,,,,,,1,0,0.0,0.0,0,0.0,0.0,,0,,0,0.0,,,,ARC-AGI-2,f3283f727488ad98fe575ea6a5ac981e4a188e49,training,392
68bc2e87,unsupported_shape_change,4,1,29,0,0,8.710194379091263e-07,,,,0,0.0,0.0,0.0,,,abstained,,0,0,,,,,,1,0,0.0,0.0,0,0.0,0.0,,0,,0,0.0,,,,ARC-AGI-2,f3283f727488ad98fe575ea6a5ac981e4a188e49,training,393
692cd3b6,no_deterministic_local_rule,3,1,29,0,29,0.032025202992372215,,,,0,0.0,0.0,0.0,,,abstained,,0,0,,,,,,1,0,0.0,0.0,0,0.0,0.0,,0,,0,0.0,,,,ARC-AGI-2,f3283f727488ad98fe575ea6a5ac981e4a188e49,training,394
694f12f3,no_deterministic_local_rule,2,1,29,0,29,0.010500256903469563,,,,0,0.0,0.0,0.0,,,abstained,,0,0,,,,,,1,0,0.0,0.0,0,0.0,0.0,,0,,0,0.0,,,,ARC-AGI-2,f3283f727488ad98fe575ea6a5ac981e4a188e49,training,395
695367ec,unsupported_shape_change,3,1,29,0,0,1.3009412214159966e-06,,,4,1,0.0,0.0,0.0,,,abstained,,0,0,,,,,,1,0,0.0,0.0,0,0.0,0.0,,0,,0,0.0,,,,ARC-AGI-2,f3283f727488ad98fe575ea6a5ac981e4a188e49,training,396
696d4842,no_deterministic_local_rule,3,1,29,0,29,0.07752651197370142,,,,0,0.0,0.0,0.0,,,abstained,,0,0,,,,,,1,0,0.0,0.0,0,0.0,0.0,,0,,0,0.0,,,,ARC-AGI-2,f3283f727488ad98fe575ea6a5ac981e4a188e49,training,397
69889d6e,no_deterministic_local_rule,4,1,29,0,29,0.020758269005455077,,,,0,0.0,0.0,0.0,,,abstained,,0,0,,,,,,1,0,0.0,0.0,0,0.0,0.0,,0,,0,0.0,,,,ARC-AGI-2,f3283f727488ad98fe575ea6a5ac981e4a188e49,training,398
6a11f6da,unsupported_shape_change,5,1,29,0,0,1.4899997040629387e-06,,,,0,0.0,0.0,0.0,,,abstained,,0,0,,,,,,1,0,0.0,0.0,0,0.0,0.0,,0,,0,0.0,,,,ARC-AGI-2,f3283f727488ad98fe575ea6a5ac981e4a188e49,training,399
6a1e5592,no_deterministic_local_rule,2,1,29,0,29,0.014832434011623263,,,,0,0.0,0.0,0.0,,,abstained,,0,0,,,,,,1,0,0.0,0.0,0,0.0,0.0,,0,,0,0.0,,,,ARC-AGI-2,f3283f727488ad98fe575ea6a5ac981e4a188e49,training,400
6a980be1,no_deterministic_local_rule,3,1,29,0,29,0.040995617979206145,,,1,1,0.0,0.0,0.0,,,abstained,,0,0,,,,,,1,0,0.0,0.0,0,0.0,0.0,,0,,0,0.0,,,,ARC-AGI-2,f3283f727488ad98fe575ea6a5ac981e4a188e49,training,401
6aa20dc0,no_deterministic_local_rule,3,1,29,0,29,0.058261088910512626,,,,0,0.0,0.0,0.0,,,abstained,,0,0,,,,,,1,0,0.0,0.0,0,0.0,0.0,,0,,0,0.0,,,,ARC-AGI-2,f3283f727488ad98fe575ea6a5ac981e4a188e49,training,402
6ad5bdfd,selected,3,1,29,2,27,0.015118160983547568,0.0,0.6303030303030303,,0,0.0,0.0,1.0,von_neumann_r2,5198.0,predicted_incorrect,von_neumann_r2,13,60,3461.0,8.0,3469.0,0.0,0.0,1,0,0.0,0.0,0,0.0,0.0,,1,0.69,100,1.0,1.0,0.0,0.0,ARC-AGI-2,f3283f727488ad98fe575ea6a5ac981e4a188e49,training,403
6b9890af,unsupported_shape_change,3,1,29,0,0,1.558917574584484e-06,,,3,1,0.0,0.0,0.0,,,abstained,,0,0,,,,,,1,0,0.0,0.0,0,0.0,0.0,,0,,0,0.0,,,,ARC-AGI-2,f3283f727488ad98fe575ea6a5ac981e4a188e49,training,404
6bcdb01e,selected,2,1,29,1,28,0.006148932967334986,0.0,0.7027027027027027,,0,0.0,0.0,1.0,moore_r2,4750.0,predicted_incorrect,moore_r2,25,22,2461.0,8.0,2469.0,0.0,0.0,1,0,0.0,0.0,0,0.0,0.0,,1,0.65625,64,1.0,1.0,0.0,0.0,ARC-AGI-2,f3283f727488ad98fe575ea6a5ac981e4a188e49,training,405
6c434453,selected,2,1,29,2,27,0.014338187989778817,0.0,0.895,,0,0.0,0.0,1.0,von_neumann_r2,1949.0,predicted_incorrect,von_neumann_r2,13,27,1612.0,8.0,1620.0,0.39,0.39,1,0,0.0,0.0,0,0.0,0.0,,1,0.94,100,1.0,1.0,0.0,0.0,ARC-AGI-2,f3283f727488ad98fe575ea6a5ac981e4a188e49,training,406
6ca952ad,no_deterministic_local_rule,3,1,29,0,29,0.025666253990493715,,,4,1,0.0,0.0,0.0,,,abstained,,0,0,,,,,,1,0,0.0,0.0,0,0.0,0.0,,0,,0,0.0,,,,ARC-AGI-2,f3283f727488ad98fe575ea6a5ac981e4a188e49,training,407
6cbe9eb8,unsupported_shape_change,3,1,29,0,0,1.508975401520729e-06,,,9,1,0.0,0.0,0.0,,,abstained,,0,0,,,,,,1,0,0.0,0.0,0,0.0,0.0,,0,,0,0.0,,,,ARC-AGI-2,f3283f727488ad98fe575ea6a5ac981e4a188e49,training,408
6cdd2623,no_deterministic_local_rule,3,1,29,0,29,0.03559422597754747,,,6;7,2,0.0,0.0,0.0,,,abstained,,0,0,,,,,,1,0,0.0,0.0,0,0.0,0.0,,0,,0,0.0,,,,ARC-AGI-2,f3283f727488ad98fe575ea6a5ac981e4a188e49,training,409
6cf79266,selected,3,1,29,2,27,0.08288268791511655,0.0,0.97,4,1,0.0,0.0,1.0,von_neumann_r2,3630.0,predicted_incorrect,von_neumann_r2,13,36,2117.0,8.0,2125.0,0.0,0.0,1,0,0.0,0.0,0,0.0,0.0,,1,0.9325,400,1.0,1.0,0.0,0.0,ARC-AGI-2,f3283f727488ad98fe575ea6a5ac981e4a188e49,training,410
6d0160f0,selected,4,1,29,3,26,0.04582747595850378,0.0,0.7768595041322314,,0,0.0,0.0,1.0,moore_r1,5841.0,predicted_incorrect,moore_r1,9,110,4478.0,8.0,4486.0,0.12396694214876033,0.12396694214876033,1,0,0.0,0.0,0,0.0,0.0,von_neumann_r2,1,0.71900826446281,121,1.0,1.0,0.0,0.0,ARC-AGI-2,f3283f727488ad98fe575ea6a5ac981e4a188e49,training,411
6d0aefbc,unsupported_shape_change,4,1,29,0,0,1.600012183189392e-06,,,,0,0.0,0.0,0.0,,,abstained,,0,0,,,,,,1,0,0.0,0.0,0,0.0,0.0,,0,,0,0.0,,,,ARC-AGI-2,f3283f727488ad98fe575ea6a5ac981e4a188e49,training,412
6d1d5c90,unsupported_shape_change,3,1,29,0,0,8.00006091594696e-07,,,,0,0.0,0.0,0.0,,,abstained,,0,0,,,,,,1,0,0.0,0.0,0,0.0,0.0,,0,,0,0.0,,,,ARC-AGI-2,f3283f727488ad98fe575ea6a5ac981e4a188e49,training,413
6d58a25d,no_deterministic_local_rule,3,1,29,0,29,0.054983288049697876,,,1;6,2,0.0,0.0,0.0,,,abstained,,0,0,,,,,,1,0,0.0,0.0,0,0.0,0.0,,0,,0,0.0,,,,ARC-AGI-2,f3283f727488ad98fe575ea6a5ac981e4a188e49,training,414
6d75e8bb,selected,3,1,29,2,27,0.02111344994045794,0.0,0.8768656716417911,,0,0.0,0.0,1.0,moore_r2,5478.0,predicted_incorrect,von_neumann_r2,13,33,1949.0,8.0,1957.0,0.31313131313131315,0.31313131313131315,1,0,0.0,0.0,0,0.0,0.0,moore_r2,1,0.8282828282828283,99,1.0,1.0,0.0,0.0,ARC-AGI-2,f3283f727488ad98fe575ea6a5ac981e4a188e49,training,415
6df30ad6,selected,5,1,29,2,27,0.045432572020217776,0.0,0.828,,0,0.0,0.0,1.0,von_neumann_r2,6206.0,predicted_incorrect,von_neumann_r2,13,85,4862.0,8.0,4870.0,0.13,0.13,1,0,0.0,0.0,0,0.0,0.0,moore_r2,1,0.76,100,1.0,1.0,0.0,0.0,ARC-AGI-2,f3283f727488ad98fe575ea6a5ac981e4a188e49,training,416
6e02f1e3,selected,5,1,29,2,27,0.010798968025483191,0.0,0.0,,0,0.0,0.0,1.0,von_neumann_r2,3125.0,predicted_incorrect,von_neumann_r2,13,45,2621.0,8.0,2629.0,0.0,0.0,1,0,0.0,0.0,0,0.0,0.0,,1,0.0,9,1.0,1.0,0.0,0.0,ARC-AGI-2,f3283f727488ad98fe575ea6a5ac981e4a188e49,training,417
6e19193c,no_deterministic_local_rule,2,1,29,0,29,0.010593986022286117,,,8,1,0.0,0.0,0.0,,,abstained,,0,0,,,,,,1,0,0.0,0.0,0,0.0,0.0,,0,,0,0.0,,,,ARC-AGI-2,f3283f727488ad98fe575ea6a5ac981e4a188e49,training,418
6e82a1ae,selected,3,1,29,2,27,0.023228020989336073,0.0,0.87,,0,0.0,0.0,0.0,,,predicted_incorrect,von_neumann_r2,13,42,2453.0,8.0,2461.0,0.44,0.44,1,0,0.0,0.0,0,0.0,0.0,,1,0.86,100,1.0,1.0,0.0,0.0,ARC-AGI-2,f3283f727488ad98fe575ea6a5ac981e4a188e49,training,419
6ea4a07e,selected,6,2,29,3,26,0.016142916050739586,0.0,0.07407407407407407,,0,0.0,0.0,1.0,moore_r1,2878.0,predicted_incorrect,moore_r1,9,52,2157.0,8.0,2165.0,0.0,0.0,2,0,0.0,0.0,0,0.0,0.0,,2,0.0,18,1.0,1.0,0.0,0.0,ARC-AGI-2,f3283f727488ad98fe575ea6a5ac981e4a188e49,training,420
6ecd11f4,unsupported_shape_change,3,1,29,0,0,3.112945705652237e-06,,,,0,0.0,0.0,0.0,,,abstained,,0,0,,,,,,1,0,0.0,0.0,0,0.0,0.0,,0,,0,0.0,,,,ARC-AGI-2,f3283f727488ad98fe575ea6a5ac981e4a188e49,training,421
6f473927,unsupported_shape_change,4,1,29,0,0,8.749775588512421e-07,,,,0,0.0,0.0,0.0,,,abstained,,0,0,,,,,,1,0,0.0,0.0,0,0.0,0.0,,0,,0,0.0,,,,ARC-AGI-2,f3283f727488ad98fe575ea6a5ac981e4a188e49,training,422
6f8cd79b,selected,4,1,29,4,25,0.013290090952068567,1.0,1.0,,0,0.0,0.0,1.0,von_neumann_r1,240.0,solved,von_neumann_r1,5,8,240.0,8.0,248.0,1.0,1.0,1,1,1.0,1.0,1,1.0,1.0,,1,1.0,42,1.0,1.0,0.0,0.0,ARC-AGI-2,f3283f727488ad98fe575ea6a5ac981e4a188e49,training,423
6fa7a44f,unsupported_shape_change,4,1,29,0,0,6.7320652306079865e-06,,,,0,0.0,0.0,0.0,,,abstained,,0,0,,,,,,1,0,0.0,0.0,0,0.0,0.0,,0,,0,0.0,,,,ARC-AGI-2,f3283f727488ad98fe575ea6a5ac981e4a188e49,training,424
6ffe8f07,no_deterministic_local_rule,4,2,29,0,29,0.06566702597774565,,,,0,0.0,0.0,0.0,,,abstained,,0,0,,,,,,2,0,0.0,0.0,0,0.0,0.0,,0,,0,0.0,,,,ARC-AGI-2,f3283f727488ad98fe575ea6a5ac981e4a188e49,training,425
7039b2d7,unsupported_shape_change,3,1,29,0,0,1.4889519661664963e-06,,,,0,0.0,0.0,0.0,,,abstained,,0,0,,,,,,1,0,0.0,0.0,0,0.0,0.0,,0,,0,0.0,,,,ARC-AGI-2,f3283f727488ad98fe575ea6a5ac981e4a188e49,training,426
705a3229,no_deterministic_local_rule,4,1,29,0,29,0.027906115050427616,,,6,1,0.0,0.0,0.0,,,abstained,,0,0,,,,,,1,0,0.0,0.0,0,0.0,0.0,,0,,0,0.0,,,,ARC-AGI-2,f3283f727488ad98fe575ea6a5ac981e4a188e49,training,427
712bf12e,selected,3,1,29,1,28,0.03402660391293466,0.0,0.797373358348968,,0,0.0,0.0,1.0,moore_r2,14426.0,predicted_incorrect,moore_r2,25,109,11511.0,8.0,11519.0,0.011834319526627219,0.011834319526627219,1,0,0.0,0.0,0,0.0,0.0,,1,0.834319526627219,169,1.0,1.0,0.0,0.0,ARC-AGI-2,f3283f727488ad98fe575ea6a5ac981e4a188e49,training,428
72207abc,no_deterministic_local_rule,3,1,29,0,29,0.01139919098932296,,,,0,0.0,0.0,0.0,,,abstained,,0,0,,,,,,1,0,0.0,0.0,0,0.0,0.0,,0,,0,0.0,,,,ARC-AGI-2,f3283f727488ad98fe575ea6a5ac981e4a188e49,training,429
72322fa7,no_deterministic_local_rule,3,1,29,0,29,0.03353933698963374,,,7,1,0.0,0.0,0.0,,,abstained,,0,0,,,,,,1,0,0.0,0.0,0,0.0,0.0,,0,,0,0.0,,,,ARC-AGI-2,f3283f727488ad98fe575ea6a5ac981e4a188e49,training,430
72a961c9,no_deterministic_local_rule,4,1,29,0,29,0.01799381896853447,,,,0,0.0,0.0,0.0,,,abstained,,0,0,,,,,,1,0,0.0,0.0,0,0.0,0.0,,0,,0,0.0,,,,ARC-AGI-2,f3283f727488ad98fe575ea6a5ac981e4a188e49,training,431
72ca375d,unsupported_shape_change,3,1,29,0,0,1.5370314940810204e-06,,,9,1,0.0,0.0,0.0,,,abstained,,0,0,,,,,,1,0,0.0,0.0,0,0.0,0.0,,0,,0,0.0,,,,ARC-AGI-2,f3283f727488ad98fe575ea6a5ac981e4a188e49,training,432
73182012,unsupported_shape_change,3,1,29,0,0,1.8370337784290314e-06,,,6,1,0.0,0.0,0.0,,,abstained,,0,0,,,,,,1,0,0.0,0.0,0,0.0,0.0,,0,,0,0.0,,,,ARC-AGI-2,f3283f727488ad98fe575ea6a5ac981e4a188e49,training,433
73c3b0d8,no_deterministic_local_rule,4,1,29,0,29,0.012527190963737667,,,,0,0.0,0.0,0.0,,,abstained,,0,0,,,,,,1,0,0.0,0.0,0,0.0,0.0,,0,,0,0.0,,,,ARC-AGI-2,f3283f727488ad98fe575ea6a5ac981e4a188e49,training,434
73ccf9c2,unsupported_shape_change,3,1,29,0,0,1.2030359357595444e-06,,,8,1,0.0,0.0,0.0,,,abstained,,0,0,,,,,,1,0,0.0,0.0,0,0.0,0.0,,0,,0,0.0,,,,ARC-AGI-2,f3283f727488ad98fe575ea6a5ac981e4a188e49,training,435
7447852a,no_deterministic_local_rule,3,1,29,0,29,0.008281170041300356,,,,0,0.0,0.0,0.0,,,abstained,,0,0,,,,,,1,0,0.0,0.0,0,0.0,0.0,,0,,0,0.0,,,,ARC-AGI-2,f3283f727488ad98fe575ea6a5ac981e4a188e49,training,436
7468f01a,unsupported_shape_change,3,1,29,0,0,1.3969838619232178e-06,,,,0,0.0,0.0,0.0,,,abstained,,0,0,,,,,,1,0,0.0,0.0,0,0.0,0.0,,0,,0,0.0,,,,ARC-AGI-2,f3283f727488ad98fe575ea6a5ac981e4a188e49,training,437
746b3537,unsupported_shape_change,5,1,29,0,0,8.619390428066254e-07,,,,0,0.0,0.0,0.0,,,abstained,,0,0,,,,,,1,0,0.0,0.0,0,0.0,0.0,,0,,0,0.0,,,,ARC-AGI-2,f3283f727488ad98fe575ea6a5ac981e4a188e49,training,438
74dd1130,selected,4,1,29,4,25,0.01018476695753634,0.0,0.5,3;4,2,0.0,0.0,1.0,von_neumann_r1,625.0,predicted_incorrect,von_neumann_r1,5,18,481.0,8.0,489.0,0.0,0.0,1,0,0.0,0.0,0,0.0,0.0,,1,0.3333333333333333,9,1.0,1.0,0.0,0.0,ARC-AGI-2,f3283f727488ad98fe575ea6a5ac981e4a188e49,training,439
753ea09b,no_deterministic_local_rule,3,1,29,0,29,0.1234264939557761,,,1;2,2,0.0,0.0,0.0,,,abstained,,0,0,,,,,,1,0,0.0,0.0,0,0.0,0.0,,0,,0,0.0,,,,ARC-AGI-2,f3283f727488ad98fe575ea6a5ac981e4a188e49,training,440
758abdf0,no_deterministic_local_rule,2,1,29,0,29,0.012896464089863002,,,,0,0.0,0.0,0.0,,,abstained,,0,0,,,,,,1,0,0.0,0.0,0,0.0,0.0,,0,,0,0.0,,,,ARC-AGI-2,f3283f727488ad98fe575ea6a5ac981e4a188e49,training,441
759f3fd3,no_deterministic_local_rule,2,1,29,0,29,0.023422731901519,,,,0,0.0,0.0,0.0,,,abstained,,0,0,,,,,,1,0,0.0,0.0,0,0.0,0.0,,0,,0,0.0,,,,ARC-AGI-2,f3283f727488ad98fe575ea6a5ac981e4a188e49,training,442
75b8110e,unsupported_shape_change,5,1,29,0,0,1.6720732674002647e-06,,,,0,0.0,0.0,0.0,,,abstained,,0,0,,,,,,1,0,0.0,0.0,0,0.0,0.0,,0,,0,0.0,,,,ARC-AGI-2,f3283f727488ad98fe575ea6a5ac981e4a188e49,training,443
760b3cac,no_deterministic_local_rule,3,1,29,0,29,0.009732834063470364,,,,0,0.0,0.0,0.0,,,abstained,,0,0,,,,,,1,0,0.0,0.0,0,0.0,0.0,,0,,0,0.0,,,,ARC-AGI-2,f3283f727488ad98fe575ea6a5ac981e4a188e49,training,444
762cd429,no_deterministic_local_rule,3,1,29,0,29,0.03638526191934943,,,8,1,0.0,0.0,0.0,,,abstained,,0,0,,,,,,1,0,0.0,0.0,0,0.0,0.0,,0,,0,0.0,,,,ARC-AGI-2,f3283f727488ad98fe575ea6a5ac981e4a188e49,training,445
770cc55f,no_deterministic_local_rule,4,1,29,0,29,0.013984636985696852,,,7,1,0.0,0.0,0.0,,,abstained,,0,0,,,,,,1,0,0.0,0.0,0,0.0,0.0,,0,,0,0.0,,,,ARC-AGI-2,f3283f727488ad98fe575ea6a5ac981e4a188e49,training,446
776ffc46,no_deterministic_local_rule,4,1,29,0,29,0.07303601293824613,,,,0,0.0,0.0,0.0,,,abstained,,0,0,,,,,,1,0,0.0,0.0,0,0.0,0.0,,0,,0,0.0,,,,ARC-AGI-2,f3283f727488ad98fe575ea6a5ac981e4a188e49,training,447
77fdfe62,unsupported_shape_change,3,1,29,0,0,1.7810380086302757e-06,,,5,1,0.0,0.0,0.0,,,abstained,,0,0,,,,,,1,0,0.0,0.0,0,0.0,0.0,,0,,0,0.0,,,,ARC-AGI-2,f3283f727488ad98fe575ea6a5ac981e4a188e49,training,448
780d0b14,unsupported_shape_change,3,1,29,0,0,7.629860192537308e-07,,,,0,0.0,0.0,0.0,,,abstained,,0,0,,,,,,1,0,0.0,0.0,0,0.0,0.0,,0,,0,0.0,,,,ARC-AGI-2,f3283f727488ad98fe575ea6a5ac981e4a188e49,training,449
782b5218,selected,3,1,29,2,27,0.023832047008909285,0.0,0.56,9,1,0.0,0.0,1.0,von_neumann_r2,9737.0,predicted_incorrect,von_neumann_r2,13,132,7497.0,8.0,7505.0,0.0,0.0,1,0,0.0,0.0,0,0.0,0.0,,1,0.6,100,1.0,1.0,0.0,0.0,ARC-AGI-2,f3283f727488ad98fe575ea6a5ac981e4a188e49,training,450
7837ac64,unsupported_shape_change,4,1,29,0,0,1.5759142115712166e-06,,,,0,0.0,0.0,0.0,,,abstained,,0,0,,,,,,1,0,0.0,0.0,0,0.0,0.0,,0,,0,0.0,,,,ARC-AGI-2,f3283f727488ad98fe575ea6a5ac981e4a188e49,training,451
78e78cff,no_deterministic_local_rule,2,1,29,0,29,0.01278640003874898,,,4;8,2,0.0,0.0,0.0,,,abstained,,0,0,,,,,,1,0,0.0,0.0,0,0.0,0.0,,0,,0,0.0,,,,ARC-AGI-2,f3283f727488ad98fe575ea6a5ac981e4a188e49,training,452
79369cc6,selected,3,1,29,3,26,0.06348364299628884,0.0,0.9788819875776398,,0,0.0,0.0,1.0,moore_r1,1477.0,predicted_incorrect,moore_r1,9,17,756.0,8.0,764.0,0.016666666666666666,0.016666666666666666,1,0,0.0,0.0,0,0.0,0.0,,1,0.925,240,1.0,1.0,0.0,0.0,ARC-AGI-2,f3283f727488ad98fe575ea6a5ac981e4a188e49,training,453
794b24be,selected,10,2,29,1,28,0.020875800983048975,0.0,0.5333333333333333,,0,0.0,0.0,1.0,moore_r2,5478.0,predicted_incorrect,moore_r2,25,42,4542.0,8.0,4550.0,0.0,0.0,2,0,0.0,0.0,0,0.0,0.0,,2,0.5,18,1.0,1.0,0.0,0.0,ARC-AGI-2,f3283f727488ad98fe575ea6a5ac981e4a188e49,training,454
7953d61e,unsupported_shape_change,5,1,29,0,0,1.5939585864543915e-06,,,,0,0.0,0.0,0.0,,,abstained,,0,0,,,,,,1,0,0.0,0.0,0,0.0,0.0,,0,,0,0.0,,,,ARC-AGI-2,f3283f727488ad98fe575ea6a5ac981e4a188e49,training,455
79cce52d,unsupported_shape_change,3,1,29,0,0,3.0689407140016556e-06,,,,0,0.0,0.0,0.0,,,abstained,,0,0,,,,,,1,0,0.0,0.0,0,0.0,0.0,,0,,0,0.0,,,,ARC-AGI-2,f3283f727488ad98fe575ea6a5ac981e4a188e49,training,456
7acdf6d3,no_deterministic_local_rule,2,1,29,0,29,0.020098833017982543,,,,0,0.0,0.0,0.0,,,abstained,,0,0,,,,,,1,0,0.0,0.0,0,0.0,0.0,,0,,0,0.0,,,,ARC-AGI-2,f3283f727488ad98fe575ea6a5ac981e4a188e49,training,457
7b6016b9,no_deterministic_local_rule,3,1,29,0,29,0.07234449498355389,,,7,1,0.0,0.0,0.0,,,abstained,,0,0,,,,,,1,0,0.0,0.0,0,0.0,0.0,,0,,0,0.0,,,,ARC-AGI-2,f3283f727488ad98fe575ea6a5ac981e4a188e49,training,458
7b7f7511,unsupported_shape_change,3,1,29,0,0,1.5300465747714043e-06,,,5,1,0.0,0.0,0.0,,,abstained,,0,0,,,,,,1,0,0.0,0.0,0,0.0,0.0,,0,,0,0.0,,,,ARC-AGI-2,f3283f727488ad98fe575ea6a5ac981e4a188e49,training,459
7bb29440,unsupported_shape_change,5,1,29,0,0,6.629852578043938e-07,,,,0,0.0,0.0,0.0,,,abstained,,0,0,,,,,,1,0,0.0,0.0,0,0.0,0.0,,0,,0,0.0,,,,ARC-AGI-2,f3283f727488ad98fe575ea6a5ac981e4a188e49,training,460
7c008303,unsupported_shape_change,3,1,29,0,0,6.909249350428581e-07,,,7,1,0.0,0.0,0.0,,,abstained,,0,0,,,,,,1,0,0.0,0.0,0,0.0,0.0,,0,,0,0.0,,,,ARC-AGI-2,f3283f727488ad98fe575ea6a5ac981e4a188e49,training,461
7c8af763,no_deterministic_local_rule,3,1,29,0,29,0.015657837968319654,,,,0,0.0,0.0,0.0,,,abstained,,0,0,,,,,,1,0,0.0,0.0,0,0.0,0.0,,0,,0,0.0,,,,ARC-AGI-2,f3283f727488ad98fe575ea6a5ac981e4a188e49,training,462
7c9b52a0,unsupported_shape_change,3,1,29,0,0,2.2990861907601357e-06,,,6,1,0.0,0.0,0.0,,,abstained,,0,0,,,,,,1,0,0.0,0.0,0,0.0,0.0,,0,,0,0.0,,,,ARC-AGI-2,f3283f727488ad98fe575ea6a5ac981e4a188e49,training,463
7d18a6fb,unsupported_shape_change,3,1,29,0,0,7.889466360211372e-07,,,,0,0.0,0.0,0.0,,,abstained,,0,0,,,,,,1,0,0.0,0.0,0,0.0,0.0,,0,,0,0.0,,,,ARC-AGI-2,f3283f727488ad98fe575ea6a5ac981e4a188e49,training,464
7d1f7ee8,no_deterministic_local_rule,3,1,29,0,29,0.06667674100026488,,,,0,0.0,0.0,0.0,,,abstained,,0,0,,,,,,1,0,0.0,0.0,0,0.0,0.0,,0,,0,0.0,,,,ARC-AGI-2,f3283f727488ad98fe575ea6a5ac981e4a188e49,training,465
7d419a02,no_deterministic_local_rule,3,1,29,0,29,0.03758555999957025,,,,0,0.0,0.0,0.0,,,abstained,,0,0,,,,,,1,0,0.0,0.0,0,0.0,0.0,,0,,0,0.0,,,,ARC-AGI-2,f3283f727488ad98fe575ea6a5ac981e4a188e49,training,466
7d7772cc,no_deterministic_local_rule,2,1,29,0,29,0.02399709599558264,,,,0,0.0,0.0,0.0,,,abstained,,0,0,,,,,,1,0,0.0,0.0,0,0.0,0.0,,0,,0,0.0,,,,ARC-AGI-2,f3283f727488ad98fe575ea6a5ac981e4a188e49,training,467
7ddcd7ec,no_deterministic_local_rule,3,1,29,0,29,0.015569244977086782,,,8,1,0.0,0.0,0.0,,,abstained,,0,0,,,,,,1,0,0.0,0.0,0,0.0,0.0,,0,,0,0.0,,,,ARC-AGI-2,f3283f727488ad98fe575ea6a5ac981e4a188e49,training,468
7df24a62,no_deterministic_local_rule,4,1,29,0,29,0.09718976495787501,,,,0,0.0,0.0,0.0,,,abstained,,0,0,,,,,,1,0,0.0,0.0,0,0.0,0.0,,0,,0,0.0,,,,ARC-AGI-2,f3283f727488ad98fe575ea6a5ac981e4a188e49,training,469
7e02026e,selected,3,1,29,2,27,0.03160240896977484,0.0,0.9097222222222222,,0,0.0,0.0,1.0,von_neumann_r2,3237.0,predicted_incorrect,von_neumann_r2,13,39,2285.0,8.0,2293.0,0.034722222222222224,0.034722222222222224,1,0,0.0,0.0,0,0.0,0.0,moore_r2,1,0.8819444444444444,144,1.0,1.0,0.0,0.0,ARC-AGI-2,f3283f727488ad98fe575ea6a5ac981e4a188e49,training,470
7e0986d6,selected,2,1,29,4,25,0.030262041022069752,0.0,0.9282051282051282,4;5,2,0.0,0.0,1.0,von_neumann_r1,818.0,predicted_incorrect,von_neumann_r1,5,21,553.0,8.0,561.0,0.22549019607843138,0.22549019607843138,1,0,0.0,0.0,0,0.0,0.0,,1,0.9362745098039216,204,1.0,1.0,0.0,0.0,ARC-AGI-2,f3283f727488ad98fe575ea6a5ac981e4a188e49,training,471
7e2bad24,no_deterministic_local_rule,3,2,29,0,29,0.03579105495009571,,,,0,0.0,0.0,0.0,,,abstained,,0,0,,,,,,2,0,0.0,0.0,0,0.0,0.0,,0,,0,0.0,,,,ARC-AGI-2,f3283f727488ad98fe575ea6a5ac981e4a188e49,training,472
7e4d4f7c,unsupported_shape_change,4,1,29,0,0,1.4890683814883232e-06,,,8,1,0.0,0.0,0.0,,,abstained,,0,0,,,,,,1,0,0.0,0.0,0,0.0,0.0,,0,,0,0.0,,,,ARC-AGI-2,f3283f727488ad98fe575ea6a5ac981e4a188e49,training,473
7e576d6e,no_deterministic_local_rule,3,1,29,0,29,0.12352223403286189,,,,0,0.0,0.0,0.0,,,abstained,,0,0,,,,,,1,0,0.0,0.0,0,0.0,0.0,,0,,0,0.0,,,,ARC-AGI-2,f3283f727488ad98fe575ea6a5ac981e4a188e49,training,474
7ec998c9,no_deterministic_local_rule,3,1,29,0,29,0.008568707969971001,,,5;6,2,0.0,0.0,0.0,,,abstained,,0,0,,,,,,1,0,0.0,0.0,0,0.0,0.0,,0,,0,0.0,,,,ARC-AGI-2,f3283f727488ad98fe575ea6a5ac981e4a188e49,training,475
7ee1c6ea,selected,3,1,29,4,25,0.02914915489964187,0.0,0.78,1;7,2,0.0,0.0,1.0,von_neumann_r1,2235.0,predicted_incorrect,von_neumann_r1,5,64,1587.0,8.0,1595.0,0.02,0.02,1,0,0.0,0.0,0,0.0,0.0,,1,0.72,100,1.0,1.0,0.0,0.0,ARC-AGI-2,f3283f727488ad98fe575ea6a5ac981e4a188e49,training,476
7f4411dc,selected,3,1,29,4,25,0.04502458602655679,0.0,0.9566074950690335,8,1,0.0,0.0,1.0,von_neumann_r1,529.0,predicted_incorrect,von_neumann_r1,5,13,360.0,8.0,368.0,0.22,0.22,1,0,0.0,0.0,0,0.0,0.0,,1,0.9,100,1.0,1.0,0.0,0.0,ARC-AGI-2,f3283f727488ad98fe575ea6a5ac981e4a188e49,training,477
7fe24cdd,unsupported_shape_change,3,1,29,0,0,1.5079276636242867e-06,,,1,1,0.0,0.0,0.0,,,abstained,,0,0,,,,,,1,0,0.0,0.0,0,0.0,0.0,,0,,0,0.0,,,,ARC-AGI-2,f3283f727488ad98fe575ea6a5ac981e4a188e49,training,478
80214e03,unsupported_shape_change,3,1,29,0,0,9.270152077078819e-07,,,7;9,2,0.0,0.0,0.0,,,abstained,,0,0,,,,,,1,0,0.0,0.0,0,0.0,0.0,,0,,0,0.0,,,,ARC-AGI-2,f3283f727488ad98fe575ea6a5ac981e4a188e49,training,479
80af3007,unsupported_shape_change,3,1,29,0,0,8.200295269489288e-07,,,,0,0.0,0.0,0.0,,,abstained,,0,0,,,,,,1,0,0.0,0.0,0,0.0,0.0,,0,,0,0.0,,,,ARC-AGI-2,f3283f727488ad98fe575ea6a5ac981e4a188e49,training,480
810b9b61,selected,3,1,29,1,28,0.03291226294822991,0.0,0.8945386064030132,,0,0.0,0.0,1.0,moore_r2,7767.0,predicted_incorrect,moore_r2,25,58,6206.0,8.0,6214.0,0.10416666666666667,0.10416666666666667,1,0,0.0,0.0,0,0.0,0.0,,1,0.8958333333333334,144,1.0,1.0,0.0,0.0,ARC-AGI-2,f3283f727488ad98fe575ea6a5ac981e4a188e49,training,481
817e6c09,no_deterministic_local_rule,5,1,29,0,29,0.021800330956466496,,,,0,0.0,0.0,0.0,,,abstained,,0,0,,,,,,1,0,0.0,0.0,0,0.0,0.0,,0,,0,0.0,,,,ARC-AGI-2,f3283f727488ad98fe575ea6a5ac981e4a188e49,training,482
81c0276b,unsupported_shape_change,3,1,29,0,0,2.361019141972065e-06,,,,0,0.0,0.0,0.0,,,abstained,,0,0,,,,,,1,0,0.0,0.0,0,0.0,0.0,,0,,0,0.0,,,,ARC-AGI-2,f3283f727488ad98fe575ea6a5ac981e4a188e49,training,483
825aa9e9,selected,4,1,29,1,28,0.018245149054564536,0.0,0.8508771929824561,,0,0.0,0.0,0.0,,,predicted_incorrect,moore_r2,25,34,3710.0,8.0,3718.0,0.07,0.07,1,0,0.0,0.0,0,0.0,0.0,,1,0.835,200,1.0,1.0,0.0,0.0,ARC-AGI-2,f3283f727488ad98fe575ea6a5ac981e4a188e49,training,484
82819916,no_deterministic_local_rule,4,1,29,0,29,0.01673230796586722,,,,0,0.0,0.0,0.0,,,abstained,,0,0,,,,,,1,0,0.0,0.0,0,0.0,0.0,,0,,0,0.0,,,,ARC-AGI-2,f3283f727488ad98fe575ea6a5ac981e4a188e49,training,485
83302e8f,no_deterministic_local_rule,3,1,29,0,29,0.08184750797227025,,,5,1,0.0,0.0,0.0,,,abstained,,0,0,,,,,,1,0,0.0,0.0,0,0.0,0.0,,0,,0,0.0,,,,ARC-AGI-2,f3283f727488ad98fe575ea6a5ac981e4a188e49,training,486
833966f4,selected,2,1,29,6,23,0.004147905972786248,0.0,0.2,5;7,2,0.0,0.0,1.0,von_neumann_r1,336.0,predicted_incorrect,center_wire_-1_+0,2,8,125.0,8.0,133.0,0.2,0.2,1,0,0.0,0.0,0,0.0,0.0,von_neumann_r1,1,0.2,5,1.0,1.0,0.0,0.0,ARC-AGI-2,f3283f727488ad98fe575ea6a5ac981e4a188e49,training,487
833dafe3,unsupported_shape_change,2,1,29,0,0,1.3939570635557175e-06,,,1;9,2,0.0,0.0,0.0,,,abstained,,0,0,,,,,,1,0,0.0,0.0,0,0.0,0.0,,0,,0,0.0,,,,ARC-AGI-2,f3283f727488ad98fe575ea6a5ac981e4a188e49,training,488
834ec97d,no_deterministic_local_rule,3,1,29,0,29,0.007580269011668861,,,3,1,0.0,0.0,0.0,,,abstained,,0,0,,,,,,1,0,0.0,0.0,0,0.0,0.0,,0,,0,0.0,,,,ARC-AGI-2,f3283f727488ad98fe575ea6a5ac981e4a188e49,training,489
83b6b474,unsupported_shape_change,2,1,29,0,0,1.6349367797374725e-06,,,,0,0.0,0.0,0.0,,,abstained,,0,0,,,,,,1,0,0.0,0.0,0,0.0,0.0,,0,,0,0.0,,,,ARC-AGI-2,f3283f727488ad98fe575ea6a5ac981e4a188e49,training,490
83eb0a57,unsupported_shape_change,3,1,29,0,0,6.899936124682426e-07,,,,0,0.0,0.0,0.0,,,abstained,,0,0,,,,,,1,0,0.0,0.0,0,0.0,0.0,,0,,0,0.0,,,,ARC-AGI-2,f3283f727488ad98fe575ea6a5ac981e4a188e49,training,491
8403a5d5,no_deterministic_local_rule,3,1,29,0,29,0.015601986087858677,,,1,1,0.0,0.0,0.0,,,abstained,,0,0,,,,,,1,0,0.0,0.0,0,0.0,0.0,,0,,0,0.0,,,,ARC-AGI-2,f3283f727488ad98fe575ea6a5ac981e4a188e49,training,492
84551f4c,no_deterministic_local_rule,3,2,29,0,29,0.007626764010637999,,,,0,0.0,0.0,0.0,,,abstained,,0,0,,,,,,2,0,0.0,0.0,0,0.0,0.0,,0,,0,0.0,,,,ARC-AGI-2,f3283f727488ad98fe575ea6a5ac981e4a188e49,training,493
845d6e51,no_deterministic_local_rule,3,1,29,0,29,0.037943833973258734,,,8,1,0.0,0.0,0.0,,,abstained,,0,0,,,,,,1,0,0.0,0.0,0,0.0,0.0,,0,,0,0.0,,,,ARC-AGI-2,f3283f727488ad98fe575ea6a5ac981e4a188e49,training,494
846bdb03,unsupported_shape_change,4,1,29,0,0,2.157059498131275e-06,,,,0,0.0,0.0,0.0,,,abstained,,0,0,,,,,,1,0,0.0,0.0,0,0.0,0.0,,0,,0,0.0,,,,ARC-AGI-2,f3283f727488ad98fe575ea6a5ac981e4a188e49,training,495
84ba50d3,no_deterministic_local_rule,3,1,29,0,29,0.013338957098312676,,,,0,0.0,0.0,0.0,,,abstained,,0,0,,,,,,1,0,0.0,0.0,0,0.0,0.0,,0,,0,0.0,,,,ARC-AGI-2,f3283f727488ad98fe575ea6a5ac981e4a188e49,training,496
84db8fc4,selected,4,1,29,3,26,0.03968798299320042,0.0,0.5875,,0,0.0,0.0,1.0,moore_r1,8001.0,predicted_incorrect,moore_r1,9,165,6681.0,8.0,6689.0,0.05,0.05,1,0,0.0,0.0,0,0.0,0.0,von_neumann_r2,1,0.67,100,1.0,1.0,0.0,0.0,ARC-AGI-2,f3283f727488ad98fe575ea6a5ac981e4a188e49,training,497
84f2aca1,selected,4,1,29,4,25,0.045265277032740414,0.0,0.9676674364896074,,0,0.0,0.0,1.0,von_neumann_r1,433.0,solved,von_neumann_r1,5,16,433.0,8.0,441.0,0.9102564102564102,0.9102564102564102,1,1,1.0,1.0,1,1.0,1.0,von_neumann_r2,1,1.0,156,1.0,1.0,0.0,0.0,ARC-AGI-2,f3283f727488ad98fe575ea6a5ac981e4a188e49,training,498
855e0971,no_deterministic_local_rule,4,1,29,0,29,0.04144416400231421,,,,0,0.0,0.0,0.0,,,abstained,,0,0,,,,,,1,0,0.0,0.0,0,0.0,0.0,,0,,0,0.0,,,,ARC-AGI-2,f3283f727488ad98fe575ea6a5ac981e4a188e49,training,499
8597cfd7,unsupported_shape_change,4,1,29,0,0,1.7100246623158455e-06,,,,0,0.0,0.0,0.0,,,abstained,,0,0,,,,,,1,0,0.0,0.0,0,0.0,0.0,,0,,0,0.0,,,,ARC-AGI-2,f3283f727488ad98fe575ea6a5ac981e4a188e49,training,500
85b81ff1,no_deterministic_local_rule,4,1,29,0,29,0.03518221597187221,,,,0,0.0,0.0,0.0,,,abstained,,0,0,,,,,,1,0,0.0,0.0,0,0.0,0.0,,0,,0,0.0,,,,ARC-AGI-2,f3283f727488ad98fe575ea6a5ac981e4a188e49,training,501
85c4e7cd,selected,4,1,29,3,26,0.035785330925136805,0.0,0.09302325581395349,,0,0.0,0.0,1.0,moore_r1,11122.0,predicted_incorrect,moore_r1,9,196,7921.0,8.0,7929.0,0.0,0.0,1,0,0.0,0.0,0,0.0,0.0,,1,0.14285714285714285,196,1.0,1.0,0.0,0.0,ARC-AGI-2,f3283f727488ad98fe575ea6a5ac981e4a188e49,training,502
85fa5666,no_deterministic_local_rule,4,1,29,0,29,0.022373682004399598,,,,0,0.0,0.0,0.0,,,abstained,,0,0,,,,,,1,0,0.0,0.0,0,0.0,0.0,,0,,0,0.0,,,,ARC-AGI-2,f3283f727488ad98fe575ea6a5ac981e4a188e49,training,503
8618d23e,unsupported_shape_change,3,1,29,0,0,1.5809200704097748e-06,,,,0,0.0,0.0,0.0,,,abstained,,0,0,,,,,,1,0,0.0,0.0,0,0.0,0.0,,0,,0,0.0,,,,ARC-AGI-2,f3283f727488ad98fe575ea6a5ac981e4a188e49,training,504
868de0fa,no_deterministic_local_rule,5,1,29,0,29,0.04572875006124377,,,,0,0.0,0.0,0.0,,,abstained,,0,0,,,,,,1,0,0.0,0.0,0,0.0,0.0,,0,,0,0.0,,,,ARC-AGI-2,f3283f727488ad98fe575ea6a5ac981e4a188e49,training,505
8719f442,unsupported_shape_change,3,1,29,0,0,1.508975401520729e-06,,,,0,0.0,0.0,0.0,,,abstained,,0,0,,,,,,1,0,0.0,0.0,0,0.0,0.0,,0,,0,0.0,,,,ARC-AGI-2,f3283f727488ad98fe575ea6a5ac981e4a188e49,training,506
8731374e,unsupported_shape_change,3,1,29,0,0,1.8150312826037407e-06,,,,0,0.0,0.0,0.0,,,abstained,,0,0,,,,,,1,0,0.0,0.0,0,0.0,0.0,,0,,0,0.0,,,,ARC-AGI-2,f3283f727488ad98fe575ea6a5ac981e4a188e49,training,507
878187ab,unsupported_shape_change,2,1,29,0,0,1.0420335456728935e-06,,,0,1,0.0,0.0,0.0,,,abstained,,0,0,,,,,,1,0,0.0,0.0,0,0.0,0.0,,0,,0,0.0,,,,ARC-AGI-2,f3283f727488ad98fe575ea6a5ac981e4a188e49,training,508
87ab05b8,selected,3,1,29,3,26,0.00805096107069403,0.0,0.5625,,0,0.0,0.0,1.0,moore_r1,1317.0,predicted_incorrect,moore_r1,9,21,916.0,8.0,924.0,0.0,0.0,1,0,0.0,0.0,0,0.0,0.0,,1,0.375,16,1.0,1.0,0.0,0.0,ARC-AGI-2,f3283f727488ad98fe575ea6a5ac981e4a188e49,training,509
880c1354,selected,3,1,29,2,27,0.016757667995989323,0.0,0.5364583333333334,0,1,0.0,0.0,1.0,von_neumann_r2,5870.0,predicted_incorrect,von_neumann_r2,13,76,4358.0,8.0,4366.0,0.015625,0.015625,1,0,0.0,0.0,0,0.0,0.0,,1,0.5,64,1.0,1.0,0.0,0.0,ARC-AGI-2,f3283f727488ad98fe575ea6a5ac981e4a188e49,training,510
88207623,no_deterministic_local_rule,2,1,29,0,29,0.02282985602505505,,,1,1,0.0,0.0,0.0,,,abstained,,0,0,,,,,,1,0,0.0,0.0,0,0.0,0.0,,0,,0,0.0,,,,ARC-AGI-2,f3283f727488ad98fe575ea6a5ac981e4a188e49,training,511
8886d717,selected,3,1,29,1,28,0.021579182939603925,0.0,0.9148936170212766,,0,0.0,0.0,1.0,moore_r2,5374.0,predicted_incorrect,moore_r2,25,28,3085.0,8.0,3093.0,0.0,0.0,1,0,0.0,0.0,0,0.0,0.0,,1,0.8698224852071006,169,1.0,1.0,0.0,0.0,ARC-AGI-2,f3283f727488ad98fe575ea6a5ac981e4a188e49,training,512
88a10436,no_deterministic_local_rule,3,1,29,0,29,0.012039026943966746,,,,0,0.0,0.0,0.0,,,abstained,,0,0,,,,,,1,0,0.0,0.0,0,0.0,0.0,,0,,0,0.0,,,,ARC-AGI-2,f3283f727488ad98fe575ea6a5ac981e4a188e49,training,513
88a62173,unsupported_shape_change,3,1,29,0,0,1.3409880921244621e-06,,,5,1,0.0,0.0,0.0,,,abstained,,0,0,,,,,,1,0,0.0,0.0,0,0.0,0.0,,0,,0,0.0,,,,ARC-AGI-2,f3283f727488ad98fe575ea6a5ac981e4a188e49,training,514
890034e9,selected,3,1,29,2,27,0.09089997701812536,0.0,0.9652305366591081,,0,0.0,0.0,1.0,moore_r2,6831.0,predicted_incorrect,von_neumann_r2,13,46,2677.0,8.0,2685.0,0.011337868480725623,0.011337868480725623,1,0,0.0,0.0,0,0.0,0.0,,1,0.9591836734693877,441,1.0,1.0,0.0,0.0,ARC-AGI-2,f3283f727488ad98fe575ea6a5ac981e4a188e49,training,515
891232d6,no_deterministic_local_rule,4,1,29,0,29,0.09158978902269155,,,,0,0.0,0.0,0.0,,,abstained,,0,0,,,,,,1,0,0.0,0.0,0,0.0,0.0,,0,,0,0.0,,,,ARC-AGI-2,f3283f727488ad98fe575ea6a5ac981e4a188e49,training,516
896d5239,selected,3,1,29,2,27,0.041499065002426505,0.0,0.9149305555555556,,0,0.0,0.0,1.0,von_neumann_r2,4246.0,predicted_incorrect,von_neumann_r2,13,49,2845.0,8.0,2853.0,0.018518518518518517,0.018518518518518517,1,0,0.0,0.0,0,0.0,0.0,,1,0.9074074074074074,270,1.0,1.0,0.0,0.0,ARC-AGI-2,f3283f727488ad98fe575ea6a5ac981e4a188e49,training,517
8a004b2b,unsupported_shape_change,3,1,29,0,0,1.6150297597050667e-06,,,,0,0.0,0.0,0.0,,,abstained,,0,0,,,,,,1,0,0.0,0.0,0,0.0,0.0,,0,,0,0.0,,,,ARC-AGI-2,f3283f727488ad98fe575ea6a5ac981e4a188e49,training,518
8a371977,no_deterministic_local_rule,3,1,29,0,29,0.06903375999536365,,,,0,0.0,0.0,0.0,,,abstained,,0,0,,,,,,1,0,0.0,0.0,0,0.0,0.0,,0,,0,0.0,,,,ARC-AGI-2,f3283f727488ad98fe575ea6a5ac981e4a188e49,training,519
8a6d367c,unsupported_shape_change,3,1,29,0,0,1.3719545677304268e-06,,,7,1,0.0,0.0,0.0,,,abstained,,0,0,,,,,,1,0,0.0,0.0,0,0.0,0.0,,0,,0,0.0,,,,ARC-AGI-2,f3283f727488ad98fe575ea6a5ac981e4a188e49,training,520
8abad3cf,unsupported_shape_change,2,1,29,0,0,8.690403774380684e-07,,,0,1,0.0,0.0,0.0,,,abstained,,0,0,,,,,,1,0,0.0,0.0,0,0.0,0.0,,0,,0,0.0,,,,ARC-AGI-2,f3283f727488ad98fe575ea6a5ac981e4a188e49,training,521
8b28cd80,unsupported_shape_change,5,2,29,0,0,8.25035385787487e-07,,,6,1,0.0,0.0,0.0,,,abstained,,0,0,,,,,,2,0,0.0,0.0,0,0.0,0.0,,0,,0,0.0,,,,ARC-AGI-2,f3283f727488ad98fe575ea6a5ac981e4a188e49,training,522
8ba14f53,unsupported_shape_change,6,1,29,0,0,7.549533620476723e-07,,,,0,0.0,0.0,0.0,,,abstained,,0,0,,,,,,1,0,0.0,0.0,0,0.0,0.0,,0,,0,0.0,,,,ARC-AGI-2,f3283f727488ad98fe575ea6a5ac981e4a188e49,training,523
8be77c9e,unsupported_shape_change,3,1,29,0,0,6.549526005983353e-07,,,,0,0.0,0.0,0.0,,,abstained,,0,0,,,,,,1,0,0.0,0.0,0,0.0,0.0,,0,,0,0.0,,,,ARC-AGI-2,f3283f727488ad98fe575ea6a5ac981e4a188e49,training,524
8cb8642d,no_deterministic_local_rule,3,1,29,0,29,0.03194419201463461,,,8,1,0.0,0.0,0.0,,,abstained,,0,0,,,,,,1,0,0.0,0.0,0,0.0,0.0,,0,,0,0.0,,,,ARC-AGI-2,f3283f727488ad98fe575ea6a5ac981e4a188e49,training,525
8d5021e8,unsupported_shape_change,3,1,29,0,0,1.434003934264183e-06,,,3,1,0.0,0.0,0.0,,,abstained,,0,0,,,,,,1,0,0.0,0.0,0,0.0,0.0,,0,,0,0.0,,,,ARC-AGI-2,f3283f727488ad98fe575ea6a5ac981e4a188e49,training,526
8d510a79,no_deterministic_local_rule,2,1,29,0,29,0.010509056970477104,,,,0,0.0,0.0,0.0,,,abstained,,0,0,,,,,,1,0,0.0,0.0,0,0.0,0.0,,0,,0,0.0,,,,ARC-AGI-2,f3283f727488ad98fe575ea6a5ac981e4a188e49,training,527
8dab14c2,no_deterministic_local_rule,4,4,29,0,29,0.04295915609691292,,,,0,0.0,0.0,0.0,,,abstained,,0,0,,,,,,4,0,0.0,0.0,0,0.0,0.0,,0,,0,0.0,,,,ARC-AGI-2,f3283f727488ad98fe575ea6a5ac981e4a188e49,training,528
8dae5dfc,selected,4,1,29,1,28,0.07933248800691217,0.0,0.5450885668276972,5,1,0.0,0.0,1.0,moore_r2,73188.0,predicted_incorrect,moore_r2,25,506,52803.0,8.0,52811.0,0.07368421052631578,0.07368421052631578,1,0,0.0,0.0,0,0.0,0.0,,1,0.45526315789473687,380,1.0,1.0,0.0,0.0,ARC-AGI-2,f3283f727488ad98fe575ea6a5ac981e4a188e49,training,529
8e1813be,unsupported_shape_change,3,1,29,0,0,2.1579908207058907e-06,,,7,1,0.0,0.0,0.0,,,abstained,,0,0,,,,,,1,0,0.0,0.0,0,0.0,0.0,,0,,0,0.0,,,,ARC-AGI-2,f3283f727488ad98fe575ea6a5ac981e4a188e49,training,530
8e2edd66,unsupported_shape_change,3,1,29,0,0,8.170027285814285e-07,,,1,1,0.0,0.0,0.0,,,abstained,,0,0,,,,,,1,0,0.0,0.0,0,0.0,0.0,,0,,0,0.0,,,,ARC-AGI-2,f3283f727488ad98fe575ea6a5ac981e4a188e49,training,531
8e301a54,no_deterministic_local_rule,3,1,29,0,29,0.015797176980413496,,,,0,0.0,0.0,0.0,,,abstained,,0,0,,,,,,1,0,0.0,0.0,0,0.0,0.0,,0,,0,0.0,,,,ARC-AGI-2,f3283f727488ad98fe575ea6a5ac981e4a188e49,training,532
8e5a5113,no_deterministic_local_rule,3,1,29,0,29,0.00705101597122848,,,9,1,0.0,0.0,0.0,,,abstained,,0,0,,,,,,1,0,0.0,0.0,0,0.0,0.0,,0,,0,0.0,,,,ARC-AGI-2,f3283f727488ad98fe575ea6a5ac981e4a188e49,training,533
8eb1be9a,no_deterministic_local_rule,2,1,29,0,29,0.019364165957085788,,,1,1,0.0,0.0,0.0,,,abstained,,0,0,,,,,,1,0,0.0,0.0,0,0.0,0.0,,0,,0,0.0,,,,ARC-AGI-2,f3283f727488ad98fe575ea6a5ac981e4a188e49,training,534
8ee62060,no_deterministic_local_rule,3,1,29,0,29,0.019532543024979532,,,,0,0.0,0.0,0.0,,,abstained,,0,0,,,,,,1,0,0.0,0.0,0,0.0,0.0,,0,,0,0.0,,,,ARC-AGI-2,f3283f727488ad98fe575ea6a5ac981e4a188e49,training,535
8efcae92,unsupported_shape_change,3,1,29,0,0,1.3670651242136955e-06,,,,0,0.0,0.0,0.0,,,abstained,,0,0,,,,,,1,0,0.0,0.0,0,0.0,0.0,,0,,0,0.0,,,,ARC-AGI-2,f3283f727488ad98fe575ea6a5ac981e4a188e49,training,536
8f2ea7aa,no_deterministic_local_rule,3,1,29,0,29,0.013104920974001288,,,2,1,0.0,0.0,0.0,,,abstained,,0,0,,,,,,1,0,0.0,0.0,0,0.0,0.0,,0,,0,0.0,,,,ARC-AGI-2,f3283f727488ad98fe575ea6a5ac981e4a188e49,training,537
8fbca751,selected,3,1,29,2,27,0.019467409001663327,0.0,0.8340248962655602,,0,0.0,0.0,1.0,moore_r2,7143.0,predicted_incorrect,von_neumann_r2,13,41,2397.0,8.0,2405.0,0.2604166666666667,0.2604166666666667,1,0,0.0,0.0,0,0.0,0.0,,1,0.7395833333333334,96,1.0,1.0,0.0,0.0,ARC-AGI-2,f3283f727488ad98fe575ea6a5ac981e4a188e49,training,538
8fff9e47,unsupported_shape_change,2,1,29,0,0,2.3260945454239845e-06,,,,0,0.0,0.0,0.0,,,abstained,,0,0,,,,,,1,0,0.0,0.0,0,0.0,0.0,,0,,0,0.0,,,,ARC-AGI-2,f3283f727488ad98fe575ea6a5ac981e4a188e49,training,539
902510d5,no_deterministic_local_rule,4,1,29,0,29,0.024727021111175418,,,,0,0.0,0.0,0.0,,,abstained,,0,0,,,,,,1,0,0.0,0.0,0,0.0,0.0,,0,,0,0.0,,,,ARC-AGI-2,f3283f727488ad98fe575ea6a5ac981e4a188e49,training,540
90347967,no_deterministic_local_rule,3,1,29,0,29,0.009402083931490779,,,8,1,0.0,0.0,0.0,,,abstained,,0,0,,,,,,1,0,0.0,0.0,0,0.0,0.0,,0,,0,0.0,,,,ARC-AGI-2,f3283f727488ad98fe575ea6a5ac981e4a188e49,training,541
90c28cc7,unsupported_shape_change,3,1,29,0,0,1.425039954483509e-06,,,,0,0.0,0.0,0.0,,,abstained,,0,0,,,,,,1,0,0.0,0.0,0,0.0,0.0,,0,,0,0.0,,,,ARC-AGI-2,f3283f727488ad98fe575ea6a5ac981e4a188e49,training,542
90f3ed37,no_deterministic_local_rule,3,1,29,0,29,0.022182308021001518,,,,0,0.0,0.0,0.0,,,abstained,,0,0,,,,,,1,0,0.0,0.0,0,0.0,0.0,,0,,0,0.0,,,,ARC-AGI-2,f3283f727488ad98fe575ea6a5ac981e4a188e49,training,543
9110e3c5,unsupported_shape_change,7,2,29,0,0,1.3880198821425438e-06,,,,0,0.0,0.0,0.0,,,abstained,,0,0,,,,,,2,0,0.0,0.0,0,0.0,0.0,,0,,0,0.0,,,,ARC-AGI-2,f3283f727488ad98fe575ea6a5ac981e4a188e49,training,544
913fb3ed,selected,4,1,29,3,26,0.04376075998879969,0.25,0.9851694915254238,,0,0.0,0.0,1.0,moore_r1,1437.0,predicted_incorrect,moore_r1,9,30,1276.0,8.0,1284.0,0.984375,0.984375,1,0,0.0,0.0,0,0.0,0.0,von_neumann_r2,1,0.984375,256,1.0,1.0,0.0,0.0,ARC-AGI-2,f3283f727488ad98fe575ea6a5ac981e4a188e49,training,545
91413438,unsupported_shape_change,4,1,29,0,0,1.7960555851459503e-06,,,8,1,0.0,0.0,0.0,,,abstained,,0,0,,,,,,1,0,0.0,0.0,0,0.0,0.0,,0,,0,0.0,,,,ARC-AGI-2,f3283f727488ad98fe575ea6a5ac981e4a188e49,training,546
91714a58,selected,3,1,29,4,25,0.06894735398236662,0.0,0.7552083333333334,,0,0.0,0.0,1.0,von_neumann_r1,6199.0,predicted_incorrect,von_neumann_r1,5,196,4758.0,8.0,4766.0,0.3984375,0.3984375,1,0,0.0,0.0,0,0.0,0.0,moore_r1,1,0.75390625,256,1.0,1.0,0.0,0.0,ARC-AGI-2,f3283f727488ad98fe575ea6a5ac981e4a188e49,training,547
9172f3a0,unsupported_shape_change,2,1,29,0,0,1.8370337784290314e-06,,,1;6,2,0.0,0.0,0.0,,,abstained,,0,0,,,,,,1,0,0.0,0.0,0,0.0,0.0,,0,,0,0.0,,,,ARC-AGI-2,f3283f727488ad98fe575ea6a5ac981e4a188e49,training,548
917bccba,no_deterministic_local_rule,3,1,29,0,29,0.021690294961445034,,,6;7,2,0.0,0.0,0.0,,,abstained,,0,0,,,,,,1,0,0.0,0.0,0,0.0,0.0,,0,,0,0.0,,,,ARC-AGI-2,f3283f727488ad98fe575ea6a5ac981e4a188e49,training,549
928ad970,no_deterministic_local_rule,3,1,29,0,29,0.027138713048771024,,,8,1,0.0,0.0,0.0,,,abstained,,0,0,,,,,,1,0,0.0,0.0,0,0.0,0.0,,0,,0,0.0,,,,ARC-AGI-2,f3283f727488ad98fe575ea6a5ac981e4a188e49,training,550
92e50de0,no_deterministic_local_rule,3,1,29,0,29,0.0869274870492518,,,,0,0.0,0.0,0.0,,,abstained,,0,0,,,,,,1,0,0.0,0.0,0,0.0,0.0,,0,,0,0.0,,,,ARC-AGI-2,f3283f727488ad98fe575ea6a5ac981e4a188e49,training,551
9344f635,selected,3,1,29,1,28,0.014327783952467144,0.0,0.6391752577319587,8,1,0.0,0.0,0.0,,,predicted_incorrect,moore_r2,25,70,7455.0,8.0,7463.0,0.02,0.02,1,0,0.0,0.0,0,0.0,0.0,,1,0.53,100,1.0,1.0,0.0,0.0,ARC-AGI-2,f3283f727488ad98fe575ea6a5ac981e4a188e49,training,552
9356391f,no_deterministic_local_rule,2,1,29,0,29,0.024060333031229675,,,,0,0.0,0.0,0.0,,,abstained,,0,0,,,,,,1,0,0.0,0.0,0,0.0,0.0,,0,,0,0.0,,,,ARC-AGI-2,f3283f727488ad98fe575ea6a5ac981e4a188e49,training,553
93b4f4b3,unsupported_shape_change,2,1,29,0,0,1.7320271581411362e-06,,,4;7;8,3,0.0,0.0,0.0,,,abstained,,0,0,,,,,,1,0,0.0,0.0,0,0.0,0.0,,0,,0,0.0,,,,ARC-AGI-2,f3283f727488ad98fe575ea6a5ac981e4a188e49,training,554
93b581b8,selected,3,1,29,1,28,0.00956762908026576,0.0,0.6203703703703703,,0,0.0,0.0,1.0,moore_r2,5686.0,predicted_incorrect,moore_r2,25,41,4438.0,8.0,4446.0,0.027777777777777776,0.027777777777777776,1,0,0.0,0.0,0,0.0,0.0,,1,0.6666666666666666,36,1.0,1.0,0.0,0.0,ARC-AGI-2,f3283f727488ad98fe575ea6a5ac981e4a188e49,training,555
93c31fbe,no_deterministic_local_rule,3,1,29,0,29,0.06907847500406206,,,4,1,0.0,0.0,0.0,,,abstained,,0,0,,,,,,1,0,0.0,0.0,0,0.0,0.0,,0,,0,0.0,,,,ARC-AGI-2,f3283f727488ad98fe575ea6a5ac981e4a188e49,training,556
94133066,unsupported_shape_change,3,1,29,0,0,1.8280697986483574e-06,,,,0,0.0,0.0,0.0,,,abstained,,0,0,,,,,,1,0,0.0,0.0,0,0.0,0.0,,0,,0,0.0,,,,ARC-AGI-2,f3283f727488ad98fe575ea6a5ac981e4a188e49,training,557
941d9a10,no_deterministic_local_rule,3,1,29,0,29,0.015780978021211922,,,,0,0.0,0.0,0.0,,,abstained,,0,0,,,,,,1,0,0.0,0.0,0,0.0,0.0,,0,,0,0.0,,,,ARC-AGI-2,f3283f727488ad98fe575ea6a5ac981e4a188e49,training,558
94414823,no_deterministic_local_rule,3,1,29,0,29,0.015896313008852303,,,1;9,2,0.0,0.0,0.0,,,abstained,,0,0,,,,,,1,0,0.0,0.0,0,0.0,0.0,,0,,0,0.0,,,,ARC-AGI-2,f3283f727488ad98fe575ea6a5ac981e4a188e49,training,559
9473c6fb,selected,3,1,29,2,27,0.015970489010214806,0.0,0.8913043478260869,0,1,0.0,0.0,1.0,moore_r2,3502.0,predicted_incorrect,von_neumann_r2,13,21,1276.0,8.0,1284.0,0.10185185185185185,0.10185185185185185,1,0,0.0,0.0,0,0.0,0.0,,1,0.9074074074074074,108,1.0,1.0,0.0,0.0,ARC-AGI-2,f3283f727488ad98fe575ea6a5ac981e4a188e49,training,560
94be5b80,no_deterministic_local_rule,2,1,29,0,29,0.022411177051253617,,,8,1,0.0,0.0,0.0,,,abstained,,0,0,,,,,,1,0,0.0,0.0,0,0.0,0.0,,0,,0,0.0,,,,ARC-AGI-2,f3283f727488ad98fe575ea6a5ac981e4a188e49,training,561
94f9d214,unsupported_shape_change,4,1,29,0,0,1.7450656741857529e-06,,,,0,0.0,0.0,0.0,,,abstained,,0,0,,,,,,1,0,0.0,0.0,0,0.0,0.0,,0,,0,0.0,,,,ARC-AGI-2,f3283f727488ad98fe575ea6a5ac981e4a188e49,training,562
952a094c,selected,3,1,29,2,27,0.02339898399077356,0.0,0.92,,0,0.0,0.0,1.0,von_neumann_r2,1893.0,predicted_incorrect,von_neumann_r2,13,24,1444.0,8.0,1452.0,0.22,0.22,1,0,0.0,0.0,0,0.0,0.0,,1,0.92,100,1.0,1.0,0.0,0.0,ARC-AGI-2,f3283f727488ad98fe575ea6a5ac981e4a188e49,training,563
9565186b,selected,4,1,29,5,24,0.011393446009606123,0.25,0.7222222222222222,,0,0.0,0.0,1.0,von_neumann_r1,577.0,predicted_incorrect,center_wire_-1_+0,2,11,161.0,8.0,169.0,0.6666666666666666,0.6666666666666666,1,0,0.0,0.0,0,0.0,0.0,von_neumann_r1,1,0.2222222222222222,9,1.0,1.0,0.0,0.0,ARC-AGI-2,f3283f727488ad98fe575ea6a5ac981e4a188e49,training,564
95755ff2,no_deterministic_local_rule,3,1,29,0,29,0.01873065799009055,,,,0,0.0,0.0,0.0,,,abstained,,0,0,,,,,,1,0,0.0,0.0,0,0.0,0.0,,0,,0,0.0,,,,ARC-AGI-2,f3283f727488ad98fe575ea6a5ac981e4a188e49,training,565
95990924,selected,3,1,29,3,26,0.03479913901537657,1.0,1.0,,0,0.0,0.0,1.0,moore_r1,475.0,predicted_incorrect,moore_r1,9,4,232.0,8.0,240.0,0.9333333333333333,0.9333333333333333,1,0,0.0,0.0,0,0.0,0.0,von_neumann_r2,1,0.9688888888888889,225,1.0,1.0,0.0,0.0,ARC-AGI-2,f3283f727488ad98fe575ea6a5ac981e4a188e49,training,566
95a58926,no_deterministic_local_rule,3,1,29,0,29,0.05204472108744085,,,1,1,0.0,0.0,0.0,,,abstained,,0,0,,,,,,1,0,0.0,0.0,0,0.0,0.0,,0,,0,0.0,,,,ARC-AGI-2,f3283f727488ad98fe575ea6a5ac981e4a188e49,training,567
963c33f8,no_deterministic_local_rule,3,1,29,0,29,0.0335939439246431,,,,0,0.0,0.0,0.0,,,abstained,,0,0,,,,,,1,0,0.0,0.0,0,0.0,0.0,,0,,0,0.0,,,,ARC-AGI-2,f3283f727488ad98fe575ea6a5ac981e4a188e49,training,568
963e52fc,unsupported_shape_change,3,1,29,0,0,1.6439007595181465e-06,,,,0,0.0,0.0,0.0,,,abstained,,0,0,,,,,,1,0,0.0,0.0,0,0.0,0.0,,0,,0,0.0,,,,ARC-AGI-2,f3283f727488ad98fe575ea6a5ac981e4a188e49,training,569
963f59bc,no_deterministic_local_rule,4,1,29,0,29,0.028606901061721146,,,,0,0.0,0.0,0.0,,,abstained,,0,0,,,,,,1,0,0.0,0.0,0,0.0,0.0,,0,,0,0.0,,,,ARC-AGI-2,f3283f727488ad98fe575ea6a5ac981e4a188e49,training,570
96a8c0cd,no_deterministic_local_rule,4,1,29,0,29,0.04866707301698625,,,,0,0.0,0.0,0.0,,,abstained,,0,0,,,,,,1,0,0.0,0.0,0,0.0,0.0,,0,,0,0.0,,,,ARC-AGI-2,f3283f727488ad98fe575ea6a5ac981e4a188e49,training,571
9720b24f,selected,4,1,29,3,26,0.04624574806075543,0.0,0.9705882352941176,,0,0.0,0.0,1.0,moore_r1,1036.0,predicted_incorrect,moore_r1,9,14,635.0,8.0,643.0,0.1987179487179487,0.1987179487179487,1,0,0.0,0.0,0,0.0,0.0,,1,0.9358974358974359,156,1.0,1.0,0.0,0.0,ARC-AGI-2,f3283f727488ad98fe575ea6a5ac981e4a188e49,training,572
97239e3d,no_deterministic_local_rule,3,1,29,0,29,0.04048380593303591,,,4,1,0.0,0.0,0.0,,,abstained,,0,0,,,,,,1,0,0.0,0.0,0,0.0,0.0,,0,,0,0.0,,,,ARC-AGI-2,f3283f727488ad98fe575ea6a5ac981e4a188e49,training,573
973e499e,unsupported_shape_change,3,2,29,0,0,1.6639241948723793e-06,,,,0,0.0,0.0,0.0,,,abstained,,0,0,,,,,,2,0,0.0,0.0,0,0.0,0.0,,0,,0,0.0,,,,ARC-AGI-2,f3283f727488ad98fe575ea6a5ac981e4a188e49,training,574
9772c176,no_deterministic_local_rule,2,1,29,0,29,0.05632977304048836,,,,0,0.0,0.0,0.0,,,abstained,,0,0,,,,,,1,0,0.0,0.0,0,0.0,0.0,,0,,0,0.0,,,,ARC-AGI-2,f3283f727488ad98fe575ea6a5ac981e4a188e49,training,575
97999447,no_deterministic_local_rule,3,1,29,0,29,0.013870826922357082,,,4,1,0.0,0.0,0.0,,,abstained,,0,0,,,,,,1,0,0.0,0.0,0,0.0,0.0,,0,,0,0.0,,,,ARC-AGI-2,f3283f727488ad98fe575ea6a5ac981e4a188e49,training,576
97a05b5b,unsupported_shape_change,3,1,29,0,0,1.558917574584484e-06,,,,0,0.0,0.0,0.0,,,abstained,,0,0,,,,,,1,0,0.0,0.0,0,0.0,0.0,,0,,0,0.0,,,,ARC-AGI-2,f3283f727488ad98fe575ea6a5ac981e4a188e49,training,577
97c75046,selected,3,1,29,3,26,0.019334567012265325,0.0,0.9705882352941176,,0,0.0,0.0,1.0,von_neumann_r2,547.0,predicted_incorrect,moore_r1,9,6,312.0,8.0,320.0,0.7875,0.7875,1,0,0.0,0.0,0,0.0,0.0,von_neumann_r2,1,0.9875,160,1.0,1.0,0.0,0.0,ARC-AGI-2,f3283f727488ad98fe575ea6a5ac981e4a188e49,training,578
981add89,no_deterministic_local_rule,2,1,29,0,29,0.0597224289085716,,,,0,0.0,0.0,0.0,,,abstained,,0,0,,,,,,1,0,0.0,0.0,0,0.0,0.0,,0,,0,0.0,,,,ARC-AGI-2,f3283f727488ad98fe575ea6a5ac981e4a188e49,training,579
9841fdad,no_deterministic_local_rule,2,1,29,0,29,0.02779978804755956,,,6,1,0.0,0.0,0.0,,,abstained,,0,0,,,,,,1,0,0.0,0.0,0,0.0,0.0,,0,,0,0.0,,,,ARC-AGI-2,f3283f727488ad98fe575ea6a5ac981e4a188e49,training,580
984d8a3e,selected,2,1,29,1,28,0.01273028296418488,0.0,0.77,5;6,2,0.0,0.0,0.0,,,predicted_incorrect,moore_r2,25,46,4958.0,8.0,4966.0,0.0,0.0,1,0,0.0,0.0,0,0.0,0.0,,1,0.8131487889273357,289,1.0,1.0,0.0,0.0,ARC-AGI-2,f3283f727488ad98fe575ea6a5ac981e4a188e49,training,581
985ae207,no_deterministic_local_rule,3,1,29,0,29,0.054933406063355505,,,9,1,0.0,0.0,0.0,,,abstained,,0,0,,,,,,1,0,0.0,0.0,0,0.0,0.0,,0,,0,0.0,,,,ARC-AGI-2,f3283f727488ad98fe575ea6a5ac981e4a188e49,training,582
98c475bf,no_deterministic_local_rule,4,1,29,0,29,0.07327222102321684,,,,0,0.0,0.0,0.0,,,abstained,,0,0,,,,,,1,0,0.0,0.0,0,0.0,0.0,,0,,0,0.0,,,,ARC-AGI-2,f3283f727488ad98fe575ea6a5ac981e4a188e49,training,583
98cf29f8,no_deterministic_local_rule,3,1,29,0,29,0.035539321950636804,,,7,1,0.0,0.0,0.0,,,abstained,,0,0,,,,,,1,0,0.0,0.0,0,0.0,0.0,,0,,0,0.0,,,,ARC-AGI-2,f3283f727488ad98fe575ea6a5ac981e4a188e49,training,584
992798f6,no_deterministic_local_rule,4,1,29,0,29,0.03956543793901801,,,,0,0.0,0.0,0.0,,,abstained,,0,0,,,,,,1,0,0.0,0.0,0,0.0,0.0,,0,,0,0.0,,,,ARC-AGI-2,f3283f727488ad98fe575ea6a5ac981e4a188e49,training,585
99306f82,no_deterministic_local_rule,3,1,29,0,29,0.02673551405314356,,,7;9,2,0.0,0.0,0.0,,,abstained,,0,0,,,,,,1,0,0.0,0.0,0,0.0,0.0,,0,,0,0.0,,,,ARC-AGI-2,f3283f727488ad98fe575ea6a5ac981e4a188e49,training,586
995c5fa3,unsupported_shape_change,4,1,29,0,0,1.7749844118952751e-06,,,,0,0.0,0.0,0.0,,,abstained,,0,0,,,,,,1,0,0.0,0.0,0,0.0,0.0,,0,,0,0.0,,,,ARC-AGI-2,f3283f727488ad98fe575ea6a5ac981e4a188e49,training,587
9968a131,selected,2,1,29,5,24,0.007289847009815276,0.0,0.7115384615384616,2;9,2,0.0,0.0,1.0,center_wire_+0_-1,137.0,predicted_incorrect,center_wire_+0_-1,2,6,98.0,8.0,106.0,0.64,0.64,1,0,0.0,0.0,0,0.0,0.0,,1,0.88,25,1.0,1.0,0.0,0.0,ARC-AGI-2,f3283f727488ad98fe575ea6a5ac981e4a188e49,training,588
996ec1f3,unsupported_shape_change,3,1,29,0,0,1.5540281310677528e-06,,,,0,0.0,0.0,0.0,,,abstained,,0,0,,,,,,1,0,0.0,0.0,0,0.0,0.0,,0,,0,0.0,,,,ARC-AGI-2,f3283f727488ad98fe575ea6a5ac981e4a188e49,training,589
99b1bc43,unsupported_shape_change,4,1,29,0,0,8.170027285814285e-07,,,,0,0.0,0.0,0.0,,,abstained,,0,0,,,,,,1,0,0.0,0.0,0,0.0,0.0,,0,,0,0.0,,,,ARC-AGI-2,f3283f727488ad98fe575ea6a5ac981e4a188e49,training,590
99caaf76,no_deterministic_local_rule,3,1,29,0,29,0.012439743033610284,,,,0,0.0,0.0,0.0,,,abstained,,0,0,,,,,,1,0,0.0,0.0,0,0.0,0.0,,0,,0,0.0,,,,ARC-AGI-2,f3283f727488ad98fe575ea6a5ac981e4a188e49,training,591
99fa7670,no_deterministic_local_rule,4,1,29,0,29,0.008616317994892597,,,,0,0.0,0.0,0.0,,,abstained,,0,0,,,,,,1,0,0.0,0.0,0,0.0,0.0,,0,,0,0.0,,,,ARC-AGI-2,f3283f727488ad98fe575ea6a5ac981e4a188e49,training,592
9a4bb226,unsupported_shape_change,3,1,29,0,0,1.4780089259147644e-06,,,,0,0.0,0.0,0.0,,,abstained,,0,0,,,,,,1,0,0.0,0.0,0,0.0,0.0,,0,,0,0.0,,,,ARC-AGI-2,f3283f727488ad98fe575ea6a5ac981e4a188e49,training,593
9aec4887,unsupported_shape_change,3,1,29,0,0,7.209600880742073e-07,,,,0,0.0,0.0,0.0,,,abstained,,0,0,,,,,,1,0,0.0,0.0,0,0.0,0.0,,0,,0,0.0,,,,ARC-AGI-2,f3283f727488ad98fe575ea6a5ac981e4a188e49,training,594
9af7a82c,unsupported_shape_change,4,1,29,0,0,6.619375199079514e-07,,,,0,0.0,0.0,0.0,,,abstained,,0,0,,,,,,1,0,0.0,0.0,0,0.0,0.0,,0,,0,0.0,,,,ARC-AGI-2,f3283f727488ad98fe575ea6a5ac981e4a188e49,training,595
9b2a60aa,no_deterministic_local_rule,3,1,29,0,29,0.04914510005619377,,,,0,0.0,0.0,0.0,,,abstained,,0,0,,,,,,1,0,0.0,0.0,0,0.0,0.0,,0,,0,0.0,,,,ARC-AGI-2,f3283f727488ad98fe575ea6a5ac981e4a188e49,training,596
9b30e358,no_deterministic_local_rule,2,1,29,0,29,0.007055572001263499,,,6;7,2,0.0,0.0,0.0,,,abstained,,0,0,,,,,,1,0,0.0,0.0,0,0.0,0.0,,0,,0,0.0,,,,ARC-AGI-2,f3283f727488ad98fe575ea6a5ac981e4a188e49,training,597
9b365c51,no_deterministic_local_rule,3,1,29,0,29,0.019144159043207765,,,,0,0.0,0.0,0.0,,,abstained,,0,0,,,,,,1,0,0.0,0.0,0,0.0,0.0,,0,,0,0.0,,,,ARC-AGI-2,f3283f727488ad98fe575ea6a5ac981e4a188e49,training,598
9b4c17c4,no_deterministic_local_rule,4,2,29,0,29,0.03227940702345222,,,,0,0.0,0.0,0.0,,,abstained,,0,0,,,,,,2,0,0.0,0.0,0,0.0,0.0,,0,,0,0.0,,,,ARC-AGI-2,f3283f727488ad98fe575ea6a5ac981e4a188e49,training,599
9b5080bb,selected,3,1,29,2,27,0.10040130198467523,0.0,0.9766803840877915,,0,0.0,0.0,1.0,von_neumann_r2,2901.0,predicted_incorrect,von_neumann_r2,13,34,2005.0,8.0,2013.0,0.17695473251028807,0.17695473251028807,1,0,0.0,0.0,0,0.0,0.0,,1,0.9753086419753086,729,1.0,1.0,0.0,0.0,ARC-AGI-2,f3283f727488ad98fe575ea6a5ac981e4a188e49,training,600
9ba4a9aa,unsupported_shape_change,3,1,29,0,0,5.018082447350025e-06,,,,0,0.0,0.0,0.0,,,abstained,,0,0,,,,,,1,0,0.0,0.0,0,0.0,0.0,,0,,0,0.0,,,,ARC-AGI-2,f3283f727488ad98fe575ea6a5ac981e4a188e49,training,601
9bebae7a,no_deterministic_local_rule,5,1,29,0,29,0.027576460037380457,,,,0,0.0,0.0,0.0,,,abstained,,0,0,,,,,,1,0,0.0,0.0,0,0.0,0.0,,0,,0,0.0,,,,ARC-AGI-2,f3283f727488ad98fe575ea6a5ac981e4a188e49,training,602
9c1e755f,no_deterministic_local_rule,4,1,29,0,29,0.021167826955206692,,,8,1,0.0,0.0,0.0,,,abstained,,0,0,,,,,,1,0,0.0,0.0,0,0.0,0.0,,0,,0,0.0,,,,ARC-AGI-2,f3283f727488ad98fe575ea6a5ac981e4a188e49,training,603
9c56f360,selected,3,1,29,2,27,0.015140076982788742,0.0,0.8705882352941177,,0,0.0,0.0,1.0,von_neumann_r2,2117.0,predicted_incorrect,von_neumann_r2,13,22,1332.0,8.0,1340.0,0.0,0.0,1,0,0.0,0.0,0,0.0,0.0,,1,0.8271604938271605,81,1.0,1.0,0.0,0.0,ARC-AGI-2,f3283f727488ad98fe575ea6a5ac981e4a188e49,training,604
9caba7c3,selected,3,1,29,2,27,0.07590226700995117,0.0,0.9399815327793167,,0,0.0,0.0,1.0,moore_r2,9847.0,predicted_incorrect,von_neumann_r2,13,66,3798.0,8.0,3806.0,0.05263157894736842,0.05263157894736842,1,0,0.0,0.0,0,0.0,0.0,,1,0.9279778393351801,361,1.0,1.0,0.0,0.0,ARC-AGI-2,f3283f727488ad98fe575ea6a5ac981e4a188e49,training,605
9caf5b84,selected,4,1,29,4,25,0.017625235952436924,0.0,0.5892857142857143,8,1,0.0,0.0,1.0,von_neumann_r1,1418.0,predicted_incorrect,von_neumann_r1,5,45,1130.0,8.0,1138.0,0.0,0.0,1,0,0.0,0.0,0,0.0,0.0,,1,0.5,24,1.0,1.0,0.0,0.0,ARC-AGI-2,f3283f727488ad98fe575ea6a5ac981e4a188e49,training,606
9d9215db,no_deterministic_local_rule,3,1,29,0,29,0.05012120702303946,,,,0,0.0,0.0,0.0,,,abstained,,0,0,,,,,,1,0,0.0,0.0,0,0.0,0.0,,0,,0,0.0,,,,ARC-AGI-2,f3283f727488ad98fe575ea6a5ac981e4a188e49,training,607
9ddd00f0,no_deterministic_local_rule,2,1,29,0,29,0.008242569980211556,,,1,1,0.0,0.0,0.0,,,abstained,,0,0,,,,,,1,0,0.0,0.0,0,0.0,0.0,,0,,0,0.0,,,,ARC-AGI-2,f3283f727488ad98fe575ea6a5ac981e4a188e49,training,608
9def23fe,no_deterministic_local_rule,3,1,29,0,29,0.054698844091035426,,,1,1,0.0,0.0,0.0,,,abstained,,0,0,,,,,,1,0,0.0,0.0,0,0.0,0.0,,0,,0,0.0,,,,ARC-AGI-2,f3283f727488ad98fe575ea6a5ac981e4a188e49,training,609
9dfd6313,selected,3,1,29,1,28,0.0062765179900452495,0.0,0.64,,0,0.0,0.0,1.0,moore_r2,3502.0,predicted_incorrect,moore_r2,25,18,2045.0,8.0,2053.0,0.0,0.0,1,0,0.0,0.0,0,0.0,0.0,,1,0.6111111111111112,36,1.0,1.0,0.0,0.0,ARC-AGI-2,f3283f727488ad98fe575ea6a5ac981e4a188e49,training,610
9edfc990,selected,3,1,29,2,27,0.048046161071397364,0.0,0.6076923076923076,,0,0.0,0.0,1.0,von_neumann_r2,19258.0,predicted_incorrect,von_neumann_r2,13,255,14386.0,8.0,14394.0,0.0,0.0,1,0,0.0,0.0,0,0.0,0.0,,1,0.66015625,256,1.0,1.0,0.0,0.0,ARC-AGI-2,f3283f727488ad98fe575ea6a5ac981e4a188e49,training,611
9f236235,unsupported_shape_change,3,1,29,0,0,2.3619504645466805e-06,,,,0,0.0,0.0,0.0,,,abstained,,0,0,,,,,,1,0,0.0,0.0,0,0.0,0.0,,0,,0,0.0,,,,ARC-AGI-2,f3283f727488ad98fe575ea6a5ac981e4a188e49,training,612
9f27f097,no_deterministic_local_rule,3,1,29,0,29,0.02159580704756081,,,8,1,0.0,0.0,0.0,,,abstained,,0,0,,,,,,1,0,0.0,0.0,0,0.0,0.0,,0,,0,0.0,,,,ARC-AGI-2,f3283f727488ad98fe575ea6a5ac981e4a188e49,training,613
9f41bd9c,no_deterministic_local_rule,2,1,29,0,29,0.02565893402788788,,,,0,0.0,0.0,0.0,,,abstained,,0,0,,,,,,1,0,0.0,0.0,0,0.0,0.0,,0,,0,0.0,,,,ARC-AGI-2,f3283f727488ad98fe575ea6a5ac981e4a188e49,training,614
9f5f939b,selected,3,1,29,2,27,0.04073976108338684,1.0,1.0,,0,0.0,0.0,1.0,moore_r2,481.0,predicted_incorrect,von_neumann_r2,13,1,151.0,8.0,159.0,0.56,0.56,1,0,0.0,0.0,0,0.0,0.0,moore_r2,1,0.995,400,1.0,1.0,0.0,0.0,ARC-AGI-2,f3283f727488ad98fe575ea6a5ac981e4a188e49,training,615
9f669b64,selected,3,1,29,1,28,0.02009870600886643,0.0,0.84,,0,0.0,0.0,1.0,moore_r2,6206.0,predicted_incorrect,moore_r2,25,46,4958.0,8.0,4966.0,0.22,0.22,1,0,0.0,0.0,0,0.0,0.0,,1,0.88,100,1.0,1.0,0.0,0.0,ARC-AGI-2,f3283f727488ad98fe575ea6a5ac981e4a188e49,training,616
9f8de559,no_deterministic_local_rule,4,1,29,0,29,0.03777924599125981,,,,0,0.0,0.0,0.0,,,abstained,,0,0,,,,,,1,0,0.0,0.0,0,0.0,0.0,,0,,0,0.0,,,,ARC-AGI-2,f3283f727488ad98fe575ea6a5ac981e4a188e49,training,617
a04b2602,selected,3,1,29,2,27,0.06815929897129536,0.0,0.8556701030927835,,0,0.0,0.0,1.0,von_neumann_r2,12033.0,predicted_incorrect,von_neumann_r2,13,143,8113.0,8.0,8121.0,0.5694444444444444,0.5694444444444444,1,0,0.0,0.0,0,0.0,0.0,moore_r2,1,0.8333333333333334,432,1.0,1.0,0.0,0.0,ARC-AGI-2,f3283f727488ad98fe575ea6a5ac981e4a188e49,training,618
a096bf4d,no_deterministic_local_rule,3,1,29,0,29,0.058333969907835126,,,5,1,0.0,0.0,0.0,,,abstained,,0,0,,,,,,1,0,0.0,0.0,0,0.0,0.0,,0,,0,0.0,,,,ARC-AGI-2,f3283f727488ad98fe575ea6a5ac981e4a188e49,training,619
a09f6c25,selected,3,2,29,1,28,0.06211312999948859,0.0,0.8497607655502393,,0,0.0,0.0,0.0,,,predicted_incorrect,moore_r2,25,156,16402.0,8.0,16410.0,0.317002442002442,0.22792022792022792,2,0,0.0,0.0,0,0.0,0.0,,2,0.836076817558299,1458,1.0,1.0,0.0,0.0,ARC-AGI-2,f3283f727488ad98fe575ea6a5ac981e4a188e49,training,620
a1570a43,selected,4,1,29,1,28,0.021829831996001303,0.0,0.8013698630136986,,0,0.0,0.0,1.0,moore_r2,7247.0,predicted_incorrect,moore_r2,25,58,6206.0,8.0,6214.0,0.4,0.4,1,0,0.0,0.0,0,0.0,0.0,,1,0.875,80,1.0,1.0,0.0,0.0,ARC-AGI-2,f3283f727488ad98fe575ea6a5ac981e4a188e49,training,621
a1aa0c1e,unsupported_shape_change,3,1,29,0,0,1.7120037227869034e-06,,,2,1,0.0,0.0,0.0,,,abstained,,0,0,,,,,,1,0,0.0,0.0,0,0.0,0.0,,0,,0,0.0,,,,ARC-AGI-2,f3283f727488ad98fe575ea6a5ac981e4a188e49,training,622
a2d730bd,no_deterministic_local_rule,3,1,29,0,29,0.042136395000852644,,,2,1,0.0,0.0,0.0,,,abstained,,0,0,,,,,,1,0,0.0,0.0,0,0.0,0.0,,0,,0,0.0,,,,ARC-AGI-2,f3283f727488ad98fe575ea6a5ac981e4a188e49,training,623
a2fd1cf0,no_deterministic_local_rule,3,1,29,0,29,0.02647066710051149,,,,0,0.0,0.0,0.0,,,abstained,,0,0,,,,,,1,0,0.0,0.0,0,0.0,0.0,,0,,0,0.0,,,,ARC-AGI-2,f3283f727488ad98fe575ea6a5ac981e4a188e49,training,624
a3325580,unsupported_shape_change,6,1,29,0,0,3.402004949748516e-06,,,5,1,0.0,0.0,0.0,,,abstained,,0,0,,,,,,1,0,0.0,0.0,0,0.0,0.0,,0,,0,0.0,,,,ARC-AGI-2,f3283f727488ad98fe575ea6a5ac981e4a188e49,training,625
a3f84088,no_deterministic_local_rule,4,1,29,0,29,0.0390762269962579,,,,0,0.0,0.0,0.0,,,abstained,,0,0,,,,,,1,0,0.0,0.0,0,0.0,0.0,,0,,0,0.0,,,,ARC-AGI-2,f3283f727488ad98fe575ea6a5ac981e4a188e49,training,626
a406ac07,no_deterministic_local_rule,3,1,29,0,29,0.01572580693755299,,,,0,0.0,0.0,0.0,,,abstained,,0,0,,,,,,1,0,0.0,0.0,0,0.0,0.0,,0,,0,0.0,,,,ARC-AGI-2,f3283f727488ad98fe575ea6a5ac981e4a188e49,training,627
a416b8f3,unsupported_shape_change,3,1,29,0,0,4.247063770890236e-06,,,4,1,0.0,0.0,0.0,,,abstained,,0,0,,,,,,1,0,0.0,0.0,0,0.0,0.0,,0,,0,0.0,,,,ARC-AGI-2,f3283f727488ad98fe575ea6a5ac981e4a188e49,training,628
a416fc5b,unsupported_shape_change,3,1,29,0,0,1.451931893825531e-06,,,,0,0.0,0.0,0.0,,,abstained,,0,0,,,,,,1,0,0.0,0.0,0,0.0,0.0,,0,,0,0.0,,,,ARC-AGI-2,f3283f727488ad98fe575ea6a5ac981e4a188e49,training,629
a48eeaf7,no_deterministic_local_rule,2,1,29,0,29,0.010418233927339315,,,,0,0.0,0.0,0.0,,,abstained,,0,0,,,,,,1,0,0.0,0.0,0,0.0,0.0,,0,,0,0.0,,,,ARC-AGI-2,f3283f727488ad98fe575ea6a5ac981e4a188e49,training,630
a5313dff,selected,3,1,29,2,27,0.0215534899616614,0.3333333333333333,0.9448529411764706,,0,0.0,0.0,1.0,moore_r2,4958.0,predicted_incorrect,von_neumann_r2,13,22,1332.0,8.0,1340.0,0.25925925925925924,0.25925925925925924,1,0,0.0,0.0,0,0.0,0.0,moore_r2,1,0.8641975308641975,81,1.0,1.0,0.0,0.0,ARC-AGI-2,f3283f727488ad98fe575ea6a5ac981e4a188e49,training,631
a57f2f04,no_deterministic_local_rule,3,1,29,0,29,0.056109957047738135,,,,0,0.0,0.0,0.0,,,abstained,,0,0,,,,,,1,0,0.0,0.0,0,0.0,0.0,,0,,0,0.0,,,,ARC-AGI-2,f3283f727488ad98fe575ea6a5ac981e4a188e49,training,632
a59b95c0,unsupported_shape_change,5,1,29,0,0,2.06800177693367e-06,,,,0,0.0,0.0,0.0,,,abstained,,0,0,,,,,,1,0,0.0,0.0,0,0.0,0.0,,0,,0,0.0,,,,ARC-AGI-2,f3283f727488ad98fe575ea6a5ac981e4a188e49,training,633
a5f85a15,no_deterministic_local_rule,3,1,29,0,29,0.007406231015920639,,,6,1,0.0,0.0,0.0,,,abstained,,0,0,,,,,,1,0,0.0,0.0,0,0.0,0.0,,0,,0,0.0,,,,ARC-AGI-2,f3283f727488ad98fe575ea6a5ac981e4a188e49,training,634
a61ba2ce,unsupported_shape_change,2,1,29,0,0,1.3009412214159966e-06,,,6,1,0.0,0.0,0.0,,,abstained,,0,0,,,,,,1,0,0.0,0.0,0,0.0,0.0,,0,,0,0.0,,,,ARC-AGI-2,f3283f727488ad98fe575ea6a5ac981e4a188e49,training,635
a61f2674,no_deterministic_local_rule,2,1,29,0,29,0.008848433964885771,,,,0,0.0,0.0,0.0,,,abstained,,0,0,,,,,,1,0,0.0,0.0,0,0.0,0.0,,0,,0,0.0,,,,ARC-AGI-2,f3283f727488ad98fe575ea6a5ac981e4a188e49,training,636
a644e277,unsupported_shape_change,2,1,29,0,0,1.2569362297654152e-06,,,4;7,2,0.0,0.0,0.0,,,abstained,,0,0,,,,,,1,0,0.0,0.0,0,0.0,0.0,,0,,0,0.0,,,,ARC-AGI-2,f3283f727488ad98fe575ea6a5ac981e4a188e49,training,637
a64e4611,no_deterministic_local_rule,3,1,29,0,29,0.12456382403615862,,,4,1,0.0,0.0,0.0,,,abstained,,0,0,,,,,,1,0,0.0,0.0,0,0.0,0.0,,0,,0,0.0,,,,ARC-AGI-2,f3283f727488ad98fe575ea6a5ac981e4a188e49,training,638
a65b410d,no_deterministic_local_rule,3,1,29,0,29,0.01057323906570673,,,,0,0.0,0.0,0.0,,,abstained,,0,0,,,,,,1,0,0.0,0.0,0,0.0,0.0,,0,,0,0.0,,,,ARC-AGI-2,f3283f727488ad98fe575ea6a5ac981e4a188e49,training,639
a680ac02,unsupported_shape_change,3,1,29,0,0,1.3289973139762878e-06,,,,0,0.0,0.0,0.0,,,abstained,,0,0,,,,,,1,0,0.0,0.0,0,0.0,0.0,,0,,0,0.0,,,,ARC-AGI-2,f3283f727488ad98fe575ea6a5ac981e4a188e49,training,640
a68b268e,unsupported_shape_change,6,1,29,0,0,8.729984983801842e-07,,,,0,0.0,0.0,0.0,,,abstained,,0,0,,,,,,1,0,0.0,0.0,0,0.0,0.0,,0,,0,0.0,,,,ARC-AGI-2,f3283f727488ad98fe575ea6a5ac981e4a188e49,training,641
a6953f00,unsupported_shape_change,3,1,29,0,0,8.989591151475906e-07,,,,0,0.0,0.0,0.0,,,abstained,,0,0,,,,,,1,0,0.0,0.0,0,0.0,0.0,,0,,0,0.0,,,,ARC-AGI-2,f3283f727488ad98fe575ea6a5ac981e4a188e49,training,642
a699fb00,selected,3,1,29,4,25,0.022379964007996023,0.3333333333333333,0.9911111111111112,,0,0.0,0.0,1.0,von_neumann_r1,117.0,solved,von_neumann_r1,5,3,117.0,8.0,125.0,0.98,0.98,1,1,1.0,1.0,1,1.0,1.0,von_neumann_r2,1,1.0,100,1.0,1.0,0.0,0.0,ARC-AGI-2,f3283f727488ad98fe575ea6a5ac981e4a188e49,training,643
a740d043,unsupported_shape_change,3,1,29,0,0,1.5440164133906364e-06,,,,0,0.0,0.0,0.0,,,abstained,,0,0,,,,,,1,0,0.0,0.0,0,0.0,0.0,,0,,0,0.0,,,,ARC-AGI-2,f3283f727488ad98fe575ea6a5ac981e4a188e49,training,644
a78176bb,no_deterministic_local_rule,3,1,29,0,29,0.015762189985252917,,,1,1,0.0,0.0,0.0,,,abstained,,0,0,,,,,,1,0,0.0,0.0,0,0.0,0.0,,0,,0,0.0,,,,ARC-AGI-2,f3283f727488ad98fe575ea6a5ac981e4a188e49,training,645
a79310a0,selected,3,1,29,5,24,0.010390721028670669,0.3333333333333333,0.9152542372881356,,0,0.0,0.0,1.0,center_wire_-1_+0,74.0,solved,center_wire_-1_+0,2,4,74.0,8.0,82.0,1.0,1.0,1,1,1.0,1.0,1,1.0,1.0,von_neumann_r1,1,1.0,25,1.0,1.0,0.0,0.0,ARC-AGI-2,f3283f727488ad98fe575ea6a5ac981e4a188e49,training,646
a834deea,selected,3,1,29,1,28,0.02521281794179231,0.0,0.9416243654822335,,0,0.0,0.0,1.0,moore_r2,4022.0,predicted_incorrect,moore_r2,25,23,2565.0,8.0,2573.0,0.2421875,0.2421875,1,0,0.0,0.0,0,0.0,0.0,,1,0.9453125,256,1.0,1.0,0.0,0.0,ARC-AGI-2,f3283f727488ad98fe575ea6a5ac981e4a188e49,training,647
a85d4709,selected,4,1,29,4,25,0.01048785902094096,0.0,0.3333333333333333,,0,0.0,0.0,1.0,von_neumann_r1,914.0,predicted_incorrect,von_neumann_r1,5,30,769.0,8.0,777.0,0.3333333333333333,0.3333333333333333,1,0,0.0,0.0,0,0.0,0.0,moore_r1,1,0.3333333333333333,9,1.0,1.0,0.0,0.0,ARC-AGI-2,f3283f727488ad98fe575ea6a5ac981e4a188e49,training,648
a8610ef7,selected,4,1,29,2,27,0.01597716996911913,0.0,0.4166666666666667,,0,0.0,0.0,1.0,von_neumann_r2,6038.0,predicted_incorrect,von_neumann_r2,13,84,4806.0,8.0,4814.0,0.0,0.0,1,0,0.0,0.0,0,0.0,0.0,,1,0.3888888888888889,36,1.0,1.0,0.0,0.0,ARC-AGI-2,f3283f727488ad98fe575ea6a5ac981e4a188e49,training,649
a87f7484,unsupported_shape_change,4,1,29,0,0,1.5099067240953445e-06,,,5,1,0.0,0.0,0.0,,,abstained,,0,0,,,,,,1,0,0.0,0.0,0,0.0,0.0,,0,,0,0.0,,,,ARC-AGI-2,f3283f727488ad98fe575ea6a5ac981e4a188e49,training,650
a8c38be5,unsupported_shape_change,2,1,29,0,0,9.349314495921135e-07,,,,0,0.0,0.0,0.0,,,abstained,,0,0,,,,,,1,0,0.0,0.0,0,0.0,0.0,,0,,0,0.0,,,,ARC-AGI-2,f3283f727488ad98fe575ea6a5ac981e4a188e49,training,651
a8d7556c,selected,3,1,29,2,27,0.06807886704336852,0.0,0.9362139917695473,,0,0.0,0.0,1.0,von_neumann_r2,4806.0,predicted_incorrect,von_neumann_r2,13,62,3573.0,8.0,3581.0,0.08024691358024691,0.08024691358024691,1,0,0.0,0.0,0,0.0,0.0,,1,0.9320987654320988,324,1.0,1.0,0.0,0.0,ARC-AGI-2,f3283f727488ad98fe575ea6a5ac981e4a188e49,training,652
a934301b,selected,3,1,29,1,28,0.03628227207809687,0.0,0.8023850085178875,,0,0.0,0.0,1.0,moore_r2,17234.0,predicted_incorrect,moore_r2,25,116,12239.0,8.0,12247.0,0.01282051282051282,0.01282051282051282,1,0,0.0,0.0,0,0.0,0.0,,1,0.6923076923076923,156,1.0,1.0,0.0,0.0,ARC-AGI-2,f3283f727488ad98fe575ea6a5ac981e4a188e49,training,653
a9f96cdd,selected,4,1,29,3,26,0.01108693506103009,0.0,0.7833333333333333,,0,0.0,0.0,1.0,moore_r1,676.0,predicted_incorrect,moore_r1,9,14,635.0,8.0,643.0,0.8,0.8,1,0,0.0,0.0,0,0.0,0.0,von_neumann_r2,1,0.9333333333333333,15,1.0,1.0,0.0,0.0,ARC-AGI-2,f3283f727488ad98fe575ea6a5ac981e4a188e49,training,654
aa18de87,selected,4,1,29,1,28,0.01386365492362529,0.0,0.7243589743589743,6,1,0.0,0.0,1.0,moore_r2,5998.0,predicted_incorrect,moore_r2,25,43,4646.0,8.0,4654.0,0.0,0.0,1,0,0.0,0.0,0,0.0,0.0,,1,0.6388888888888888,36,1.0,1.0,0.0,0.0,ARC-AGI-2,f3283f727488ad98fe575ea6a5ac981e4a188e49,training,655
aa300dc3,selected,4,1,29,1,28,0.027878422988578677,0.0,0.9275,,0,0.0,0.0,1.0,moore_r2,3918.0,predicted_incorrect,moore_r2,25,29,3189.0,8.0,3197.0,0.1,0.1,1,0,0.0,0.0,0,0.0,0.0,,1,0.93,100,1.0,1.0,0.0,0.0,ARC-AGI-2,f3283f727488ad98fe575ea6a5ac981e4a188e49,training,656
aa62e3f4,selected,2,1,29,3,26,0.022551139001734555,0.0,0.7901639344262295,,0,0.0,0.0,1.0,moore_r1,3118.0,predicted_incorrect,moore_r1,9,55,2277.0,8.0,2285.0,0.04,0.04,1,0,0.0,0.0,0,0.0,0.0,,1,0.12,25,1.0,1.0,0.0,0.0,ARC-AGI-2,f3283f727488ad98fe575ea6a5ac981e4a188e49,training,657
aab50785,unsupported_shape_change,5,1,29,0,0,1.7550773918628693e-06,,,,0,0.0,0.0,0.0,,,abstained,,0,0,,,,,,1,0,0.0,0.0,0,0.0,0.0,,0,,0,0.0,,,,ARC-AGI-2,f3283f727488ad98fe575ea6a5ac981e4a188e49,training,658
aabf363d,selected,2,1,29,29,0,0.02584163600113243,0.0,0.7346938775510204,8,1,0.0,0.0,1.0,center_wire_+0_-1,137.0,predicted_incorrect,center,1,4,49.0,8.0,57.0,0.6938775510204082,0.6938775510204082,1,0,0.0,0.0,0,0.0,0.0,center_wire_+0_-1,1,0.673469387755102,49,1.0,1.0,0.0,0.0,ARC-AGI-2,f3283f727488ad98fe575ea6a5ac981e4a188e49,training,659
aaecdb9a,unsupported_shape_change,3,1,29,0,0,1.7639249563217163e-06,,,,0,0.0,0.0,0.0,,,abstained,,0,0,,,,,,1,0,0.0,0.0,0,0.0,0.0,,0,,0,0.0,,,,ARC-AGI-2,f3283f727488ad98fe575ea6a5ac981e4a188e49,training,660
aaef0977,no_deterministic_local_rule,2,1,29,0,29,0.007292675087228417,,,,0,0.0,0.0,0.0,,,abstained,,0,0,,,,,,1,0,0.0,0.0,0,0.0,0.0,,0,,0,0.0,,,,ARC-AGI-2,f3283f727488ad98fe575ea6a5ac981e4a188e49,training,661
aba27056,no_deterministic_local_rule,3,1,29,0,29,0.00972423399798572,,,2,1,0.0,0.0,0.0,,,abstained,,0,0,,,,,,1,0,0.0,0.0,0,0.0,0.0,,0,,0,0.0,,,,ARC-AGI-2,f3283f727488ad98fe575ea6a5ac981e4a188e49,training,662
abbfd121,unsupported_shape_change,3,1,29,0,0,1.5569385141134262e-06,,,7;9,2,0.0,0.0,0.0,,,abstained,,0,0,,,,,,1,0,0.0,0.0,0,0.0,0.0,,0,,0,0.0,,,,ARC-AGI-2,f3283f727488ad98fe575ea6a5ac981e4a188e49,training,663
ac0a08a4,unsupported_shape_change,3,1,29,0,0,9.490177035331726e-07,,,1,1,0.0,0.0,0.0,,,abstained,,0,0,,,,,,1,0,0.0,0.0,0,0.0,0.0,,0,,0,0.0,,,,ARC-AGI-2,f3283f727488ad98fe575ea6a5ac981e4a188e49,training,664
ac0c2ac3,no_deterministic_local_rule,3,1,29,0,29,0.013373062014579773,,,,0,0.0,0.0,0.0,,,abstained,,0,0,,,,,,1,0,0.0,0.0,0,0.0,0.0,,0,,0,0.0,,,,ARC-AGI-2,f3283f727488ad98fe575ea6a5ac981e4a188e49,training,665
ac0c5833,no_deterministic_local_rule,3,1,29,0,29,0.09881961694918573,,,,0,0.0,0.0,0.0,,,abstained,,0,0,,,,,,1,0,0.0,0.0,0,0.0,0.0,,0,,0,0.0,,,,ARC-AGI-2,f3283f727488ad98fe575ea6a5ac981e4a188e49,training,666
ac2e8ecf,no_deterministic_local_rule,3,1,29,0,29,0.03028687904588878,,,,0,0.0,0.0,0.0,,,abstained,,0,0,,,,,,1,0,0.0,0.0,0,0.0,0.0,,0,,0,0.0,,,,ARC-AGI-2,f3283f727488ad98fe575ea6a5ac981e4a188e49,training,667
ac3e2b04,no_deterministic_local_rule,4,1,29,0,29,0.031136494013480842,,,,0,0.0,0.0,0.0,,,abstained,,0,0,,,,,,1,0,0.0,0.0,0,0.0,0.0,,0,,0,0.0,,,,ARC-AGI-2,f3283f727488ad98fe575ea6a5ac981e4a188e49,training,668
ac605cbb,no_deterministic_local_rule,6,1,29,0,29,0.03157553798519075,,,,0,0.0,0.0,0.0,,,abstained,,0,0,,,,,,1,0,0.0,0.0,0,0.0,0.0,,0,,0,0.0,,,,ARC-AGI-2,f3283f727488ad98fe575ea6a5ac981e4a188e49,training,669
ac6f9922,unsupported_shape_change,3,1,29,0,0,1.386040821671486e-06,,,7,1,0.0,0.0,0.0,,,abstained,,0,0,,,,,,1,0,0.0,0.0,0,0.0,0.0,,0,,0,0.0,,,,ARC-AGI-2,f3283f727488ad98fe575ea6a5ac981e4a188e49,training,670
ad173014,selected,3,1,29,3,26,0.11924455896951258,0.0,0.9664131812420785,,0,0.0,0.0,1.0,von_neumann_r2,5758.0,predicted_incorrect,moore_r1,9,53,2197.0,8.0,2205.0,0.7489711934156379,0.7489711934156379,1,0,0.0,0.0,0,0.0,0.0,von_neumann_r2,1,0.9368998628257887,729,1.0,1.0,0.0,0.0,ARC-AGI-2,f3283f727488ad98fe575ea6a5ac981e4a188e49,training,671
ad38a9d0,selected,2,1,29,2,27,0.012051310972310603,0.0,0.7283950617283951,,0,0.0,0.0,1.0,von_neumann_r2,3966.0,predicted_incorrect,von_neumann_r2,13,48,2789.0,8.0,2797.0,0.1728395061728395,0.1728395061728395,1,0,0.0,0.0,0,0.0,0.0,moore_r2,1,0.7407407407407407,81,1.0,1.0,0.0,0.0,ARC-AGI-2,f3283f727488ad98fe575ea6a5ac981e4a188e49,training,672
ad3b40cf,no_deterministic_local_rule,3,1,29,0,29,0.026694767992012203,,,4,1,0.0,0.0,0.0,,,abstained,,0,0,,,,,,1,0,0.0,0.0,0,0.0,0.0,,0,,0,0.0,,,,ARC-AGI-2,f3283f727488ad98fe575ea6a5ac981e4a188e49,training,673
ad7e01d0,unsupported_shape_change,4,1,29,0,0,1.5710247680544853e-06,,,,0,0.0,0.0,0.0,,,abstained,,0,0,,,,,,1,0,0.0,0.0,0,0.0,0.0,,0,,0,0.0,,,,ARC-AGI-2,f3283f727488ad98fe575ea6a5ac981e4a188e49,training,674
ae3edfdc,no_deterministic_local_rule,3,1,29,0,29,0.03159137908369303,,,,0,0.0,0.0,0.0,,,abstained,,0,0,,,,,,1,0,0.0,0.0,0,0.0,0.0,,0,,0,0.0,,,,ARC-AGI-2,f3283f727488ad98fe575ea6a5ac981e4a188e49,training,675
ae4f1146,unsupported_shape_change,4,1,29,0,0,1.9619474187493324e-06,,,,0,0.0,0.0,0.0,,,abstained,,0,0,,,,,,1,0,0.0,0.0,0,0.0,0.0,,0,,0,0.0,,,,ARC-AGI-2,f3283f727488ad98fe575ea6a5ac981e4a188e49,training,676
ae58858e,selected,4,1,29,1,28,0.023429138003848493,0.0,0.8588957055214724,,0,0.0,0.0,1.0,moore_r2,5894.0,predicted_incorrect,moore_r2,25,46,4958.0,8.0,4966.0,0.041666666666666664,0.041666666666666664,1,0,0.0,0.0,0,0.0,0.0,,1,0.8125,48,1.0,1.0,0.0,0.0,ARC-AGI-2,f3283f727488ad98fe575ea6a5ac981e4a188e49,training,677
aedd82e4,selected,4,1,29,4,25,0.011635120958089828,0.75,0.9814814814814815,,0,0.0,0.0,1.0,von_neumann_r1,189.0,predicted_incorrect,von_neumann_r1,5,3,117.0,8.0,125.0,0.45,0.45,1,0,0.0,0.0,0,0.0,0.0,,1,0.85,20,1.0,1.0,0.0,0.0,ARC-AGI-2,f3283f727488ad98fe575ea6a5ac981e4a188e49,training,678
aee291af,unsupported_shape_change,3,1,29,0,0,1.9420403987169266e-06,,,,0,0.0,0.0,0.0,,,abstained,,0,0,,,,,,1,0,0.0,0.0,0,0.0,0.0,,0,,0,0.0,,,,ARC-AGI-2,f3283f727488ad98fe575ea6a5ac981e4a188e49,training,679
af24b4cc,unsupported_shape_change,3,1,29,0,0,9.529758244752884e-07,,,,0,0.0,0.0,0.0,,,abstained,,0,0,,,,,,1,0,0.0,0.0,0,0.0,0.0,,0,,0,0.0,,,,ARC-AGI-2,f3283f727488ad98fe575ea6a5ac981e4a188e49,training,680
af726779,no_deterministic_local_rule,3,3,29,0,29,0.02511395502369851,,,,0,0.0,0.0,0.0,,,abstained,,0,0,,,,,,3,0,0.0,0.0,0,0.0,0.0,,0,,0,0.0,,,,ARC-AGI-2,f3283f727488ad98fe575ea6a5ac981e4a188e49,training,681
af902bf9,no_deterministic_local_rule,3,1,29,0,29,0.015556717989966273,,,,0,0.0,0.0,0.0,,,abstained,,0,0,,,,,,1,0,0.0,0.0,0,0.0,0.0,,0,,0,0.0,,,,ARC-AGI-2,f3283f727488ad98fe575ea6a5ac981e4a188e49,training,682
afe3afe9,unsupported_shape_change,3,1,29,0,0,3.5479897633194923e-06,,,7,1,0.0,0.0,0.0,,,abstained,,0,0,,,,,,1,0,0.0,0.0,0,0.0,0.0,,0,,0,0.0,,,,ARC-AGI-2,f3283f727488ad98fe575ea6a5ac981e4a188e49,training,683
b0722778,unsupported_shape_change,2,1,29,0,0,7.780035957694054e-07,,,,0,0.0,0.0,0.0,,,abstained,,0,0,,,,,,1,0,0.0,0.0,0,0.0,0.0,,0,,0,0.0,,,,ARC-AGI-2,f3283f727488ad98fe575ea6a5ac981e4a188e49,training,684
b0c4d837,unsupported_shape_change,6,1,29,0,0,1.2150267139077187e-06,,,,0,0.0,0.0,0.0,,,abstained,,0,0,,,,,,1,0,0.0,0.0,0,0.0,0.0,,0,,0,0.0,,,,ARC-AGI-2,f3283f727488ad98fe575ea6a5ac981e4a188e49,training,685
b0f4d537,unsupported_shape_change,4,1,29,0,0,9.110663086175919e-07,,,,0,0.0,0.0,0.0,,,abstained,,0,0,,,,,,1,0,0.0,0.0,0,0.0,0.0,,0,,0,0.0,,,,ARC-AGI-2,f3283f727488ad98fe575ea6a5ac981e4a188e49,training,686
b15fca0b,selected,5,1,29,2,27,0.024382411036640406,0.0,0.7027027027027027,,0,0.0,0.0,0.0,,,predicted_incorrect,von_neumann_r2,13,68,3910.0,8.0,3918.0,0.19,0.19,1,0,0.0,0.0,0,0.0,0.0,moore_r2,1,0.79,100,1.0,1.0,0.0,0.0,ARC-AGI-2,f3283f727488ad98fe575ea6a5ac981e4a188e49,training,687
b190f7f5,unsupported_shape_change,3,1,29,0,0,1.6200356185436249e-06,,,,0,0.0,0.0,0.0,,,abstained,,0,0,,,,,,1,0,0.0,0.0,0,0.0,0.0,,0,,0,0.0,,,,ARC-AGI-2,f3283f727488ad98fe575ea6a5ac981e4a188e49,training,688
b1948b0a,selected,3,1,29,29,0,0.027658042032271624,1.0,1.0,,0,0.0,0.0,1.0,center,24.0,solved,center,1,1,24.0,8.0,32.0,1.0,1.0,1,1,1.0,1.0,1,1.0,1.0,von_neumann_r1,1,1.0,16,1.0,1.0,0.0,0.0,ARC-AGI-2,f3283f727488ad98fe575ea6a5ac981e4a188e49,training,689
b1986d4b,unsupported_shape_change,3,1,29,0,0,1.8279533833265305e-06,,,,0,0.0,0.0,0.0,,,abstained,,0,0,,,,,,1,0,0.0,0.0,0,0.0,0.0,,0,,0,0.0,,,,ARC-AGI-2,f3283f727488ad98fe575ea6a5ac981e4a188e49,training,690
b1fc8b8e,unsupported_shape_change,5,2,29,0,0,8.33999365568161e-07,,,,0,0.0,0.0,0.0,,,abstained,,0,0,,,,,,2,0,0.0,0.0,0,0.0,0.0,,0,,0,0.0,,,,ARC-AGI-2,f3283f727488ad98fe575ea6a5ac981e4a188e49,training,691
b20f7c8b,no_deterministic_local_rule,3,1,29,0,29,0.054165770998224616,,,,0,0.0,0.0,0.0,,,abstained,,0,0,,,,,,1,0,0.0,0.0,0,0.0,0.0,,0,,0,0.0,,,,ARC-AGI-2,f3283f727488ad98fe575ea6a5ac981e4a188e49,training,692
b230c067,selected,3,1,29,2,27,0.02319305995479226,0.0,0.7733333333333333,,0,0.0,0.0,1.0,moore_r2,9431.0,predicted_incorrect,von_neumann_r2,13,62,3573.0,8.0,3581.0,0.34,0.34,1,0,0.0,0.0,0,0.0,0.0,moore_r2,1,0.77,100,1.0,1.0,0.0,0.0,ARC-AGI-2,f3283f727488ad98fe575ea6a5ac981e4a188e49,training,693
b25e450b,selected,3,1,29,2,27,0.023023230023682117,0.0,0.5753424657534246,,0,0.0,0.0,1.0,von_neumann_r2,14666.0,predicted_incorrect,von_neumann_r2,13,124,7046.0,8.0,7054.0,0.0,0.0,1,0,0.0,0.0,0,0.0,0.0,,1,0.4603174603174603,252,1.0,1.0,0.0,0.0,ARC-AGI-2,f3283f727488ad98fe575ea6a5ac981e4a188e49,training,694
b27ca6d3,selected,2,1,29,1,28,0.028748097945936024,0.0,0.9431372549019608,,0,0.0,0.0,1.0,moore_r2,7767.0,predicted_incorrect,moore_r2,25,29,3189.0,8.0,3197.0,0.19852941176470587,0.19852941176470587,1,0,0.0,0.0,0,0.0,0.0,,1,0.8272058823529411,272,1.0,1.0,0.0,0.0,ARC-AGI-2,f3283f727488ad98fe575ea6a5ac981e4a188e49,training,695
b2862040,selected,4,1,29,1,28,0.039117669919505715,0.0,0.8559463986599665,,0,0.0,0.0,0.0,,,predicted_incorrect,moore_r2,25,88,9327.0,8.0,9335.0,0.0625,0.0625,1,0,0.0,0.0,0,0.0,0.0,,1,0.8708333333333333,240,1.0,1.0,0.0,0.0,ARC-AGI-2,f3283f727488ad98fe575ea6a5ac981e4a188e49,training,696
b2bc3ffd,no_deterministic_local_rule,3,1,29,0,29,0.010961201973259449,,,5;6,2,0.0,0.0,0.0,,,abstained,,0,0,,,,,,1,0,0.0,0.0,0,0.0,0.0,,0,,0,0.0,,,,ARC-AGI-2,f3283f727488ad98fe575ea6a5ac981e4a188e49,training,697
b457fec5,no_deterministic_local_rule,3,1,29,0,29,0.04542529594618827,,,,0,0.0,0.0,0.0,,,abstained,,0,0,,,,,,1,0,0.0,0.0,0,0.0,0.0,,0,,0,0.0,,,,ARC-AGI-2,f3283f727488ad98fe575ea6a5ac981e4a188e49,training,698
b4a43f3b,unsupported_shape_change,4,1,29,0,0,1.474982127547264e-06,,,,0,0.0,0.0,0.0,,,abstained,,0,0,,,,,,1,0,0.0,0.0,0,0.0,0.0,,0,,0,0.0,,,,ARC-AGI-2,f3283f727488ad98fe575ea6a5ac981e4a188e49,training,699
b527c5c6,no_deterministic_local_rule,4,1,29,0,29,0.05944777699187398,,,,0,0.0,0.0,0.0,,,abstained,,0,0,,,,,,1,0,0.0,0.0,0,0.0,0.0,,0,,0,0.0,,,,ARC-AGI-2,f3283f727488ad98fe575ea6a5ac981e4a188e49,training,700
b548a754,no_deterministic_local_rule,3,1,29,0,29,0.019749762024730444,,,4,1,0.0,0.0,0.0,,,abstained,,0,0,,,,,,1,0,0.0,0.0,0,0.0,0.0,,0,,0,0.0,,,,ARC-AGI-2,f3283f727488ad98fe575ea6a5ac981e4a188e49,training,701
b5bb5719,no_deterministic_local_rule,7,1,29,0,29,0.01220467605162412,,,,0,0.0,0.0,0.0,,,abstained,,0,0,,,,,,1,0,0.0,0.0,0,0.0,0.0,,0,,0,0.0,,,,ARC-AGI-2,f3283f727488ad98fe575ea6a5ac981e4a188e49,training,702
b60334d2,selected,2,1,29,3,26,0.013210428995080292,0.5,0.9506172839506173,,0,0.0,0.0,1.0,moore_r1,956.0,predicted_incorrect,moore_r1,9,18,796.0,8.0,804.0,0.9506172839506173,0.9506172839506173,1,0,0.0,0.0,0,0.0,0.0,von_neumann_r2,1,0.9506172839506173,81,1.0,1.0,0.0,0.0,ARC-AGI-2,f3283f727488ad98fe575ea6a5ac981e4a188e49,training,703
b6afb2da,selected,2,1,29,4,25,0.017073182039894164,0.0,0.94,,0,0.0,0.0,1.0,von_neumann_r1,529.0,predicted_incorrect,von_neumann_r1,5,19,505.0,8.0,513.0,0.98,0.98,1,0,0.0,0.0,0,0.0,0.0,von_neumann_r2,1,0.99,100,1.0,1.0,0.0,0.0,ARC-AGI-2,f3283f727488ad98fe575ea6a5ac981e4a188e49,training,704
b71a7747,unsupported_shape_change,2,1,29,0,0,1.920037902891636e-06,,,5,1,0.0,0.0,0.0,,,abstained,,0,0,,,,,,1,0,0.0,0.0,0,0.0,0.0,,0,,0,0.0,,,,ARC-AGI-2,f3283f727488ad98fe575ea6a5ac981e4a188e49,training,705
b7249182,no_deterministic_local_rule,3,1,29,0,29,0.0217974599217996,,,6;7,2,0.0,0.0,0.0,,,abstained,,0,0,,,,,,1,0,0.0,0.0,0,0.0,0.0,,0,,0,0.0,,,,ARC-AGI-2,f3283f727488ad98fe575ea6a5ac981e4a188e49,training,706
b7256dcd,selected,2,1,29,2,27,0.005495328921824694,0.0,0.6938775510204082,5;8,2,0.0,0.0,1.0,von_neumann_r2,1837.0,predicted_incorrect,von_neumann_r2,13,15,940.0,8.0,948.0,0.0,0.0,1,0,0.0,0.0,0,0.0,0.0,,1,0.673469387755102,49,1.0,1.0,0.0,0.0,ARC-AGI-2,f3283f727488ad98fe575ea6a5ac981e4a188e49,training,707
b745798f,no_deterministic_local_rule,3,1,29,0,29,0.012440861901268363,,,6;9,2,0.0,0.0,0.0,,,abstained,,0,0,,,,,,1,0,0.0,0.0,0,0.0,0.0,,0,,0,0.0,,,,ARC-AGI-2,f3283f727488ad98fe575ea6a5ac981e4a188e49,training,708
b74ca5d1,no_deterministic_local_rule,3,2,29,0,29,0.1220204820856452,,,,0,0.0,0.0,0.0,,,abstained,,0,0,,,,,,2,0,0.0,0.0,0,0.0,0.0,,0,,0,0.0,,,,ARC-AGI-2,f3283f727488ad98fe575ea6a5ac981e4a188e49,training,709
b775ac94,no_deterministic_local_rule,3,1,29,0,29,0.06743131298571825,,,,0,0.0,0.0,0.0,,,abstained,,0,0,,,,,,1,0,0.0,0.0,0,0.0,0.0,,0,,0,0.0,,,,ARC-AGI-2,f3283f727488ad98fe575ea6a5ac981e4a188e49,training,710
b782dc8a,no_deterministic_local_rule,2,1,29,0,29,0.02093969809357077,,,,0,0.0,0.0,0.0,,,abstained,,0,0,,,,,,1,0,0.0,0.0,0,0.0,0.0,,0,,0,0.0,,,,ARC-AGI-2,f3283f727488ad98fe575ea6a5ac981e4a188e49,training,711
b7955b3c,selected,3,2,29,3,26,0.03872746601700783,0.0,0.9152542372881356,,0,0.0,0.0,1.0,moore_r1,3718.0,predicted_incorrect,moore_r1,9,40,1677.0,8.0,1685.0,0.12296037296037296,0.03787878787878788,2,0,0.0,0.0,0,0.0,0.0,von_neumann_r2,2,0.9442148760330579,968,1.0,1.0,0.0,0.0,ARC-AGI-2,f3283f727488ad98fe575ea6a5ac981e4a188e49,training,712
b7999b51,unsupported_shape_change,3,1,29,0,0,1.8010614439845085e-06,,,6,1,0.0,0.0,0.0,,,abstained,,0,0,,,,,,1,0,0.0,0.0,0,0.0,0.0,,0,,0,0.0,,,,ARC-AGI-2,f3283f727488ad98fe575ea6a5ac981e4a188e49,training,713
b7cb93ac,unsupported_shape_change,3,1,29,0,0,8.059432730078697e-07,,,6,1,0.0,0.0,0.0,,,abstained,,0,0,,,,,,1,0,0.0,0.0,0,0.0,0.0,,0,,0,0.0,,,,ARC-AGI-2,f3283f727488ad98fe575ea6a5ac981e4a188e49,training,714
b7f8a4d8,no_deterministic_local_rule,3,1,29,0,29,0.09498726099263877,,,,0,0.0,0.0,0.0,,,abstained,,0,0,,,,,,1,0,0.0,0.0,0,0.0,0.0,,0,,0,0.0,,,,ARC-AGI-2,f3283f727488ad98fe575ea6a5ac981e4a188e49,training,715
b7fb29bc,no_deterministic_local_rule,3,1,29,0,29,0.031807677005417645,,,,0,0.0,0.0,0.0,,,abstained,,0,0,,,,,,1,0,0.0,0.0,0,0.0,0.0,,0,,0,0.0,,,,ARC-AGI-2,f3283f727488ad98fe575ea6a5ac981e4a188e49,training,716
b8825c91,selected,4,1,29,2,27,0.10037071804981679,0.0,0.923828125,,0,0.0,0.0,1.0,von_neumann_r2,5870.0,predicted_incorrect,von_neumann_r2,13,78,4470.0,8.0,4478.0,0.0,0.0,1,0,0.0,0.0,0,0.0,0.0,,1,0.90234375,256,1.0,1.0,0.0,0.0,ARC-AGI-2,f3283f727488ad98fe575ea6a5ac981e4a188e49,training,717
b8cdaf2b,selected,4,1,29,1,28,0.01103888195939362,0.0,0.8888888888888888,,0,0.0,0.0,0.0,,,predicted_incorrect,moore_r2,25,12,1420.0,8.0,1428.0,0.5802469135802469,0.5802469135802469,1,0,0.0,0.0,0,0.0,0.0,,1,0.9259259259259259,81,1.0,1.0,0.0,0.0,ARC-AGI-2,f3283f727488ad98fe575ea6a5ac981e4a188e49,training,718
b91ae062,unsupported_shape_change,5,1,29,0,0,1.6700942069292068e-06,,,,0,0.0,0.0,0.0,,,abstained,,0,0,,,,,,1,0,0.0,0.0,0,0.0,0.0,,0,,0,0.0,,,,ARC-AGI-2,f3283f727488ad98fe575ea6a5ac981e4a188e49,training,719
b942fd60,selected,6,1,29,1,28,0.03496378508862108,0.0,0.6971153846153846,,0,0.0,0.0,1.0,moore_r2,17754.0,predicted_incorrect,moore_r2,25,126,13279.0,8.0,13287.0,0.0,0.0,1,0,0.0,0.0,0,0.0,0.0,,1,0.6416666666666667,120,1.0,1.0,0.0,0.0,ARC-AGI-2,f3283f727488ad98fe575ea6a5ac981e4a188e49,training,720
b94a9452,unsupported_shape_change,3,1,29,0,0,4.2639439925551414e-06,,,8,1,0.0,0.0,0.0,,,abstained,,0,0,,,,,,1,0,0.0,0.0,0,0.0,0.0,,0,,0,0.0,,,,ARC-AGI-2,f3283f727488ad98fe575ea6a5ac981e4a188e49,training,721
b9630600,no_deterministic_local_rule,3,1,29,0,29,0.12507378903683275,,,,0,0.0,0.0,0.0,,,abstained,,0,0,,,,,,1,0,0.0,0.0,0,0.0,0.0,,0,,0,0.0,,,,ARC-AGI-2,f3283f727488ad98fe575ea6a5ac981e4a188e49,training,722
b9b7f026,unsupported_shape_change,3,1,29,0,0,1.7569400370121002e-06,,,,0,0.0,0.0,0.0,,,abstained,,0,0,,,,,,1,0,0.0,0.0,0,0.0,0.0,,0,,0,0.0,,,,ARC-AGI-2,f3283f727488ad98fe575ea6a5ac981e4a188e49,training,723
ba1aa698,unsupported_shape_change,3,1,29,0,0,8.820788934826851e-07,,,4,1,0.0,0.0,0.0,,,abstained,,0,0,,,,,,1,0,0.0,0.0,0,0.0,0.0,,0,,0,0.0,,,,ARC-AGI-2,f3283f727488ad98fe575ea6a5ac981e4a188e49,training,724
ba26e723,no_deterministic_local_rule,5,1,29,0,29,0.012198768090456724,,,,0,0.0,0.0,0.0,,,abstained,,0,0,,,,,,1,0,0.0,0.0,0,0.0,0.0,,0,,0,0.0,,,,ARC-AGI-2,f3283f727488ad98fe575ea6a5ac981e4a188e49,training,725
ba97ae07,selected,4,1,29,4,25,0.037195644923485816,0.0,0.9702380952380952,4;5,2,0.0,0.0,1.0,von_neumann_r1,216.0,predicted_incorrect,von_neumann_r1,5,5,165.0,8.0,173.0,0.21212121212121213,0.21212121212121213,1,0,0.0,0.0,0,0.0,0.0,,1,0.9393939393939394,66,1.0,1.0,0.0,0.0,ARC-AGI-2,f3283f727488ad98fe575ea6a5ac981e4a188e49,training,726
ba9d41b8,no_deterministic_local_rule,3,1,29,0,29,0.034158949041739106,,,6;7,2,0.0,0.0,0.0,,,abstained,,0,0,,,,,,1,0,0.0,0.0,0,0.0,0.0,,0,,0,0.0,,,,ARC-AGI-2,f3283f727488ad98fe575ea6a5ac981e4a188e49,training,727
bae5c565,no_deterministic_local_rule,2,1,29,0,29,0.012931136996485293,,,4,1,0.0,0.0,0.0,,,abstained,,0,0,,,,,,1,0,0.0,0.0,0,0.0,0.0,,0,,0,0.0,,,,ARC-AGI-2,f3283f727488ad98fe575ea6a5ac981e4a188e49,training,728
baf41dbf,no_deterministic_local_rule,3,1,29,0,29,0.02579183306079358,,,,0,0.0,0.0,0.0,,,abstained,,0,0,,,,,,1,0,0.0,0.0,0,0.0,0.0,,0,,0,0.0,,,,ARC-AGI-2,f3283f727488ad98fe575ea6a5ac981e4a188e49,training,729
bb43febb,selected,2,1,29,4,25,0.01710554410237819,1.0,1.0,,0,0.0,0.0,1.0,von_neumann_r1,68.0,solved,von_neumann_r1,5,1,68.0,8.0,76.0,0.86,0.86,1,1,1.0,1.0,1,1.0,1.0,von_neumann_r2,1,1.0,100,1.0,1.0,0.0,0.0,ARC-AGI-2,f3283f727488ad98fe575ea6a5ac981e4a188e49,training,730
bb52a14b,selected,3,1,29,1,28,0.08803406194783747,0.0,0.9827823691460055,,0,0.0,0.0,1.0,moore_r2,3814.0,predicted_incorrect,moore_r2,25,25,2773.0,8.0,2781.0,0.05991735537190083,0.05991735537190083,1,0,0.0,0.0,0,0.0,0.0,,1,0.9793388429752066,484,1.0,1.0,0.0,0.0,ARC-AGI-2,f3283f727488ad98fe575ea6a5ac981e4a188e49,training,731
bbb1b8b6,unsupported_shape_change,7,2,29,0,0,3.6490382626652718e-06,,,,0,0.0,0.0,0.0,,,abstained,,0,0,,,,,,2,0,0.0,0.0,0,0.0,0.0,,0,,0,0.0,,,,ARC-AGI-2,f3283f727488ad98fe575ea6a5ac981e4a188e49,training,732
bbc9ae5d,unsupported_shape_change,5,1,29,0,0,8.420320227742195e-07,,,,0,0.0,0.0,0.0,,,abstained,,0,0,,,,,,1,0,0.0,0.0,0,0.0,0.0,,0,,0,0.0,,,,ARC-AGI-2,f3283f727488ad98fe575ea6a5ac981e4a188e49,training,733
bc1d5164,unsupported_shape_change,5,1,29,0,0,6.710179150104523e-07,,,1,1,0.0,0.0,0.0,,,abstained,,0,0,,,,,,1,0,0.0,0.0,0,0.0,0.0,,0,,0,0.0,,,,ARC-AGI-2,f3283f727488ad98fe575ea6a5ac981e4a188e49,training,734
bc4146bd,unsupported_shape_change,4,1,29,0,0,7.139751687645912e-07,,,,0,0.0,0.0,0.0,,,abstained,,0,0,,,,,,1,0,0.0,0.0,0,0.0,0.0,,0,,0,0.0,,,,ARC-AGI-2,f3283f727488ad98fe575ea6a5ac981e4a188e49,training,735
bc93ec48,selected,3,1,29,2,27,0.019049534923397005,0.0,0.8508771929824561,1,1,0.0,0.0,1.0,von_neumann_r2,3349.0,predicted_incorrect,von_neumann_r2,13,34,2005.0,8.0,2013.0,0.04296875,0.04296875,1,0,0.0,0.0,0,0.0,0.0,,1,0.90625,256,1.0,1.0,0.0,0.0,ARC-AGI-2,f3283f727488ad98fe575ea6a5ac981e4a188e49,training,736
bcb3040b,selected,3,1,29,2,27,0.03704799199476838,0.0,0.936,,0,0.0,0.0,1.0,von_neumann_r2,2789.0,predicted_incorrect,von_neumann_r2,13,32,1893.0,8.0,1901.0,0.021604938271604937,0.021604938271604937,1,0,0.0,0.0,0,0.0,0.0,,1,0.9506172839506173,324,1.0,1.0,0.0,0.0,ARC-AGI-2,f3283f727488ad98fe575ea6a5ac981e4a188e49,training,737
bd14c3bf,no_deterministic_local_rule,3,1,29,0,29,0.04149083001539111,,,,0,0.0,0.0,0.0,,,abstained,,0,0,,,,,,1,0,0.0,0.0,0,0.0,0.0,,0,,0,0.0,,,,ARC-AGI-2,f3283f727488ad98fe575ea6a5ac981e4a188e49,training,738
bd283c4a,selected,2,1,29,2,27,0.014922787086106837,0.0,0.315,3,1,0.0,0.0,1.0,von_neumann_r2,11529.0,predicted_incorrect,von_neumann_r2,13,133,7553.0,8.0,7561.0,0.0,0.0,1,0,0.0,0.0,0,0.0,0.0,,1,0.28,100,1.0,1.0,0.0,0.0,ARC-AGI-2,f3283f727488ad98fe575ea6a5ac981e4a188e49,training,739
bd4472b8,no_deterministic_local_rule,3,1,29,0,29,0.006139436969533563,,,,0,0.0,0.0,0.0,,,abstained,,0,0,,,,,,1,0,0.0,0.0,0,0.0,0.0,,0,,0,0.0,,,,ARC-AGI-2,f3283f727488ad98fe575ea6a5ac981e4a188e49,training,740
bd5af378,no_deterministic_local_rule,4,1,29,0,29,0.013075429014861584,,,,0,0.0,0.0,0.0,,,abstained,,0,0,,,,,,1,0,0.0,0.0,0,0.0,0.0,,0,,0,0.0,,,,ARC-AGI-2,f3283f727488ad98fe575ea6a5ac981e4a188e49,training,741
bda2d7a6,selected,3,2,29,4,25,0.016654249979183078,0.0,0.0,1;9,2,0.0,0.0,1.0,moore_r1,7761.0,predicted_incorrect,von_neumann_r1,5,68,1683.0,8.0,1691.0,0.0625,0.0,2,0,0.0,0.0,0,0.0,0.0,moore_r1,2,0.04,100,1.0,1.0,0.0,0.0,ARC-AGI-2,f3283f727488ad98fe575ea6a5ac981e4a188e49,training,742
bdad9b1f,no_deterministic_local_rule,2,1,29,0,29,0.0051101259887218475,,,,0,0.0,0.0,0.0,,,abstained,,0,0,,,,,,1,0,0.0,0.0,0,0.0,0.0,,0,,0,0.0,,,,ARC-AGI-2,f3283f727488ad98fe575ea6a5ac981e4a188e49,training,743
be03b35f,unsupported_shape_change,3,1,29,0,0,1.5510013327002525e-06,,,,0,0.0,0.0,0.0,,,abstained,,0,0,,,,,,1,0,0.0,0.0,0,0.0,0.0,,0,,0,0.0,,,,ARC-AGI-2,f3283f727488ad98fe575ea6a5ac981e4a188e49,training,744
be94b721,unsupported_shape_change,4,1,29,0,0,8.019851520657539e-07,,,5,1,0.0,0.0,0.0,,,abstained,,0,0,,,,,,1,0,0.0,0.0,0,0.0,0.0,,0,,0,0.0,,,,ARC-AGI-2,f3283f727488ad98fe575ea6a5ac981e4a188e49,training,745
beb8660c,selected,3,1,29,2,27,0.011176692903973162,0.0,0.5420560747663551,7;9,2,0.0,0.0,1.0,moore_r2,9951.0,predicted_incorrect,von_neumann_r2,13,48,2789.0,8.0,2797.0,0.07954545454545454,0.07954545454545454,1,0,0.0,0.0,0,0.0,0.0,moore_r2,1,0.48863636363636365,88,1.0,1.0,0.0,0.0,ARC-AGI-2,f3283f727488ad98fe575ea6a5ac981e4a188e49,training,746
bf32578f,selected,3,1,29,1,28,0.013166622957214713,0.0,0.6976744186046512,1,1,0.0,0.0,0.0,,,predicted_incorrect,moore_r2,25,52,5582.0,8.0,5590.0,0.25,0.25,1,0,0.0,0.0,0,0.0,0.0,,1,0.625,64,1.0,1.0,0.0,0.0,ARC-AGI-2,f3283f727488ad98fe575ea6a5ac981e4a188e49,training,747
bf699163,unsupported_shape_change,2,1,29,0,0,1.7639249563217163e-06,,,,0,0.0,0.0,0.0,,,abstained,,0,0,,,,,,1,0,0.0,0.0,0,0.0,0.0,,0,,0,0.0,,,,ARC-AGI-2,f3283f727488ad98fe575ea6a5ac981e4a188e49,training,748
bf89d739,no_deterministic_local_rule,4,1,29,0,29,0.03760822303593159,,,,0,0.0,0.0,0.0,,,abstained,,0,0,,,,,,1,0,0.0,0.0,0,0.0,0.0,,0,,0,0.0,,,,ARC-AGI-2,f3283f727488ad98fe575ea6a5ac981e4a188e49,training,749
c074846d,no_deterministic_local_rule,5,2,29,0,29,0.012401761952787638,,,,0,0.0,0.0,0.0,,,abstained,,0,0,,,,,,2,0,0.0,0.0,0,0.0,0.0,,0,,0,0.0,,,,ARC-AGI-2,f3283f727488ad98fe575ea6a5ac981e4a188e49,training,750
c0f76784,selected,3,1,29,2,27,0.03170977404806763,0.3333333333333333,0.9837962962962963,,0,0.0,0.0,1.0,von_neumann_r2,1388.0,predicted_incorrect,von_neumann_r2,13,21,1276.0,8.0,1284.0,0.7916666666666666,0.7916666666666666,1,0,0.0,0.0,0,0.0,0.0,,1,0.9861111111111112,144,1.0,1.0,0.0,0.0,ARC-AGI-2,f3283f727488ad98fe575ea6a5ac981e4a188e49,training,751
c1990cce,unsupported_shape_change,3,1,29,0,0,1.4719553291797638e-06,,,,0,0.0,0.0,0.0,,,abstained,,0,0,,,,,,1,0,0.0,0.0,0,0.0,0.0,,0,,0,0.0,,,,ARC-AGI-2,f3283f727488ad98fe575ea6a5ac981e4a188e49,training,752
c1d99e64,selected,3,1,29,2,27,0.04681084700860083,0.0,0.847926267281106,4,1,0.0,0.0,1.0,von_neumann_r2,11249.0,predicted_incorrect,von_neumann_r2,13,93,5310.0,8.0,5318.0,0.0,0.0,1,0,0.0,0.0,0,0.0,0.0,,1,0.8177777777777778,675,1.0,1.0,0.0,0.0,ARC-AGI-2,f3283f727488ad98fe575ea6a5ac981e4a188e49,training,753
c3202e5a,unsupported_shape_change,3,1,29,0,0,3.4819822758436203e-06,,,,0,0.0,0.0,0.0,,,abstained,,0,0,,,,,,1,0,0.0,0.0,0,0.0,0.0,,0,,0,0.0,,,,ARC-AGI-2,f3283f727488ad98fe575ea6a5ac981e4a188e49,training,754
c35c1b4c,selected,3,1,29,3,26,0.026722154929302633,0.0,0.9133333333333333,,0,0.0,0.0,1.0,moore_r1,1597.0,predicted_incorrect,moore_r1,9,26,1116.0,8.0,1124.0,0.0,0.0,1,0,0.0,0.0,0,0.0,0.0,,1,0.88,100,1.0,1.0,0.0,0.0,ARC-AGI-2,f3283f727488ad98fe575ea6a5ac981e4a188e49,training,755
c3e719e8,unsupported_shape_change,3,1,29,0,0,1.79302878677845e-06,,,1;5,2,0.0,0.0,0.0,,,abstained,,0,0,,,,,,1,0,0.0,0.0,0,0.0,0.0,,0,,0,0.0,,,,ARC-AGI-2,f3283f727488ad98fe575ea6a5ac981e4a188e49,training,756
c3fa4749,selected,3,2,29,4,25,0.12306810799054801,0.0,0.9726315789473684,,0,0.0,0.0,1.0,moore_r1,2958.0,predicted_incorrect,von_neumann_r1,5,38,962.0,8.0,970.0,0.048888888888888885,0.03111111111111111,2,0,0.0,0.0,0,0.0,0.0,moore_r1,2,0.9805555555555555,1800,1.0,1.0,0.0,0.0,ARC-AGI-2,f3283f727488ad98fe575ea6a5ac981e4a188e49,training,757
c444b776,no_deterministic_local_rule,2,1,29,0,29,0.025431056041270494,,,6,1,0.0,0.0,0.0,,,abstained,,0,0,,,,,,1,0,0.0,0.0,0,0.0,0.0,,0,,0,0.0,,,,ARC-AGI-2,f3283f727488ad98fe575ea6a5ac981e4a188e49,training,758
c48954c1,unsupported_shape_change,3,1,29,0,0,1.8120044842362404e-06,,,3;8,2,0.0,0.0,0.0,,,abstained,,0,0,,,,,,1,0,0.0,0.0,0,0.0,0.0,,0,,0,0.0,,,,ARC-AGI-2,f3283f727488ad98fe575ea6a5ac981e4a188e49,training,759
c4d1a9ae,selected,2,1,29,3,26,0.013507834053598344,0.0,0.61875,8,1,0.0,0.0,1.0,moore_r1,2077.0,predicted_incorrect,moore_r1,9,35,1477.0,8.0,1485.0,0.0,0.0,1,0,0.0,0.0,0,0.0,0.0,,1,0.7125,80,1.0,1.0,0.0,0.0,ARC-AGI-2,f3283f727488ad98fe575ea6a5ac981e4a188e49,training,760
c59eb873,unsupported_shape_change,3,1,29,0,0,1.4420365914702415e-06,,,6;7;8,3,0.0,0.0,0.0,,,abstained,,0,0,,,,,,1,0,0.0,0.0,0,0.0,0.0,,0,,0,0.0,,,,ARC-AGI-2,f3283f727488ad98fe575ea6a5ac981e4a188e49,training,761
c6141b15,no_deterministic_local_rule,3,1,29,0,29,0.030356699018739164,,,,0,0.0,0.0,0.0,,,abstained,,0,0,,,,,,1,0,0.0,0.0,0,0.0,0.0,,0,,0,0.0,,,,ARC-AGI-2,f3283f727488ad98fe575ea6a5ac981e4a188e49,training,762
c61be7dc,no_deterministic_local_rule,3,1,29,0,29,0.018848883919417858,,,,0,0.0,0.0,0.0,,,abstained,,0,0,,,,,,1,0,0.0,0.0,0,0.0,0.0,,0,,0,0.0,,,,ARC-AGI-2,f3283f727488ad98fe575ea6a5ac981e4a188e49,training,763
c62e2108,no_deterministic_local_rule,3,1,29,0,29,0.05609230196569115,,,4,1,0.0,0.0,0.0,,,abstained,,0,0,,,,,,1,0,0.0,0.0,0,0.0,0.0,,0,,0,0.0,,,,ARC-AGI-2,f3283f727488ad98fe575ea6a5ac981e4a188e49,training,764
c64f1187,unsupported_shape_change,2,1,29,0,0,1.5379628166556358e-06,,,,0,0.0,0.0,0.0,,,abstained,,0,0,,,,,,1,0,0.0,0.0,0,0.0,0.0,,0,,0,0.0,,,,ARC-AGI-2,f3283f727488ad98fe575ea6a5ac981e4a188e49,training,765
c658a4bd,unsupported_shape_change,2,1,29,0,0,9.909272193908691e-07,,,6,1,0.0,0.0,0.0,,,abstained,,0,0,,,,,,1,0,0.0,0.0,0,0.0,0.0,,0,,0,0.0,,,,ARC-AGI-2,f3283f727488ad98fe575ea6a5ac981e4a188e49,training,766
c6e1b8da,no_deterministic_local_rule,3,1,29,0,29,0.05562542600091547,,,,0,0.0,0.0,0.0,,,abstained,,0,0,,,,,,1,0,0.0,0.0,0,0.0,0.0,,0,,0,0.0,,,,ARC-AGI-2,f3283f727488ad98fe575ea6a5ac981e4a188e49,training,767
c7d4e6ad,selected,2,1,29,2,27,0.014481795951724052,0.0,0.875,3;7,2,0.0,0.0,1.0,von_neumann_r2,2621.0,predicted_incorrect,von_neumann_r2,13,25,1500.0,8.0,1508.0,0.27,0.27,1,0,0.0,0.0,0,0.0,0.0,,1,0.8,100,1.0,1.0,0.0,0.0,ARC-AGI-2,f3283f727488ad98fe575ea6a5ac981e4a188e49,training,768
c803e39c,unsupported_shape_change,3,1,29,0,0,1.6379635781049728e-06,,,,0,0.0,0.0,0.0,,,abstained,,0,0,,,,,,1,0,0.0,0.0,0,0.0,0.0,,0,,0,0.0,,,,ARC-AGI-2,f3283f727488ad98fe575ea6a5ac981e4a188e49,training,769
c87289bb,no_deterministic_local_rule,4,1,29,0,29,0.023250872967764735,,,,0,0.0,0.0,0.0,,,abstained,,0,0,,,,,,1,0,0.0,0.0,0,0.0,0.0,,0,,0,0.0,,,,ARC-AGI-2,f3283f727488ad98fe575ea6a5ac981e4a188e49,training,770
c8b7cc0f,unsupported_shape_change,3,1,29,0,0,1.5309778973460197e-06,,,2,1,0.0,0.0,0.0,,,abstained,,0,0,,,,,,1,0,0.0,0.0,0,0.0,0.0,,0,,0,0.0,,,,ARC-AGI-2,f3283f727488ad98fe575ea6a5ac981e4a188e49,training,771
c8cbb738,unsupported_shape_change,3,1,29,0,0,7.959315553307533e-07,,,6,1,0.0,0.0,0.0,,,abstained,,0,0,,,,,,1,0,0.0,0.0,0,0.0,0.0,,0,,0,0.0,,,,ARC-AGI-2,f3283f727488ad98fe575ea6a5ac981e4a188e49,training,772
c8f0f002,selected,3,1,29,29,0,0.02578687807545066,1.0,1.0,,0,0.0,0.0,1.0,center,24.0,solved,center,1,1,24.0,8.0,32.0,1.0,1.0,1,1,1.0,1.0,1,1.0,1.0,center_wire_+2_-2,1,1.0,15,1.0,1.0,0.0,0.0,ARC-AGI-2,f3283f727488ad98fe575ea6a5ac981e4a188e49,training,773
c909285e,unsupported_shape_change,3,1,29,0,0,1.8409918993711472e-06,,,,0,0.0,0.0,0.0,,,abstained,,0,0,,,,,,1,0,0.0,0.0,0,0.0,0.0,,0,,0,0.0,,,,ARC-AGI-2,f3283f727488ad98fe575ea6a5ac981e4a188e49,training,774
c920a713,unsupported_shape_change,3,1,29,0,0,8.009374141693115e-07,,,6,1,0.0,0.0,0.0,,,abstained,,0,0,,,,,,1,0,0.0,0.0,0,0.0,0.0,,0,,0,0.0,,,,ARC-AGI-2,f3283f727488ad98fe575ea6a5ac981e4a188e49,training,775
c92b942c,unsupported_shape_change,4,1,29,0,0,7.660128176212311e-07,,,,0,0.0,0.0,0.0,,,abstained,,0,0,,,,,,1,0,0.0,0.0,0,0.0,0.0,,0,,0,0.0,,,,ARC-AGI-2,f3283f727488ad98fe575ea6a5ac981e4a188e49,training,776
c9680e90,selected,3,1,29,2,27,0.017797574982978404,0.0,0.8293838862559242,,0,0.0,0.0,0.0,,,predicted_incorrect,von_neumann_r2,13,37,2173.0,8.0,2181.0,0.2892561983471074,0.2892561983471074,1,0,0.0,0.0,0,0.0,0.0,,1,0.8016528925619835,121,1.0,1.0,0.0,0.0,ARC-AGI-2,f3283f727488ad98fe575ea6a5ac981e4a188e49,training,777
c97c0139,no_deterministic_local_rule,2,1,29,0,29,0.03310886095277965,,,,0,0.0,0.0,0.0,,,abstained,,0,0,,,,,,1,0,0.0,0.0,0,0.0,0.0,,0,,0,0.0,,,,ARC-AGI-2,f3283f727488ad98fe575ea6a5ac981e4a188e49,training,778
c9e6f938,unsupported_shape_change,3,1,29,0,0,1.53400469571352e-06,,,,0,0.0,0.0,0.0,,,abstained,,0,0,,,,,,1,0,0.0,0.0,0,0.0,0.0,,0,,0,0.0,,,,ARC-AGI-2,f3283f727488ad98fe575ea6a5ac981e4a188e49,training,779
c9f8e694,no_deterministic_local_rule,2,1,29,0,29,0.014530656975694,,,7;8,2,0.0,0.0,0.0,,,abstained,,0,0,,,,,,1,0,0.0,0.0,0,0.0,0.0,,0,,0,0.0,,,,ARC-AGI-2,f3283f727488ad98fe575ea6a5ac981e4a188e49,training,780
ca8de6ea,unsupported_shape_change,3,1,29,0,0,2.0350562408566475e-06,,,,0,0.0,0.0,0.0,,,abstained,,0,0,,,,,,1,0,0.0,0.0,0,0.0,0.0,,0,,0,0.0,,,,ARC-AGI-2,f3283f727488ad98fe575ea6a5ac981e4a188e49,training,781
caa06a1f,no_deterministic_local_rule,3,1,29,0,29,0.012417535996064544,,,8,1,0.0,0.0,0.0,,,abstained,,0,0,,,,,,1,0,0.0,0.0,0,0.0,0.0,,0,,0,0.0,,,,ARC-AGI-2,f3283f727488ad98fe575ea6a5ac981e4a188e49,training,782
cad67732,unsupported_shape_change,3,1,29,0,0,1.7399434000253677e-06,,,8,1,0.0,0.0,0.0,,,abstained,,0,0,,,,,,1,0,0.0,0.0,0,0.0,0.0,,0,,0,0.0,,,,ARC-AGI-2,f3283f727488ad98fe575ea6a5ac981e4a188e49,training,783
cb227835,no_deterministic_local_rule,3,1,29,0,29,0.023837463930249214,,,,0,0.0,0.0,0.0,,,abstained,,0,0,,,,,,1,0,0.0,0.0,0,0.0,0.0,,0,,0,0.0,,,,ARC-AGI-2,f3283f727488ad98fe575ea6a5ac981e4a188e49,training,784
cbded52d,no_deterministic_local_rule,3,1,29,0,29,0.011102647986263037,,,6;8,2,0.0,0.0,0.0,,,abstained,,0,0,,,,,,1,0,0.0,0.0,0,0.0,0.0,,0,,0,0.0,,,,ARC-AGI-2,f3283f727488ad98fe575ea6a5ac981e4a188e49,training,785
cc9053aa,selected,3,1,29,1,28,0.015103277983143926,0.0,0.7729468599033816,,0,0.0,0.0,1.0,moore_r2,6622.0,predicted_incorrect,moore_r2,25,47,5062.0,8.0,5070.0,0.1728395061728395,0.1728395061728395,1,0,0.0,0.0,0,0.0,0.0,,1,0.7777777777777778,81,1.0,1.0,0.0,0.0,ARC-AGI-2,f3283f727488ad98fe575ea6a5ac981e4a188e49,training,786
ccd554ac,unsupported_shape_change,6,1,29,0,0,1.6420381143689156e-06,,,,0,0.0,0.0,0.0,,,abstained,,0,0,,,,,,1,0,0.0,0.0,0,0.0,0.0,,0,,0,0.0,,,,ARC-AGI-2,f3283f727488ad98fe575ea6a5ac981e4a188e49,training,787
cce03e0d,unsupported_shape_change,3,1,29,0,0,9.00006853044033e-07,,,,0,0.0,0.0,0.0,,,abstained,,0,0,,,,,,1,0,0.0,0.0,0,0.0,0.0,,0,,0,0.0,,,,ARC-AGI-2,f3283f727488ad98fe575ea6a5ac981e4a188e49,training,788
cd3c21df,unsupported_shape_change,3,1,29,0,0,2.1300511434674263e-06,,,,0,0.0,0.0,0.0,,,abstained,,0,0,,,,,,1,0,0.0,0.0,0,0.0,0.0,,0,,0,0.0,,,,ARC-AGI-2,f3283f727488ad98fe575ea6a5ac981e4a188e49,training,789
cdecee7f,unsupported_shape_change,3,1,29,0,0,6.969785317778587e-07,,,,0,0.0,0.0,0.0,,,abstained,,0,0,,,,,,1,0,0.0,0.0,0,0.0,0.0,,0,,0,0.0,,,,ARC-AGI-2,f3283f727488ad98fe575ea6a5ac981e4a188e49,training,790
ce039d91,selected,4,1,29,1,28,0.02821797097567469,0.0,0.855,,0,0.0,0.0,1.0,moore_r2,8287.0,predicted_incorrect,moore_r2,25,58,6206.0,8.0,6214.0,0.03,0.03,1,0,0.0,0.0,0,0.0,0.0,,1,0.8,100,1.0,1.0,0.0,0.0,ARC-AGI-2,f3283f727488ad98fe575ea6a5ac981e4a188e49,training,791
ce22a75a,selected,2,1,29,3,26,0.013373289024457335,0.0,0.9691358024691358,,0,0.0,0.0,1.0,moore_r1,1076.0,predicted_incorrect,moore_r1,9,21,916.0,8.0,924.0,0.9135802469135802,0.9135802469135802,1,0,0.0,0.0,0,0.0,0.0,von_neumann_r2,1,0.9259259259259259,81,1.0,1.0,0.0,0.0,ARC-AGI-2,f3283f727488ad98fe575ea6a5ac981e4a188e49,training,792
ce4f8723,unsupported_shape_change,4,1,29,0,0,3.883033059537411e-06,,,,0,0.0,0.0,0.0,,,abstained,,0,0,,,,,,1,0,0.0,0.0,0,0.0,0.0,,0,,0,0.0,,,,ARC-AGI-2,f3283f727488ad98fe575ea6a5ac981e4a188e49,training,793
ce602527,unsupported_shape_change,4,1,29,0,0,9.189825505018234e-07,,,,0,0.0,0.0,0.0,,,abstained,,0,0,,,,,,1,0,0.0,0.0,0,0.0,0.0,,0,,0,0.0,,,,ARC-AGI-2,f3283f727488ad98fe575ea6a5ac981e4a188e49,training,794
ce8d95cc,unsupported_shape_change,4,1,29,0,0,1.0790536180138588e-06,,,,0,0.0,0.0,0.0,,,abstained,,0,0,,,,,,1,0,0.0,0.0,0,0.0,0.0,,0,,0,0.0,,,,ARC-AGI-2,f3283f727488ad98fe575ea6a5ac981e4a188e49,training,795
ce9e57f2,no_deterministic_local_rule,3,1,29,0,29,0.012119465973228216,,,,0,0.0,0.0,0.0,,,abstained,,0,0,,,,,,1,0,0.0,0.0,0,0.0,0.0,,0,,0,0.0,,,,ARC-AGI-2,f3283f727488ad98fe575ea6a5ac981e4a188e49,training,796
cf133acc,no_deterministic_local_rule,3,1,29,0,29,0.03241539094597101,,,,0,0.0,0.0,0.0,,,abstained,,0,0,,,,,,1,0,0.0,0.0,0,0.0,0.0,,0,,0,0.0,,,,ARC-AGI-2,f3283f727488ad98fe575ea6a5ac981e4a188e49,training,797
cf5fd0ad,unsupported_shape_change,3,1,29,0,0,1.8319115042686462e-06,,,2;4,2,0.0,0.0,0.0,,,abstained,,0,0,,,,,,1,0,0.0,0.0,0,0.0,0.0,,0,,0,0.0,,,,ARC-AGI-2,f3283f727488ad98fe575ea6a5ac981e4a188e49,training,798
cf98881b,unsupported_shape_change,5,1,29,0,0,9.100185707211494e-07,,,,0,0.0,0.0,0.0,,,abstained,,0,0,,,,,,1,0,0.0,0.0,0,0.0,0.0,,0,,0,0.0,,,,ARC-AGI-2,f3283f727488ad98fe575ea6a5ac981e4a188e49,training,799
cfb2ce5a,no_deterministic_local_rule,3,1,29,0,29,0.01594795996788889,,,,0,0.0,0.0,0.0,,,abstained,,0,0,,,,,,1,0,0.0,0.0,0,0.0,0.0,,0,,0,0.0,,,,ARC-AGI-2,f3283f727488ad98fe575ea6a5ac981e4a188e49,training,800
d017b73f,unsupported_shape_change,4,1,29,0,0,1.4110701158642769e-06,,,5,1,0.0,0.0,0.0,,,abstained,,0,0,,,,,,1,0,0.0,0.0,0,0.0,0.0,,0,,0,0.0,,,,ARC-AGI-2,f3283f727488ad98fe575ea6a5ac981e4a188e49,training,801
d037b0a7,selected,3,1,29,3,26,0.006537541979923844,0.0,0.6296296296296297,,0,0.0,0.0,1.0,moore_r1,635.0,predicted_incorrect,moore_r1,9,10,475.0,8.0,483.0,0.0,0.0,1,0,0.0,0.0,0,0.0,0.0,,1,0.5555555555555556,9,1.0,1.0,0.0,0.0,ARC-AGI-2,f3283f727488ad98fe575ea6a5ac981e4a188e49,training,802
d06dbe63,no_deterministic_local_rule,2,1,29,0,29,0.016298605944029987,,,,0,0.0,0.0,0.0,,,abstained,,0,0,,,,,,1,0,0.0,0.0,0,0.0,0.0,,0,,0,0.0,,,,ARC-AGI-2,f3283f727488ad98fe575ea6a5ac981e4a188e49,training,803
d07ae81c,no_deterministic_local_rule,3,1,29,0,29,0.029783161007799208,,,,0,0.0,0.0,0.0,,,abstained,,0,0,,,,,,1,0,0.0,0.0,0,0.0,0.0,,0,,0,0.0,,,,ARC-AGI-2,f3283f727488ad98fe575ea6a5ac981e4a188e49,training,804
d0f5fe59,unsupported_shape_change,3,1,29,0,0,1.4810357242822647e-06,,,,0,0.0,0.0,0.0,,,abstained,,0,0,,,,,,1,0,0.0,0.0,0,0.0,0.0,,0,,0,0.0,,,,ARC-AGI-2,f3283f727488ad98fe575ea6a5ac981e4a188e49,training,805
d10ecb37,unsupported_shape_change,3,1,29,0,0,7.719499990344048e-07,,,9,1,0.0,0.0,0.0,,,abstained,,0,0,,,,,,1,0,0.0,0.0,0,0.0,0.0,,0,,0,0.0,,,,ARC-AGI-2,f3283f727488ad98fe575ea6a5ac981e4a188e49,training,806
d13f3404,unsupported_shape_change,3,1,29,0,0,1.4939578250050545e-06,,,9,1,0.0,0.0,0.0,,,abstained,,0,0,,,,,,1,0,0.0,0.0,0,0.0,0.0,,0,,0,0.0,,,,ARC-AGI-2,f3283f727488ad98fe575ea6a5ac981e4a188e49,training,807
d19f7514,unsupported_shape_change,4,1,29,0,0,7.079215720295906e-07,,,,0,0.0,0.0,0.0,,,abstained,,0,0,,,,,,1,0,0.0,0.0,0,0.0,0.0,,0,,0,0.0,,,,ARC-AGI-2,f3283f727488ad98fe575ea6a5ac981e4a188e49,training,808
d22278a0,no_deterministic_local_rule,4,1,29,0,29,0.023598049068823457,,,,0,0.0,0.0,0.0,,,abstained,,0,0,,,,,,1,0,0.0,0.0,0,0.0,0.0,,0,,0,0.0,,,,ARC-AGI-2,f3283f727488ad98fe575ea6a5ac981e4a188e49,training,809
d23f8c26,selected,3,1,29,6,23,0.011365800979547203,0.0,0.8305084745762712,,0,0.0,0.0,1.0,moore_r1,1397.0,predicted_incorrect,center_wire_+1_-1,2,11,161.0,8.0,169.0,0.8367346938775511,0.8367346938775511,1,0,0.0,0.0,0,0.0,0.0,center_wire_+0_+2,1,0.8367346938775511,49,1.0,1.0,0.0,0.0,ARC-AGI-2,f3283f727488ad98fe575ea6a5ac981e4a188e49,training,810
d255d7a7,no_deterministic_local_rule,3,1,29,0,29,0.025009786942973733,,,,0,0.0,0.0,0.0,,,abstained,,0,0,,,,,,1,0,0.0,0.0,0,0.0,0.0,,0,,0,0.0,,,,ARC-AGI-2,f3283f727488ad98fe575ea6a5ac981e4a188e49,training,811
d282b262,no_deterministic_local_rule,3,1,29,0,29,0.03188347502145916,,,,0,0.0,0.0,0.0,,,abstained,,0,0,,,,,,1,0,0.0,0.0,0,0.0,0.0,,0,,0,0.0,,,,ARC-AGI-2,f3283f727488ad98fe575ea6a5ac981e4a188e49,training,812
d2abd087,selected,3,1,29,1,28,0.02006367698777467,0.0,0.7366666666666667,,0,0.0,0.0,1.0,moore_r2,11407.0,predicted_incorrect,moore_r2,25,79,8391.0,8.0,8399.0,0.0,0.0,1,0,0.0,0.0,0,0.0,0.0,,1,0.71,100,1.0,1.0,0.0,0.0,ARC-AGI-2,f3283f727488ad98fe575ea6a5ac981e4a188e49,training,813
d2acf2cb,selected,3,1,29,2,27,0.016996546066366136,0.0,0.8181818181818182,,0,0.0,0.0,1.0,von_neumann_r2,3461.0,predicted_incorrect,von_neumann_r2,13,36,2117.0,8.0,2125.0,0.0,0.0,1,0,0.0,0.0,0,0.0,0.0,,1,0.7333333333333333,90,1.0,1.0,0.0,0.0,ARC-AGI-2,f3283f727488ad98fe575ea6a5ac981e4a188e49,training,814
d304284e,no_deterministic_local_rule,2,1,29,0,29,0.058273172937333584,,,,0,0.0,0.0,0.0,,,abstained,,0,0,,,,,,1,0,0.0,0.0,0,0.0,0.0,,0,,0,0.0,,,,ARC-AGI-2,f3283f727488ad98fe575ea6a5ac981e4a188e49,training,815
d364b489,selected,2,1,29,4,25,0.016900148009881377,0.0,0.955,,0,0.0,0.0,1.0,von_neumann_r1,433.0,predicted_incorrect,von_neumann_r1,5,15,409.0,8.0,417.0,0.98,0.98,1,0,0.0,0.0,0,0.0,0.0,von_neumann_r2,1,0.99,100,1.0,1.0,0.0,0.0,ARC-AGI-2,f3283f727488ad98fe575ea6a5ac981e4a188e49,training,816
d37a1ef5,no_deterministic_local_rule,3,1,29,0,29,0.018258419004268944,,,,0,0.0,0.0,0.0,,,abstained,,0,0,,,,,,1,0,0.0,0.0,0,0.0,0.0,,0,,0,0.0,,,,ARC-AGI-2,f3283f727488ad98fe575ea6a5ac981e4a188e49,training,817
d406998b,no_deterministic_local_rule,4,1,29,0,29,0.009724977076984942,,,,0,0.0,0.0,0.0,,,abstained,,0,0,,,,,,1,0,0.0,0.0,0,0.0,0.0,,0,,0,0.0,,,,ARC-AGI-2,f3283f727488ad98fe575ea6a5ac981e4a188e49,training,818
d43fd935,no_deterministic_local_rule,3,1,29,0,29,0.015586178982630372,,,2,1,0.0,0.0,0.0,,,abstained,,0,0,,,,,,1,0,0.0,0.0,0,0.0,0.0,,0,,0,0.0,,,,ARC-AGI-2,f3283f727488ad98fe575ea6a5ac981e4a188e49,training,819
d4469b4b,unsupported_shape_change,7,2,29,0,0,1.5900004655122757e-06,,,,0,0.0,0.0,0.0,,,abstained,,0,0,,,,,,2,0,0.0,0.0,0,0.0,0.0,,0,,0,0.0,,,,ARC-AGI-2,f3283f727488ad98fe575ea6a5ac981e4a188e49,training,820
d47aa2ff,unsupported_shape_change,3,1,29,0,0,2.159038558602333e-06,,,7,1,0.0,0.0,0.0,,,abstained,,0,0,,,,,,1,0,0.0,0.0,0,0.0,0.0,,0,,0,0.0,,,,ARC-AGI-2,f3283f727488ad98fe575ea6a5ac981e4a188e49,training,821
d492a647,selected,2,1,29,1,28,0.02197098103351891,0.0,0.870026525198939,2,1,0.0,0.0,0.0,,,predicted_incorrect,moore_r2,25,48,5166.0,8.0,5174.0,0.16470588235294117,0.16470588235294117,1,0,0.0,0.0,0,0.0,0.0,,1,0.8274509803921568,255,1.0,1.0,0.0,0.0,ARC-AGI-2,f3283f727488ad98fe575ea6a5ac981e4a188e49,training,822
d4a91cb9,no_deterministic_local_rule,3,1,29,0,29,0.017144749988801777,,,,0,0.0,0.0,0.0,,,abstained,,0,0,,,,,,1,0,0.0,0.0,0,0.0,0.0,,0,,0,0.0,,,,ARC-AGI-2,f3283f727488ad98fe575ea6a5ac981e4a188e49,training,823
d4b1c2b1,unsupported_shape_change,7,1,29,0,0,1.4350516721606255e-06,,,,0,0.0,0.0,0.0,,,abstained,,0,0,,,,,,1,0,0.0,0.0,0,0.0,0.0,,0,,0,0.0,,,,ARC-AGI-2,f3283f727488ad98fe575ea6a5ac981e4a188e49,training,824
d4c90558,unsupported_shape_change,3,1,29,0,0,1.835986040532589e-06,,,,0,0.0,0.0,0.0,,,abstained,,0,0,,,,,,1,0,0.0,0.0,0,0.0,0.0,,0,,0,0.0,,,,ARC-AGI-2,f3283f727488ad98fe575ea6a5ac981e4a188e49,training,825
d4f3cd78,no_deterministic_local_rule,2,1,29,0,29,0.010350133990868926,,,,0,0.0,0.0,0.0,,,abstained,,0,0,,,,,,1,0,0.0,0.0,0,0.0,0.0,,0,,0,0.0,,,,ARC-AGI-2,f3283f727488ad98fe575ea6a5ac981e4a188e49,training,826
d511f180,selected,3,1,29,29,0,0.025541180977597833,1.0,1.0,,0,0.0,0.0,1.0,center,32.0,solved,center,1,2,32.0,8.0,40.0,1.0,1.0,1,1,1.0,1.0,1,1.0,1.0,center_wire_-2_-2,1,1.0,16,1.0,1.0,0.0,0.0,ARC-AGI-2,f3283f727488ad98fe575ea6a5ac981e4a188e49,training,827
d56f2372,unsupported_shape_change,3,1,29,0,0,2.3300526663661003e-06,,,,0,0.0,0.0,0.0,,,abstained,,0,0,,,,,,1,0,0.0,0.0,0,0.0,0.0,,0,,0,0.0,,,,ARC-AGI-2,f3283f727488ad98fe575ea6a5ac981e4a188e49,training,828
d5c634a2,unsupported_shape_change,7,2,29,0,0,9.030336514115334e-07,,,,0,0.0,0.0,0.0,,,abstained,,0,0,,,,,,2,0,0.0,0.0,0,0.0,0.0,,0,,0,0.0,,,,ARC-AGI-2,f3283f727488ad98fe575ea6a5ac981e4a188e49,training,829
d5d6de2d,selected,3,2,29,2,27,0.03144717402756214,0.0,0.8705882352941177,,0,0.0,0.0,0.0,,,predicted_incorrect,von_neumann_r2,13,61,3517.0,8.0,3525.0,0.6608,0.44,2,0,0.0,0.0,0,0.0,0.0,moore_r2,2,0.8717241379310345,725,1.0,1.0,0.0,0.0,ARC-AGI-2,f3283f727488ad98fe575ea6a5ac981e4a188e49,training,830
d631b094,unsupported_shape_change,4,1,29,0,0,1.3969838619232178e-06,,,4,1,0.0,0.0,0.0,,,abstained,,0,0,,,,,,1,0,0.0,0.0,0,0.0,0.0,,0,,0,0.0,,,,ARC-AGI-2,f3283f727488ad98fe575ea6a5ac981e4a188e49,training,831
d6542281,selected,3,2,29,2,27,0.048665018985047936,0.0,0.9599427753934192,5;6;7;9,4,0.0,0.0,1.0,moore_r2,6935.0,predicted_incorrect,von_neumann_r2,13,26,1556.0,8.0,1564.0,0.3663194444444444,0.0,2,0,0.0,0.0,0,0.0,0.0,moore_r2,2,0.9493212669683257,1105,1.0,1.0,0.0,0.0,ARC-AGI-2,f3283f727488ad98fe575ea6a5ac981e4a188e49,training,832
d687bc17,no_deterministic_local_rule,3,1,29,0,29,0.022018903051503003,,,,0,0.0,0.0,0.0,,,abstained,,0,0,,,,,,1,0,0.0,0.0,0,0.0,0.0,,0,,0,0.0,,,,ARC-AGI-2,f3283f727488ad98fe575ea6a5ac981e4a188e49,training,833
d6ad076f,no_deterministic_local_rule,3,1,29,0,29,0.01559889898635447,,,1,1,0.0,0.0,0.0,,,abstained,,0,0,,,,,,1,0,0.0,0.0,0,0.0,0.0,,0,,0,0.0,,,,ARC-AGI-2,f3283f727488ad98fe575ea6a5ac981e4a188e49,training,834
d6e50e54,selected,3,1,29,1,28,0.02023012295830995,0.0,0.8246753246753247,,0,0.0,0.0,0.0,,,predicted_incorrect,moore_r2,25,55,5894.0,8.0,5902.0,0.6015625,0.6015625,1,0,0.0,0.0,0,0.0,0.0,,1,0.89453125,256,1.0,1.0,0.0,0.0,ARC-AGI-2,f3283f727488ad98fe575ea6a5ac981e4a188e49,training,835
d749d46f,unsupported_shape_change,3,1,29,0,0,1.5099067240953445e-06,,,2;9,2,0.0,0.0,0.0,,,abstained,,0,0,,,,,,1,0,0.0,0.0,0,0.0,0.0,,0,,0,0.0,,,,ARC-AGI-2,f3283f727488ad98fe575ea6a5ac981e4a188e49,training,836
d753a70b,no_deterministic_local_rule,3,1,29,0,29,0.03587428107857704,,,,0,0.0,0.0,0.0,,,abstained,,0,0,,,,,,1,0,0.0,0.0,0,0.0,0.0,,0,,0,0.0,,,,ARC-AGI-2,f3283f727488ad98fe575ea6a5ac981e4a188e49,training,837
d89b689b,no_deterministic_local_rule,3,1,29,0,29,0.015645727049559355,,,,0,0.0,0.0,0.0,,,abstained,,0,0,,,,,,1,0,0.0,0.0,0,0.0,0.0,,0,,0,0.0,,,,ARC-AGI-2,f3283f727488ad98fe575ea6a5ac981e4a188e49,training,838
d8c310e9,no_deterministic_local_rule,3,1,29,0,29,0.012332256999798119,,,6,1,0.0,0.0,0.0,,,abstained,,0,0,,,,,,1,0,0.0,0.0,0,0.0,0.0,,0,,0,0.0,,,,ARC-AGI-2,f3283f727488ad98fe575ea6a5ac981e4a188e49,training,839
d90796e8,selected,3,1,29,4,25,0.012913358979858458,0.0,0.9,,0,0.0,0.0,1.0,von_neumann_r1,336.0,predicted_incorrect,von_neumann_r1,5,11,312.0,8.0,320.0,0.6825396825396826,0.6825396825396826,1,0,0.0,0.0,0,0.0,0.0,moore_r1,1,0.9841269841269841,63,1.0,1.0,0.0,0.0,ARC-AGI-2,f3283f727488ad98fe575ea6a5ac981e4a188e49,training,840
d931c21c,no_deterministic_local_rule,4,1,29,0,29,0.03796382597647607,,,,0,0.0,0.0,0.0,,,abstained,,0,0,,,,,,1,0,0.0,0.0,0,0.0,0.0,,0,,0,0.0,,,,ARC-AGI-2,f3283f727488ad98fe575ea6a5ac981e4a188e49,training,841
d93c6891,no_deterministic_local_rule,3,1,29,0,29,0.030934402020648122,,,,0,0.0,0.0,0.0,,,abstained,,0,0,,,,,,1,0,0.0,0.0,0,0.0,0.0,,0,,0,0.0,,,,ARC-AGI-2,f3283f727488ad98fe575ea6a5ac981e4a188e49,training,842
d94c3b52,no_deterministic_local_rule,3,1,29,0,29,0.057828348013572395,,,,0,0.0,0.0,0.0,,,abstained,,0,0,,,,,,1,0,0.0,0.0,0,0.0,0.0,,0,,0,0.0,,,,ARC-AGI-2,f3283f727488ad98fe575ea6a5ac981e4a188e49,training,843
d968ffd4,no_deterministic_local_rule,3,2,29,0,29,0.011508982046507299,,,,0,0.0,0.0,0.0,,,abstained,,0,0,,,,,,2,0,0.0,0.0,0,0.0,0.0,,0,,0,0.0,,,,ARC-AGI-2,f3283f727488ad98fe575ea6a5ac981e4a188e49,training,844
d9f24cd1,no_deterministic_local_rule,2,1,29,0,29,0.010342265013605356,,,,0,0.0,0.0,0.0,,,abstained,,0,0,,,,,,1,0,0.0,0.0,0,0.0,0.0,,0,,0,0.0,,,,ARC-AGI-2,f3283f727488ad98fe575ea6a5ac981e4a188e49,training,845
d9fac9be,unsupported_shape_change,4,1,29,0,0,1.4299293980002403e-06,,,,0,0.0,0.0,0.0,,,abstained,,0,0,,,,,,1,0,0.0,0.0,0,0.0,0.0,,0,,0,0.0,,,,ARC-AGI-2,f3283f727488ad98fe575ea6a5ac981e4a188e49,training,846
da2b0fe3,no_deterministic_local_rule,3,2,29,0,29,0.015571088064461946,,,6,1,0.0,0.0,0.0,,,abstained,,0,0,,,,,,2,0,0.0,0.0,0,0.0,0.0,,0,,0,0.0,,,,ARC-AGI-2,f3283f727488ad98fe575ea6a5ac981e4a188e49,training,847
da6e95e5,unsupported_shape_change,3,2,29,0,0,3.529014065861702e-06,,,7,1,0.0,0.0,0.0,,,abstained,,0,0,,,,,,2,0,0.0,0.0,0,0.0,0.0,,0,,0,0.0,,,,ARC-AGI-2,f3283f727488ad98fe575ea6a5ac981e4a188e49,training,848
dae9d2b5,unsupported_shape_change,5,2,29,0,0,9.789364412426949e-07,,,,0,0.0,0.0,0.0,,,abstained,,0,0,,,,,,2,0,0.0,0.0,0,0.0,0.0,,0,,0,0.0,,,,ARC-AGI-2,f3283f727488ad98fe575ea6a5ac981e4a188e49,training,849
db118e2a,unsupported_shape_change,4,1,29,0,0,8.969800546765327e-07,,,,0,0.0,0.0,0.0,,,abstained,,0,0,,,,,,1,0,0.0,0.0,0,0.0,0.0,,0,,0,0.0,,,,ARC-AGI-2,f3283f727488ad98fe575ea6a5ac981e4a188e49,training,850
db3e9e38,no_deterministic_local_rule,2,1,29,0,29,0.005771136027760804,,,,0,0.0,0.0,0.0,,,abstained,,0,0,,,,,,1,0,0.0,0.0,0,0.0,0.0,,0,,0,0.0,,,,ARC-AGI-2,f3283f727488ad98fe575ea6a5ac981e4a188e49,training,851
db615bd4,no_deterministic_local_rule,3,1,29,0,29,0.08519175800029188,,,,0,0.0,0.0,0.0,,,abstained,,0,0,,,,,,1,0,0.0,0.0,0,0.0,0.0,,0,,0,0.0,,,,ARC-AGI-2,f3283f727488ad98fe575ea6a5ac981e4a188e49,training,852
db7260a4,no_deterministic_local_rule,5,1,29,0,29,0.025639834930188954,,,,0,0.0,0.0,0.0,,,abstained,,0,0,,,,,,1,0,0.0,0.0,0,0.0,0.0,,0,,0,0.0,,,,ARC-AGI-2,f3283f727488ad98fe575ea6a5ac981e4a188e49,training,853
db93a21d,no_deterministic_local_rule,4,1,29,0,29,0.05172968003898859,,,,0,0.0,0.0,0.0,,,abstained,,0,0,,,,,,1,0,0.0,0.0,0,0.0,0.0,,0,,0,0.0,,,,ARC-AGI-2,f3283f727488ad98fe575ea6a5ac981e4a188e49,training,854
dbc1a6ce,no_deterministic_local_rule,4,1,29,0,29,0.021218787995167077,,,,0,0.0,0.0,0.0,,,abstained,,0,0,,,,,,1,0,0.0,0.0,0,0.0,0.0,,0,,0,0.0,,,,ARC-AGI-2,f3283f727488ad98fe575ea6a5ac981e4a188e49,training,855
dc1df850,selected,3,1,29,3,26,0.01233772502746433,0.0,0.8165137614678899,5;7,2,0.0,0.0,1.0,moore_r1,1076.0,solved,moore_r1,9,25,1076.0,8.0,1084.0,0.81,0.81,1,1,1.0,1.0,1,1.0,1.0,von_neumann_r2,1,1.0,100,1.0,1.0,0.0,0.0,ARC-AGI-2,f3283f727488ad98fe575ea6a5ac981e4a188e49,training,856
dc2aa30b,selected,3,1,29,1,28,0.02366015501320362,0.0,0.6639118457300276,,0,0.0,0.0,1.0,moore_r2,17338.0,predicted_incorrect,moore_r2,25,122,12863.0,8.0,12871.0,0.008264462809917356,0.008264462809917356,1,0,0.0,0.0,0,0.0,0.0,,1,0.6446280991735537,121,1.0,1.0,0.0,0.0,ARC-AGI-2,f3283f727488ad98fe575ea6a5ac981e4a188e49,training,857
dc2e9a9d,no_deterministic_local_rule,3,1,29,0,29,0.09121331397909671,,,,0,0.0,0.0,0.0,,,abstained,,0,0,,,,,,1,0,0.0,0.0,0,0.0,0.0,,0,,0,0.0,,,,ARC-AGI-2,f3283f727488ad98fe575ea6a5ac981e4a188e49,training,858
dc433765,selected,7,2,29,1,28,0.031041665002703667,0.0,0.9634146341463414,,0,0.0,0.0,1.0,moore_r2,1733.0,predicted_incorrect,moore_r2,25,13,1524.0,8.0,1532.0,0.47107438016528924,0.0,2,1,0.5,0.0,1,0.5,0.0,,2,0.9846153846153847,130,1.0,1.0,0.0,0.0,ARC-AGI-2,f3283f727488ad98fe575ea6a5ac981e4a188e49,training,859
dc46ea44,no_deterministic_local_rule,3,1,29,0,29,0.01855891803279519,,,,0,0.0,0.0,0.0,,,abstained,,0,0,,,,,,1,0,0.0,0.0,0,0.0,0.0,,0,,0,0.0,,,,ARC-AGI-2,f3283f727488ad98fe575ea6a5ac981e4a188e49,training,860
dce56571,no_deterministic_local_rule,3,1,29,0,29,0.013974793953821063,,,5,1,0.0,0.0,0.0,,,abstained,,0,0,,,,,,1,0,0.0,0.0,0,0.0,0.0,,0,,0,0.0,,,,ARC-AGI-2,f3283f727488ad98fe575ea6a5ac981e4a188e49,training,861
dd2401ed,no_deterministic_local_rule,4,1,29,0,29,0.021635471959598362,,,,0,0.0,0.0,0.0,,,abstained,,0,0,,,,,,1,0,0.0,0.0,0,0.0,0.0,,0,,0,0.0,,,,ARC-AGI-2,f3283f727488ad98fe575ea6a5ac981e4a188e49,training,862
ddf7fa4f,no_deterministic_local_rule,3,1,29,0,29,0.015672843088395894,,,3;9,2,0.0,0.0,0.0,,,abstained,,0,0,,,,,,1,0,0.0,0.0,0,0.0,0.0,,0,,0,0.0,,,,ARC-AGI-2,f3283f727488ad98fe575ea6a5ac981e4a188e49,training,863
de1cd16c,unsupported_shape_change,4,1,29,0,0,1.644948497414589e-06,,,,0,0.0,0.0,0.0,,,abstained,,0,0,,,,,,1,0,0.0,0.0,0,0.0,0.0,,0,,0,0.0,,,,ARC-AGI-2,f3283f727488ad98fe575ea6a5ac981e4a188e49,training,864
de493100,unsupported_shape_change,4,1,29,0,0,8.570495992898941e-07,,,,0,0.0,0.0,0.0,,,abstained,,0,0,,,,,,1,0,0.0,0.0,0,0.0,0.0,,0,,0,0.0,,,,ARC-AGI-2,f3283f727488ad98fe575ea6a5ac981e4a188e49,training,865
ded97339,no_deterministic_local_rule,3,1,29,0,29,0.015497483080253005,,,,0,0.0,0.0,0.0,,,abstained,,0,0,,,,,,1,0,0.0,0.0,0,0.0,0.0,,0,,0,0.0,,,,ARC-AGI-2,f3283f727488ad98fe575ea6a5ac981e4a188e49,training,866
df8cc377,no_deterministic_local_rule,3,1,29,0,29,0.04820984497200698,,,5,1,0.0,0.0,0.0,,,abstained,,0,0,,,,,,1,0,0.0,0.0,0,0.0,0.0,,0,,0,0.0,,,,ARC-AGI-2,f3283f727488ad98fe575ea6a5ac981e4a188e49,training,867
df978a02,selected,3,1,29,1,28,0.046428235014900565,0.0,0.9765625,,0,0.0,0.0,1.0,moore_r2,2461.0,predicted_incorrect,moore_r2,25,16,1837.0,8.0,1845.0,0.2734375,0.2734375,1,0,0.0,0.0,0,0.0,0.0,,1,0.9765625,256,1.0,1.0,0.0,0.0,ARC-AGI-2,f3283f727488ad98fe575ea6a5ac981e4a188e49,training,868
df9fd884,no_deterministic_local_rule,3,1,29,0,29,0.012416274985298514,,,3,1,0.0,0.0,0.0,,,abstained,,0,0,,,,,,1,0,0.0,0.0,0,0.0,0.0,,0,,0,0.0,,,,ARC-AGI-2,f3283f727488ad98fe575ea6a5ac981e4a188e49,training,869
e048c9ed,no_deterministic_local_rule,4,1,29,0,29,0.013726214994676411,,,,0,0.0,0.0,0.0,,,abstained,,0,0,,,,,,1,0,0.0,0.0,0,0.0,0.0,,0,,0,0.0,,,,ARC-AGI-2,f3283f727488ad98fe575ea6a5ac981e4a188e49,training,870
e0fb7511,selected,3,1,29,4,25,0.04495040304027498,0.0,0.9704142011834319,,0,0.0,0.0,1.0,von_neumann_r1,721.0,predicted_incorrect,von_neumann_r1,5,24,625.0,8.0,633.0,0.9349112426035503,0.9349112426035503,1,0,0.0,0.0,0,0.0,0.0,moore_r1,1,0.9644970414201184,169,1.0,1.0,0.0,0.0,ARC-AGI-2,f3283f727488ad98fe575ea6a5ac981e4a188e49,training,871
e133d23d,unsupported_shape_change,5,1,29,0,0,1.5780096873641014e-06,,,,0,0.0,0.0,0.0,,,abstained,,0,0,,,,,,1,0,0.0,0.0,0,0.0,0.0,,0,,0,0.0,,,,ARC-AGI-2,f3283f727488ad98fe575ea6a5ac981e4a188e49,training,872
e179c5f4,no_deterministic_local_rule,3,1,29,0,29,0.00649438495747745,,,,0,0.0,0.0,0.0,,,abstained,,0,0,,,,,,1,0,0.0,0.0,0,0.0,0.0,,0,,0,0.0,,,,ARC-AGI-2,f3283f727488ad98fe575ea6a5ac981e4a188e49,training,873
e1baa8a4,unsupported_shape_change,4,1,29,0,0,2.1849991753697395e-06,,,,0,0.0,0.0,0.0,,,abstained,,0,0,,,,,,1,0,0.0,0.0,0,0.0,0.0,,0,,0,0.0,,,,ARC-AGI-2,f3283f727488ad98fe575ea6a5ac981e4a188e49,training,874
e1d2900e,no_deterministic_local_rule,3,1,29,0,29,0.08786976209376007,,,,0,0.0,0.0,0.0,,,abstained,,0,0,,,,,,1,0,0.0,0.0,0,0.0,0.0,,0,,0,0.0,,,,ARC-AGI-2,f3283f727488ad98fe575ea6a5ac981e4a188e49,training,875
e2092e0c,selected,3,1,29,2,27,0.04831255797762424,0.0,0.9288888888888889,,0,0.0,0.0,1.0,von_neumann_r2,3630.0,predicted_incorrect,von_neumann_r2,13,48,2789.0,8.0,2797.0,0.0,0.0,1,0,0.0,0.0,0,0.0,0.0,,1,0.9333333333333333,225,1.0,1.0,0.0,0.0,ARC-AGI-2,f3283f727488ad98fe575ea6a5ac981e4a188e49,training,876
e21a174a,selected,3,2,29,1,28,0.02510240999981761,0.0,0.6253229974160207,6,1,0.0,0.0,1.0,moore_r2,22746.0,predicted_incorrect,moore_r2,25,145,15258.0,8.0,15266.0,0.015384615384615385,0.0,2,0,0.0,0.0,0,0.0,0.0,,2,0.5977653631284916,179,1.0,1.0,0.0,0.0,ARC-AGI-2,f3283f727488ad98fe575ea6a5ac981e4a188e49,training,877
e21d9049,no_deterministic_local_rule,2,1,29,0,29,0.016532820067368448,,,1,1,0.0,0.0,0.0,,,abstained,,0,0,,,,,,1,0,0.0,0.0,0,0.0,0.0,,0,,0,0.0,,,,ARC-AGI-2,f3283f727488ad98fe575ea6a5ac981e4a188e49,training,878
e26a3af2,selected,3,1,29,4,25,0.054595716996118426,0.0,0.8482871125611745,,0,0.0,0.0,1.0,von_neumann_r1,3174.0,predicted_incorrect,von_neumann_r1,5,89,2187.0,8.0,2195.0,0.38666666666666666,0.38666666666666666,1,0,0.0,0.0,0,0.0,0.0,moore_r1,1,0.8133333333333334,225,1.0,1.0,0.0,0.0,ARC-AGI-2,f3283f727488ad98fe575ea6a5ac981e4a188e49,training,879
e345f17b,unsupported_shape_change,4,2,29,0,0,1.795007847249508e-06,,,,0,0.0,0.0,0.0,,,abstained,,0,0,,,,,,2,0,0.0,0.0,0,0.0,0.0,,0,,0,0.0,,,,ARC-AGI-2,f3283f727488ad98fe575ea6a5ac981e4a188e49,training,880
e3497940,unsupported_shape_change,3,1,29,0,0,7.189810276031494e-07,,,1,1,0.0,0.0,0.0,,,abstained,,0,0,,,,,,1,0,0.0,0.0,0,0.0,0.0,,0,,0,0.0,,,,ARC-AGI-2,f3283f727488ad98fe575ea6a5ac981e4a188e49,training,881
e39e9282,selected,3,1,29,2,27,0.0315343999536708,0.0,0.9039812646370023,,0,0.0,0.0,1.0,von_neumann_r2,5366.0,predicted_incorrect,von_neumann_r2,13,46,2677.0,8.0,2685.0,0.09467455621301775,0.09467455621301775,1,0,0.0,0.0,0,0.0,0.0,moore_r2,1,0.7159763313609467,169,1.0,1.0,0.0,0.0,ARC-AGI-2,f3283f727488ad98fe575ea6a5ac981e4a188e49,training,882
e3f79277,unsupported_shape_change,2,1,29,0,0,1.5349360182881355e-06,,,8,1,0.0,0.0,0.0,,,abstained,,0,0,,,,,,1,0,0.0,0.0,0,0.0,0.0,,0,,0,0.0,,,,ARC-AGI-2,f3283f727488ad98fe575ea6a5ac981e4a188e49,training,883
e3fe1151,selected,3,1,29,4,25,0.011022453079931438,0.0,0.84,,0,0.0,0.0,1.0,von_neumann_r1,433.0,predicted_incorrect,von_neumann_r1,5,12,336.0,8.0,344.0,0.08,0.08,1,0,0.0,0.0,0,0.0,0.0,,1,0.84,25,1.0,1.0,0.0,0.0,ARC-AGI-2,f3283f727488ad98fe575ea6a5ac981e4a188e49,training,884
e4075551,no_deterministic_local_rule,3,1,29,0,29,0.03049851709511131,,,,0,0.0,0.0,0.0,,,abstained,,0,0,,,,,,1,0,0.0,0.0,0,0.0,0.0,,0,,0,0.0,,,,ARC-AGI-2,f3283f727488ad98fe575ea6a5ac981e4a188e49,training,885
e40b9e2f,selected,3,1,29,2,27,0.02306460391264409,0.0,0.95,2,1,0.0,0.0,1.0,moore_r2,3293.0,predicted_incorrect,von_neumann_r2,13,15,940.0,8.0,948.0,0.53,0.53,1,0,0.0,0.0,0,0.0,0.0,,1,0.85,100,1.0,1.0,0.0,0.0,ARC-AGI-2,f3283f727488ad98fe575ea6a5ac981e4a188e49,training,886
e41c6fd3,no_deterministic_local_rule,3,1,29,0,29,0.05570845399051905,,,,0,0.0,0.0,0.0,,,abstained,,0,0,,,,,,1,0,0.0,0.0,0,0.0,0.0,,0,,0,0.0,,,,ARC-AGI-2,f3283f727488ad98fe575ea6a5ac981e4a188e49,training,887
e45ef808,no_deterministic_local_rule,2,1,29,0,29,0.014302483992651105,,,,0,0.0,0.0,0.0,,,abstained,,0,0,,,,,,1,0,0.0,0.0,0,0.0,0.0,,0,,0,0.0,,,,ARC-AGI-2,f3283f727488ad98fe575ea6a5ac981e4a188e49,training,888
e4888269,no_deterministic_local_rule,3,2,29,0,29,0.028478748979978263,,,8;9,2,0.0,0.0,0.0,,,abstained,,0,0,,,,,,2,0,0.0,0.0,0,0.0,0.0,,0,,0,0.0,,,,ARC-AGI-2,f3283f727488ad98fe575ea6a5ac981e4a188e49,training,889
e48d4e1a,no_deterministic_local_rule,4,1,29,0,29,0.020808744011446834,,,8,1,0.0,0.0,0.0,,,abstained,,0,0,,,,,,1,0,0.0,0.0,0,0.0,0.0,,0,,0,0.0,,,,ARC-AGI-2,f3283f727488ad98fe575ea6a5ac981e4a188e49,training,890
e4941b18,no_deterministic_local_rule,3,1,29,0,29,0.013462721020914614,,,,0,0.0,0.0,0.0,,,abstained,,0,0,,,,,,1,0,0.0,0.0,0,0.0,0.0,,0,,0,0.0,,,,ARC-AGI-2,f3283f727488ad98fe575ea6a5ac981e4a188e49,training,891
e5062a87,selected,3,1,29,2,27,0.0232686810195446,0.0,0.8933333333333333,,0,0.0,0.0,1.0,von_neumann_r2,2565.0,predicted_incorrect,von_neumann_r2,13,32,1893.0,8.0,1901.0,0.01,0.01,1,0,0.0,0.0,0,0.0,0.0,,1,0.88,100,1.0,1.0,0.0,0.0,ARC-AGI-2,f3283f727488ad98fe575ea6a5ac981e4a188e49,training,892
e509e548,no_deterministic_local_rule,3,1,29,0,29,0.03231495793443173,,,,0,0.0,0.0,0.0,,,abstained,,0,0,,,,,,1,0,0.0,0.0,0,0.0,0.0,,0,,0,0.0,,,,ARC-AGI-2,f3283f727488ad98fe575ea6a5ac981e4a188e49,training,893
e50d258f,unsupported_shape_change,3,1,29,0,0,1.9870931282639503e-06,,,,0,0.0,0.0,0.0,,,abstained,,0,0,,,,,,1,0,0.0,0.0,0,0.0,0.0,,0,,0,0.0,,,,ARC-AGI-2,f3283f727488ad98fe575ea6a5ac981e4a188e49,training,894
e57337a4,unsupported_shape_change,3,1,29,0,0,1.927022822201252e-06,,,6,1,0.0,0.0,0.0,,,abstained,,0,0,,,,,,1,0,0.0,0.0,0,0.0,0.0,,0,,0,0.0,,,,ARC-AGI-2,f3283f727488ad98fe575ea6a5ac981e4a188e49,training,895
e5790162,no_deterministic_local_rule,5,1,29,0,29,0.015294780023396015,,,,0,0.0,0.0,0.0,,,abstained,,0,0,,,,,,1,0,0.0,0.0,0,0.0,0.0,,0,,0,0.0,,,,ARC-AGI-2,f3283f727488ad98fe575ea6a5ac981e4a188e49,training,896
e5c44e8f,no_deterministic_local_rule,3,1,29,0,29,0.018159650964662433,,,,0,0.0,0.0,0.0,,,abstained,,0,0,,,,,,1,0,0.0,0.0,0,0.0,0.0,,0,,0,0.0,,,,ARC-AGI-2,f3283f727488ad98fe575ea6a5ac981e4a188e49,training,897
e619ca6e,no_deterministic_local_rule,3,1,29,0,29,0.09827737207524478,,,,0,0.0,0.0,0.0,,,abstained,,0,0,,,,,,1,0,0.0,0.0,0,0.0,0.0,,0,,0,0.0,,,,ARC-AGI-2,f3283f727488ad98fe575ea6a5ac981e4a188e49,training,898
e633a9e5,unsupported_shape_change,3,1,29,0,0,2.127024345099926e-06,,,,0,0.0,0.0,0.0,,,abstained,,0,0,,,,,,1,0,0.0,0.0,0,0.0,0.0,,0,,0,0.0,,,,ARC-AGI-2,f3283f727488ad98fe575ea6a5ac981e4a188e49,training,899
e6721834,unsupported_shape_change,3,1,29,0,0,7.660128176212311e-07,,,,0,0.0,0.0,0.0,,,abstained,,0,0,,,,,,1,0,0.0,0.0,0,0.0,0.0,,0,,0,0.0,,,,ARC-AGI-2,f3283f727488ad98fe575ea6a5ac981e4a188e49,training,900
e681b708,no_deterministic_local_rule,3,1,29,0,29,0.07264433894306421,,,4,1,0.0,0.0,0.0,,,abstained,,0,0,,,,,,1,0,0.0,0.0,0,0.0,0.0,,0,,0,0.0,,,,ARC-AGI-2,f3283f727488ad98fe575ea6a5ac981e4a188e49,training,901
e69241bd,selected,3,1,29,2,27,0.017669741064310074,0.0,0.7298578199052133,,0,0.0,0.0,1.0,moore_r2,8183.0,predicted_incorrect,von_neumann_r2,13,57,3293.0,8.0,3301.0,0.037037037037037035,0.037037037037037035,1,0,0.0,0.0,0,0.0,0.0,moore_r2,1,0.7530864197530864,81,1.0,1.0,0.0,0.0,ARC-AGI-2,f3283f727488ad98fe575ea6a5ac981e4a188e49,training,902
e6de6e8f,unsupported_shape_change,3,1,29,0,0,1.769978553056717e-06,,,,0,0.0,0.0,0.0,,,abstained,,0,0,,,,,,1,0,0.0,0.0,0,0.0,0.0,,0,,0,0.0,,,,ARC-AGI-2,f3283f727488ad98fe575ea6a5ac981e4a188e49,training,903
e729b7be,no_deterministic_local_rule,3,1,29,0,29,0.037672136910259724,,,0,1,0.0,0.0,0.0,,,abstained,,0,0,,,,,,1,0,0.0,0.0,0,0.0,0.0,,0,,0,0.0,,,,ARC-AGI-2,f3283f727488ad98fe575ea6a5ac981e4a188e49,training,904
e73095fd,selected,3,1,29,1,28,0.041520894039422274,0.0,0.9406657018813314,,0,0.0,0.0,1.0,moore_r2,6414.0,predicted_incorrect,moore_r2,25,45,4854.0,8.0,4862.0,0.3715277777777778,0.3715277777777778,1,0,0.0,0.0,0,0.0,0.0,,1,0.9479166666666666,288,1.0,1.0,0.0,0.0,ARC-AGI-2,f3283f727488ad98fe575ea6a5ac981e4a188e49,training,905
e734a0e8,selected,2,1,29,1,28,0.03698482597246766,0.0,0.916923076923077,4,1,0.0,0.0,0.0,,,predicted_incorrect,moore_r2,25,32,3502.0,8.0,3510.0,0.8304498269896193,0.8304498269896193,1,0,0.0,0.0,0,0.0,0.0,,1,0.8373702422145328,289,1.0,1.0,0.0,0.0,ARC-AGI-2,f3283f727488ad98fe575ea6a5ac981e4a188e49,training,906
e74e1818,selected,3,1,29,2,27,0.026141159003600478,0.0,0.8171091445427728,,0,0.0,0.0,1.0,von_neumann_r2,6038.0,predicted_incorrect,von_neumann_r2,13,62,3573.0,8.0,3581.0,0.2311111111111111,0.2311111111111111,1,0,0.0,0.0,0,0.0,0.0,,1,0.7955555555555556,225,1.0,1.0,0.0,0.0,ARC-AGI-2,f3283f727488ad98fe575ea6a5ac981e4a188e49,training,907
e760a62e,no_deterministic_local_rule,3,1,29,0,29,0.07994986092671752,,,,0,0.0,0.0,0.0,,,abstained,,0,0,,,,,,1,0,0.0,0.0,0,0.0,0.0,,0,,0,0.0,,,,ARC-AGI-2,f3283f727488ad98fe575ea6a5ac981e4a188e49,training,908
e7639916,no_deterministic_local_rule,3,1,29,0,29,0.02133875002618879,,,,0,0.0,0.0,0.0,,,abstained,,0,0,,,,,,1,0,0.0,0.0,0,0.0,0.0,,0,,0,0.0,,,,ARC-AGI-2,f3283f727488ad98fe575ea6a5ac981e4a188e49,training,909
e76a88a6,selected,2,1,29,1,28,0.012697997968643904,0.0,0.79,1,1,0.0,0.0,0.0,,,predicted_incorrect,moore_r2,25,39,4230.0,8.0,4238.0,0.01,0.01,1,0,0.0,0.0,0,0.0,0.0,,1,0.64,100,1.0,1.0,0.0,0.0,ARC-AGI-2,f3283f727488ad98fe575ea6a5ac981e4a188e49,training,910
e78887d1,unsupported_shape_change,4,1,29,0,0,3.619934432208538e-06,,,,0,0.0,0.0,0.0,,,abstained,,0,0,,,,,,1,0,0.0,0.0,0,0.0,0.0,,0,,0,0.0,,,,ARC-AGI-2,f3283f727488ad98fe575ea6a5ac981e4a188e49,training,911
e7a25a18,unsupported_shape_change,2,1,29,0,0,8.270144462585449e-07,,,,0,0.0,0.0,0.0,,,abstained,,0,0,,,,,,1,0,0.0,0.0,0,0.0,0.0,,0,,0,0.0,,,,ARC-AGI-2,f3283f727488ad98fe575ea6a5ac981e4a188e49,training,912
e7b06bea,no_deterministic_local_rule,5,1,29,0,29,0.01795248594135046,,,,0,0.0,0.0,0.0,,,abstained,,0,0,,,,,,1,0,0.0,0.0,0,0.0,0.0,,0,,0,0.0,,,,ARC-AGI-2,f3283f727488ad98fe575ea6a5ac981e4a188e49,training,913
e7dd8335,selected,3,1,29,1,28,0.014426715089939535,0.0,0.8564356435643564,,0,0.0,0.0,1.0,moore_r2,4230.0,predicted_incorrect,moore_r2,25,29,3189.0,8.0,3197.0,0.050505050505050504,0.050505050505050504,1,0,0.0,0.0,0,0.0,0.0,,1,0.898989898989899,99,1.0,1.0,0.0,0.0,ARC-AGI-2,f3283f727488ad98fe575ea6a5ac981e4a188e49,training,914
e84fef15,unsupported_shape_change,3,1,29,0,0,1.8220162019133568e-06,,,,0,0.0,0.0,0.0,,,abstained,,0,0,,,,,,1,0,0.0,0.0,0,0.0,0.0,,0,,0,0.0,,,,ARC-AGI-2,f3283f727488ad98fe575ea6a5ac981e4a188e49,training,915
e8593010,selected,3,1,29,2,27,0.023417863063514233,0.0,0.7666666666666667,,0,0.0,0.0,1.0,von_neumann_r2,5478.0,predicted_incorrect,von_neumann_r2,13,74,4246.0,8.0,4254.0,0.2,0.2,1,0,0.0,0.0,0,0.0,0.0,moore_r2,1,0.78,100,1.0,1.0,0.0,0.0,ARC-AGI-2,f3283f727488ad98fe575ea6a5ac981e4a188e49,training,916
e872b94a,unsupported_shape_change,4,1,29,0,0,4.332978278398514e-06,,,,0,0.0,0.0,0.0,,,abstained,,0,0,,,,,,1,0,0.0,0.0,0,0.0,0.0,,0,,0,0.0,,,,ARC-AGI-2,f3283f727488ad98fe575ea6a5ac981e4a188e49,training,917
e88171ec,selected,3,1,29,3,26,0.06662862794473767,1.0,1.0,7,1,0.0,0.0,1.0,von_neumann_r2,1164.0,predicted_incorrect,moore_r1,9,1,111.0,8.0,119.0,0.02947845804988662,0.02947845804988662,1,0,0.0,0.0,0,0.0,0.0,von_neumann_r2,1,0.9977324263038548,441,1.0,1.0,0.0,0.0,ARC-AGI-2,f3283f727488ad98fe575ea6a5ac981e4a188e49,training,918
e8dc4411,no_deterministic_local_rule,3,1,29,0,29,0.026669253944419324,,,6,1,0.0,0.0,0.0,,,abstained,,0,0,,,,,,1,0,0.0,0.0,0,0.0,0.0,,0,,0,0.0,,,,ARC-AGI-2,f3283f727488ad98fe575ea6a5ac981e4a188e49,training,919
e9614598,no_deterministic_local_rule,2,2,29,0,29,0.010431390022858977,,,,0,0.0,0.0,0.0,,,abstained,,0,0,,,,,,2,0,0.0,0.0,0,0.0,0.0,,0,,0,0.0,,,,ARC-AGI-2,f3283f727488ad98fe575ea6a5ac981e4a188e49,training,920
e98196ab,unsupported_shape_change,3,1,29,0,0,1.9900035113096237e-06,,,6,1,0.0,0.0,0.0,,,abstained,,0,0,,,,,,1,0,0.0,0.0,0,0.0,0.0,,0,,0,0.0,,,,ARC-AGI-2,f3283f727488ad98fe575ea6a5ac981e4a188e49,training,921
e99362f0,unsupported_shape_change,6,1,29,0,0,2.0120060071349144e-06,,,,0,0.0,0.0,0.0,,,abstained,,0,0,,,,,,1,0,0.0,0.0,0,0.0,0.0,,0,,0,0.0,,,,ARC-AGI-2,f3283f727488ad98fe575ea6a5ac981e4a188e49,training,922
e9ac8c9e,no_deterministic_local_rule,3,1,29,0,29,0.01564189896453172,,,,0,0.0,0.0,0.0,,,abstained,,0,0,,,,,,1,0,0.0,0.0,0,0.0,0.0,,0,,0,0.0,,,,ARC-AGI-2,f3283f727488ad98fe575ea6a5ac981e4a188e49,training,923
e9afcf9a,no_deterministic_local_rule,2,1,29,0,29,0.002812557970173657,,,2;6,2,0.0,0.0,0.0,,,abstained,,0,0,,,,,,1,0,0.0,0.0,0,0.0,0.0,,0,,0,0.0,,,,ARC-AGI-2,f3283f727488ad98fe575ea6a5ac981e4a188e49,training,924
e9b4f6fc,unsupported_shape_change,4,1,29,0,0,1.2649688869714737e-06,,,7,1,0.0,0.0,0.0,,,abstained,,0,0,,,,,,1,0,0.0,0.0,0,0.0,0.0,,0,,0,0.0,,,,ARC-AGI-2,f3283f727488ad98fe575ea6a5ac981e4a188e49,training,925
e9bb6954,no_deterministic_local_rule,4,1,29,0,29,0.049643062986433506,,,,0,0.0,0.0,0.0,,,abstained,,0,0,,,,,,1,0,0.0,0.0,0,0.0,0.0,,0,,0,0.0,,,,ARC-AGI-2,f3283f727488ad98fe575ea6a5ac981e4a188e49,training,926
e9c9d9a1,no_deterministic_local_rule,3,1,29,0,29,0.032683218945749104,,,,0,0.0,0.0,0.0,,,abstained,,0,0,,,,,,1,0,0.0,0.0,0,0.0,0.0,,0,,0,0.0,,,,ARC-AGI-2,f3283f727488ad98fe575ea6a5ac981e4a188e49,training,927
e9fc42f2,unsupported_shape_change,3,2,29,0,0,1.9229482859373093e-06,,,,0,0.0,0.0,0.0,,,abstained,,0,0,,,,,,2,0,0.0,0.0,0,0.0,0.0,,0,,0,0.0,,,,ARC-AGI-2,f3283f727488ad98fe575ea6a5ac981e4a188e49,training,928
ea32f347,no_deterministic_local_rule,4,1,29,0,29,0.02053565194364637,,,,0,0.0,0.0,0.0,,,abstained,,0,0,,,,,,1,0,0.0,0.0,0,0.0,0.0,,0,,0,0.0,,,,ARC-AGI-2,f3283f727488ad98fe575ea6a5ac981e4a188e49,training,929
ea786f4a,selected,3,1,29,2,27,0.00931735394988209,0.0,0.7108433734939759,6,1,0.0,0.0,0.0,,,predicted_incorrect,von_neumann_r2,13,24,1444.0,8.0,1452.0,0.0,0.0,1,0,0.0,0.0,0,0.0,0.0,,1,0.8347107438016529,121,1.0,1.0,0.0,0.0,ARC-AGI-2,f3283f727488ad98fe575ea6a5ac981e4a188e49,training,930
ea959feb,selected,3,1,29,1,28,0.09694237203802913,0.0,0.8993939393939394,9,1,0.0,0.0,1.0,moore_r2,21082.0,predicted_incorrect,moore_r2,25,152,15986.0,8.0,15994.0,0.0,0.0,1,0,0.0,0.0,0,0.0,0.0,,1,0.9109090909090909,550,1.0,1.0,0.0,0.0,ARC-AGI-2,f3283f727488ad98fe575ea6a5ac981e4a188e49,training,931
ea9794b1,unsupported_shape_change,6,1,29,0,0,1.5819678083062172e-06,,,,0,0.0,0.0,0.0,,,abstained,,0,0,,,,,,1,0,0.0,0.0,0,0.0,0.0,,0,,0,0.0,,,,ARC-AGI-2,f3283f727488ad98fe575ea6a5ac981e4a188e49,training,932
eb281b96,unsupported_shape_change,2,1,29,0,0,1.1529773473739624e-06,,,3,1,0.0,0.0,0.0,,,abstained,,0,0,,,,,,1,0,0.0,0.0,0,0.0,0.0,,0,,0,0.0,,,,ARC-AGI-2,f3283f727488ad98fe575ea6a5ac981e4a188e49,training,933
eb5a1d5d,unsupported_shape_change,3,1,29,0,0,8.419156074523926e-07,,,,0,0.0,0.0,0.0,,,abstained,,0,0,,,,,,1,0,0.0,0.0,0,0.0,0.0,,0,,0,0.0,,,,ARC-AGI-2,f3283f727488ad98fe575ea6a5ac981e4a188e49,training,934
ec883f72,no_deterministic_local_rule,4,1,29,0,29,0.017600387101992965,,,,0,0.0,0.0,0.0,,,abstained,,0,0,,,,,,1,0,0.0,0.0,0,0.0,0.0,,0,,0,0.0,,,,ARC-AGI-2,f3283f727488ad98fe575ea6a5ac981e4a188e49,training,935
ecaa0ec1,selected,4,1,29,3,26,0.041901035932824016,0.0,0.9556541019955654,,0,0.0,0.0,1.0,moore_r1,1156.0,predicted_incorrect,moore_r1,9,22,956.0,8.0,964.0,0.8429752066115702,0.8429752066115702,1,0,0.0,0.0,0,0.0,0.0,von_neumann_r2,1,0.9586776859504132,121,1.0,1.0,0.0,0.0,ARC-AGI-2,f3283f727488ad98fe575ea6a5ac981e4a188e49,training,936
ecb67b6d,selected,3,1,29,2,27,0.01678054907824844,0.0,0.865,,0,0.0,0.0,1.0,von_neumann_r2,3686.0,predicted_incorrect,von_neumann_r2,13,27,1612.0,8.0,1620.0,0.01644736842105263,0.01644736842105263,1,0,0.0,0.0,0,0.0,0.0,,1,0.8782894736842105,304,1.0,1.0,0.0,0.0,ARC-AGI-2,f3283f727488ad98fe575ea6a5ac981e4a188e49,training,937
ecdecbb3,no_deterministic_local_rule,3,1,29,0,29,0.02870694303419441,,,,0,0.0,0.0,0.0,,,abstained,,0,0,,,,,,1,0,0.0,0.0,0,0.0,0.0,,0,,0,0.0,,,,ARC-AGI-2,f3283f727488ad98fe575ea6a5ac981e4a188e49,training,938
ed36ccf7,selected,4,1,29,4,25,0.010210692998953164,0.0,0.5,5,1,0.0,0.0,1.0,von_neumann_r1,577.0,predicted_incorrect,von_neumann_r1,5,18,481.0,8.0,489.0,0.0,0.0,1,0,0.0,0.0,0,0.0,0.0,,1,0.5555555555555556,9,1.0,1.0,0.0,0.0,ARC-AGI-2,f3283f727488ad98fe575ea6a5ac981e4a188e49,training,939
ed74f2f2,unsupported_shape_change,6,1,29,0,0,3.613065928220749e-06,,,,0,0.0,0.0,0.0,,,abstained,,0,0,,,,,,1,0,0.0,0.0,0,0.0,0.0,,0,,0,0.0,,,,ARC-AGI-2,f3283f727488ad98fe575ea6a5ac981e4a188e49,training,940
ed98d772,unsupported_shape_change,5,1,29,0,0,8.899951353669167e-07,,,6,1,0.0,0.0,0.0,,,abstained,,0,0,,,,,,1,0,0.0,0.0,0,0.0,0.0,,0,,0,0.0,,,,ARC-AGI-2,f3283f727488ad98fe575ea6a5ac981e4a188e49,training,941
edcc2ff0,no_deterministic_local_rule,3,1,29,0,29,0.0284074799856171,,,5;7,2,0.0,0.0,0.0,,,abstained,,0,0,,,,,,1,0,0.0,0.0,0,0.0,0.0,,0,,0,0.0,,,,ARC-AGI-2,f3283f727488ad98fe575ea6a5ac981e4a188e49,training,942
ef135b50,selected,3,1,29,1,28,0.01974685094319284,0.0,0.9166666666666666,,0,0.0,0.0,1.0,moore_r2,3918.0,predicted_incorrect,moore_r2,25,29,3189.0,8.0,3197.0,0.04,0.04,1,0,0.0,0.0,0,0.0,0.0,,1,0.93,100,1.0,1.0,0.0,0.0,ARC-AGI-2,f3283f727488ad98fe575ea6a5ac981e4a188e49,training,943
ef26cbf6,selected,2,1,29,2,27,0.01167837402317673,0.0,0.7922077922077922,,0,0.0,0.0,1.0,moore_r2,4958.0,predicted_incorrect,von_neumann_r2,13,32,1893.0,8.0,1901.0,0.14285714285714285,0.14285714285714285,1,0,0.0,0.0,0,0.0,0.0,moore_r2,1,0.8181818181818182,77,1.0,1.0,0.0,0.0,ARC-AGI-2,f3283f727488ad98fe575ea6a5ac981e4a188e49,training,944
f0100645,selected,2,1,29,1,28,0.011657866998575628,0.0,0.7237569060773481,1,1,0.0,0.0,1.0,moore_r2,8079.0,predicted_incorrect,moore_r2,25,50,5374.0,8.0,5382.0,0.0,0.0,1,0,0.0,0.0,0,0.0,0.0,,1,0.6790123456790124,81,1.0,1.0,0.0,0.0,ARC-AGI-2,f3283f727488ad98fe575ea6a5ac981e4a188e49,training,945
f0afb749,unsupported_shape_change,3,1,29,0,0,1.5209661796689034e-06,,,4,1,0.0,0.0,0.0,,,abstained,,0,0,,,,,,1,0,0.0,0.0,0,0.0,0.0,,0,,0,0.0,,,,ARC-AGI-2,f3283f727488ad98fe575ea6a5ac981e4a188e49,training,946
f0df5ff0,selected,3,1,29,3,26,0.0546346619958058,0.0,0.8637037037037038,,0,0.0,0.0,1.0,moore_r1,5441.0,predicted_incorrect,moore_r1,9,90,3678.0,8.0,3686.0,0.017777777777777778,0.017777777777777778,1,0,0.0,0.0,0,0.0,0.0,,1,0.8044444444444444,225,1.0,1.0,0.0,0.0,ARC-AGI-2,f3283f727488ad98fe575ea6a5ac981e4a188e49,training,947
f0f8a26d,selected,3,1,29,1,28,0.019127924926579,0.0,0.7031802120141343,9,1,0.0,0.0,0.0,,,predicted_incorrect,moore_r2,25,84,8911.0,8.0,8919.0,0.0,0.0,1,0,0.0,0.0,0,0.0,0.0,,1,0.6923076923076923,169,1.0,1.0,0.0,0.0,ARC-AGI-2,f3283f727488ad98fe575ea6a5ac981e4a188e49,training,948
f15e1fac,no_deterministic_local_rule,3,1,29,0,29,0.023661351995542645,,,,0,0.0,0.0,0.0,,,abstained,,0,0,,,,,,1,0,0.0,0.0,0,0.0,0.0,,0,,0,0.0,,,,ARC-AGI-2,f3283f727488ad98fe575ea6a5ac981e4a188e49,training,949
f18ec8cc,no_deterministic_local_rule,4,2,29,0,29,0.02058105799369514,,,4,1,0.0,0.0,0.0,,,abstained,,0,0,,,,,,2,0,0.0,0.0,0,0.0,0.0,,0,,0,0.0,,,,ARC-AGI-2,f3283f727488ad98fe575ea6a5ac981e4a188e49,training,950
f1bcbc2c,selected,4,1,29,1,28,0.027930560056120157,0.0,0.9025,,0,0.0,0.0,1.0,moore_r2,5686.0,predicted_incorrect,moore_r2,25,44,4750.0,8.0,4758.0,0.11,0.11,1,0,0.0,0.0,0,0.0,0.0,,1,0.91,100,1.0,1.0,0.0,0.0,ARC-AGI-2,f3283f727488ad98fe575ea6a5ac981e4a188e49,training,951
f1cefba8,no_deterministic_local_rule,3,1,29,0,29,0.03674968797713518,,,,0,0.0,0.0,0.0,,,abstained,,0,0,,,,,,1,0,0.0,0.0,0,0.0,0.0,,0,,0,0.0,,,,ARC-AGI-2,f3283f727488ad98fe575ea6a5ac981e4a188e49,training,952
f21745ec,no_deterministic_local_rule,3,1,29,0,29,0.05961554404348135,,,,0,0.0,0.0,0.0,,,abstained,,0,0,,,,,,1,0,0.0,0.0,0,0.0,0.0,,0,,0,0.0,,,,ARC-AGI-2,f3283f727488ad98fe575ea6a5ac981e4a188e49,training,953
f25fbde4,unsupported_shape_change,3,1,29,0,0,1.4969846233725548e-06,,,,0,0.0,0.0,0.0,,,abstained,,0,0,,,,,,1,0,0.0,0.0,0,0.0,0.0,,0,,0,0.0,,,,ARC-AGI-2,f3283f727488ad98fe575ea6a5ac981e4a188e49,training,954
f25ffba3,no_deterministic_local_rule,2,1,29,0,29,0.005364168900996447,,,1;7,2,0.0,0.0,0.0,,,abstained,,0,0,,,,,,1,0,0.0,0.0,0,0.0,0.0,,0,,0,0.0,,,,ARC-AGI-2,f3283f727488ad98fe575ea6a5ac981e4a188e49,training,955
f2829549,unsupported_shape_change,5,1,29,0,0,1.2150267139077187e-06,,,,0,0.0,0.0,0.0,,,abstained,,0,0,,,,,,1,0,0.0,0.0,0,0.0,0.0,,0,,0,0.0,,,,ARC-AGI-2,f3283f727488ad98fe575ea6a5ac981e4a188e49,training,956
f28a3cbb,selected,2,1,29,3,26,0.01333582994993776,0.0,0.7777777777777778,3;8,2,0.0,0.0,1.0,von_neumann_r2,3125.0,predicted_incorrect,moore_r1,9,34,1437.0,8.0,1445.0,0.024691358024691357,0.024691358024691357,1,0,0.0,0.0,0,0.0,0.0,,1,0.7777777777777778,81,1.0,1.0,0.0,0.0,ARC-AGI-2,f3283f727488ad98fe575ea6a5ac981e4a188e49,training,957
f341894c,selected,3,1,29,1,28,0.02310930995736271,0.0,0.9611111111111111,,0,0.0,0.0,0.0,,,predicted_incorrect,moore_r2,25,14,1628.0,8.0,1636.0,0.18518518518518517,0.18518518518518517,1,0,0.0,0.0,0,0.0,0.0,,1,0.9382716049382716,324,1.0,1.0,0.0,0.0,ARC-AGI-2,f3283f727488ad98fe575ea6a5ac981e4a188e49,training,958
f35d900a,no_deterministic_local_rule,4,1,29,0,29,0.04558585491031408,,,,0,0.0,0.0,0.0,,,abstained,,0,0,,,,,,1,0,0.0,0.0,0,0.0,0.0,,0,,0,0.0,,,,ARC-AGI-2,f3283f727488ad98fe575ea6a5ac981e4a188e49,training,959
f3b10344,no_deterministic_local_rule,3,1,29,0,29,0.11624186101835221,,,7,1,0.0,0.0,0.0,,,abstained,,0,0,,,,,,1,0,0.0,0.0,0,0.0,0.0,,0,,0,0.0,,,,ARC-AGI-2,f3283f727488ad98fe575ea6a5ac981e4a188e49,training,960
f3cdc58f,selected,3,1,29,1,28,0.020039712893776596,0.0,0.6766666666666666,,0,0.0,0.0,1.0,moore_r2,15050.0,predicted_incorrect,moore_r2,25,97,10263.0,8.0,10271.0,0.0,0.0,1,0,0.0,0.0,0,0.0,0.0,,1,0.54,100,1.0,1.0,0.0,0.0,ARC-AGI-2,f3283f727488ad98fe575ea6a5ac981e4a188e49,training,961
f3e14006,no_deterministic_local_rule,4,2,29,0,29,0.029947306029498577,,,,0,0.0,0.0,0.0,,,abstained,,0,0,,,,,,2,0,0.0,0.0,0,0.0,0.0,,0,,0,0.0,,,,ARC-AGI-2,f3283f727488ad98fe575ea6a5ac981e4a188e49,training,962
f3e62deb,no_deterministic_local_rule,6,2,29,0,29,0.03077082592062652,,,3,1,0.0,0.0,0.0,,,abstained,,0,0,,,,,,2,0,0.0,0.0,0,0.0,0.0,,0,,0,0.0,,,,ARC-AGI-2,f3283f727488ad98fe575ea6a5ac981e4a188e49,training,963
f45f5ca7,no_deterministic_local_rule,3,1,29,0,29,0.015510789002291858,,,,0,0.0,0.0,0.0,,,abstained,,0,0,,,,,,1,0,0.0,0.0,0,0.0,0.0,,0,,0,0.0,,,,ARC-AGI-2,f3283f727488ad98fe575ea6a5ac981e4a188e49,training,964
f5aa3634,unsupported_shape_change,3,1,29,0,0,1.7259735614061356e-06,,,,0,0.0,0.0,0.0,,,abstained,,0,0,,,,,,1,0,0.0,0.0,0,0.0,0.0,,0,,0,0.0,,,,ARC-AGI-2,f3283f727488ad98fe575ea6a5ac981e4a188e49,training,965
f5b8619d,unsupported_shape_change,3,1,29,0,0,9.279465302824974e-07,,,3,1,0.0,0.0,0.0,,,abstained,,0,0,,,,,,1,0,0.0,0.0,0,0.0,0.0,,0,,0,0.0,,,,ARC-AGI-2,f3283f727488ad98fe575ea6a5ac981e4a188e49,training,966
f5c89df1,no_deterministic_local_rule,3,1,29,0,29,0.0243782369652763,,,,0,0.0,0.0,0.0,,,abstained,,0,0,,,,,,1,0,0.0,0.0,0,0.0,0.0,,0,,0,0.0,,,,ARC-AGI-2,f3283f727488ad98fe575ea6a5ac981e4a188e49,training,967
f76d97a5,selected,3,1,29,4,25,0.010030841920524836,0.0,0.0,3,1,0.0,0.0,1.0,von_neumann_r1,1899.0,predicted_incorrect,von_neumann_r1,5,53,1322.0,8.0,1330.0,0.0,0.0,1,0,0.0,0.0,0,0.0,0.0,,1,0.0,25,1.0,1.0,0.0,0.0,ARC-AGI-2,f3283f727488ad98fe575ea6a5ac981e4a188e49,training,968
f823c43c,selected,2,1,29,3,26,0.031168821034952998,0.0,0.8275058275058275,1;3,2,0.0,0.0,1.0,moore_r1,5038.0,predicted_incorrect,moore_r1,9,66,2718.0,8.0,2726.0,0.0,0.0,1,0,0.0,0.0,0,0.0,0.0,,1,0.76171875,256,1.0,1.0,0.0,0.0,ARC-AGI-2,f3283f727488ad98fe575ea6a5ac981e4a188e49,training,969
f83cb3f6,no_deterministic_local_rule,3,1,29,0,29,0.023657758021727204,,,3,1,0.0,0.0,0.0,,,abstained,,0,0,,,,,,1,0,0.0,0.0,0,0.0,0.0,,0,,0,0.0,,,,ARC-AGI-2,f3283f727488ad98fe575ea6a5ac981e4a188e49,training,970
f8a8fe49,no_deterministic_local_rule,3,1,29,0,29,0.031616077991202474,,,,0,0.0,0.0,0.0,,,abstained,,0,0,,,,,,1,0,0.0,0.0,0,0.0,0.0,,0,,0,0.0,,,,ARC-AGI-2,f3283f727488ad98fe575ea6a5ac981e4a188e49,training,971
f8b3ba0a,unsupported_shape_change,4,1,29,0,0,1.2980308383703232e-06,,,,0,0.0,0.0,0.0,,,abstained,,0,0,,,,,,1,0,0.0,0.0,0,0.0,0.0,,0,,0,0.0,,,,ARC-AGI-2,f3283f727488ad98fe575ea6a5ac981e4a188e49,training,972
f8be4b64,no_deterministic_local_rule,4,1,29,0,29,0.06865682092029601,,,1,1,0.0,0.0,0.0,,,abstained,,0,0,,,,,,1,0,0.0,0.0,0,0.0,0.0,,0,,0,0.0,,,,ARC-AGI-2,f3283f727488ad98fe575ea6a5ac981e4a188e49,training,973
f8c80d96,no_deterministic_local_rule,3,1,29,0,29,0.015478765009902418,,,4,1,0.0,0.0,0.0,,,abstained,,0,0,,,,,,1,0,0.0,0.0,0,0.0,0.0,,0,,0,0.0,,,,ARC-AGI-2,f3283f727488ad98fe575ea6a5ac981e4a188e49,training,974
f8cc533f,selected,3,2,29,1,28,0.04658029496204108,0.0,0.9679075738125802,6,1,0.0,0.0,1.0,moore_r2,5894.0,predicted_incorrect,moore_r2,25,25,2773.0,8.0,2781.0,0.17777777777777778,0.0,2,0,0.0,0.0,0,0.0,0.0,,2,0.9644549763033176,844,1.0,1.0,0.0,0.0,ARC-AGI-2,f3283f727488ad98fe575ea6a5ac981e4a188e49,training,975
f8f52ecc,no_deterministic_local_rule,3,2,29,0,29,0.01751211704686284,,,0,1,0.0,0.0,0.0,,,abstained,,0,0,,,,,,2,0,0.0,0.0,0,0.0,0.0,,0,,0,0.0,,,,ARC-AGI-2,f3283f727488ad98fe575ea6a5ac981e4a188e49,training,976
f8ff0b80,unsupported_shape_change,3,1,29,0,0,1.776963472366333e-06,,,6,1,0.0,0.0,0.0,,,abstained,,0,0,,,,,,1,0,0.0,0.0,0,0.0,0.0,,0,,0,0.0,,,,ARC-AGI-2,f3283f727488ad98fe575ea6a5ac981e4a188e49,training,977
f9012d9b,unsupported_shape_change,3,1,29,0,0,8.150236681103706e-07,,,,0,0.0,0.0,0.0,,,abstained,,0,0,,,,,,1,0,0.0,0.0,0,0.0,0.0,,0,,0,0.0,,,,ARC-AGI-2,f3283f727488ad98fe575ea6a5ac981e4a188e49,training,978
f9a67cb5,no_deterministic_local_rule,3,1,29,0,29,0.02196202694904059,,,,0,0.0,0.0,0.0,,,abstained,,0,0,,,,,,1,0,0.0,0.0,0,0.0,0.0,,0,,0,0.0,,,,ARC-AGI-2,f3283f727488ad98fe575ea6a5ac981e4a188e49,training,979
f9d67f8b,no_deterministic_local_rule,4,1,29,0,29,0.16583011206239462,,,,0,0.0,0.0,0.0,,,abstained,,0,0,,,,,,1,0,0.0,0.0,0,0.0,0.0,,0,,0,0.0,,,,ARC-AGI-2,f3283f727488ad98fe575ea6a5ac981e4a188e49,training,980
fafd9572,no_deterministic_local_rule,2,1,29,0,29,0.016257761977612972,,,7,1,0.0,0.0,0.0,,,abstained,,0,0,,,,,,1,0,0.0,0.0,0,0.0,0.0,,0,,0,0.0,,,,ARC-AGI-2,f3283f727488ad98fe575ea6a5ac981e4a188e49,training,981
fafffa47,unsupported_shape_change,5,1,29,0,0,1.751934178173542e-06,,,,0,0.0,0.0,0.0,,,abstained,,0,0,,,,,,1,0,0.0,0.0,0,0.0,0.0,,0,,0,0.0,,,,ARC-AGI-2,f3283f727488ad98fe575ea6a5ac981e4a188e49,training,982
fb791726,unsupported_shape_change,3,1,29,0,0,8.150236681103706e-07,,,9,1,0.0,0.0,0.0,,,abstained,,0,0,,,,,,1,0,0.0,0.0,0,0.0,0.0,,0,,0,0.0,,,,ARC-AGI-2,f3283f727488ad98fe575ea6a5ac981e4a188e49,training,983
fbf15a0b,unsupported_shape_change,4,2,29,0,0,6.969785317778587e-07,,,2;9,2,0.0,0.0,0.0,,,abstained,,0,0,,,,,,2,0,0.0,0.0,0,0.0,0.0,,0,,0,0.0,,,,ARC-AGI-2,f3283f727488ad98fe575ea6a5ac981e4a188e49,training,984
fc10701f,selected,3,1,29,2,27,0.0338466209359467,0.0,0.9353448275862069,,0,0.0,0.0,0.0,,,predicted_incorrect,von_neumann_r2,13,30,1780.0,8.0,1788.0,0.7692307692307693,0.7692307692307693,1,0,0.0,0.0,0,0.0,0.0,,1,0.9408284023668639,676,1.0,1.0,0.0,0.0,ARC-AGI-2,f3283f727488ad98fe575ea6a5ac981e4a188e49,training,985
fc4aaf52,no_deterministic_local_rule,2,1,29,0,29,0.024631286971271038,,,4;9,2,0.0,0.0,0.0,,,abstained,,0,0,,,,,,1,0,0.0,0.0,0,0.0,0.0,,0,,0,0.0,,,,ARC-AGI-2,f3283f727488ad98fe575ea6a5ac981e4a188e49,training,986
fc754716,selected,4,1,29,1,28,0.009869246976450086,0.0,0.2857142857142857,8,1,0.0,0.0,0.0,,,predicted_incorrect,moore_r2,25,60,6414.0,8.0,6422.0,0.2857142857142857,0.2857142857142857,1,0,0.0,0.0,0,0.0,0.0,,1,0.5396825396825397,63,1.0,1.0,0.0,0.0,ARC-AGI-2,f3283f727488ad98fe575ea6a5ac981e4a188e49,training,987
fcb5c309,unsupported_shape_change,3,1,29,0,0,2.174987457692623e-06,,,8,1,0.0,0.0,0.0,,,abstained,,0,0,,,,,,1,0,0.0,0.0,0,0.0,0.0,,0,,0,0.0,,,,ARC-AGI-2,f3283f727488ad98fe575ea6a5ac981e4a188e49,training,988
fcc82909,no_deterministic_local_rule,3,1,29,0,29,0.015588167938403785,,,,0,0.0,0.0,0.0,,,abstained,,0,0,,,,,,1,0,0.0,0.0,0,0.0,0.0,,0,,0,0.0,,,,ARC-AGI-2,f3283f727488ad98fe575ea6a5ac981e4a188e49,training,989
fd02da9e,no_deterministic_local_rule,4,1,29,0,29,0.014380630920641124,,,2;4;5,3,0.0,0.0,0.0,,,abstained,,0,0,,,,,,1,0,0.0,0.0,0,0.0,0.0,,0,,0,0.0,,,,ARC-AGI-2,f3283f727488ad98fe575ea6a5ac981e4a188e49,training,990
fd096ab6,no_deterministic_local_rule,2,1,29,0,29,0.04859175707679242,,,5;9,2,0.0,0.0,0.0,,,abstained,,0,0,,,,,,1,0,0.0,0.0,0,0.0,0.0,,0,,0,0.0,,,,ARC-AGI-2,f3283f727488ad98fe575ea6a5ac981e4a188e49,training,991
fd4b2b02,no_deterministic_local_rule,3,1,29,0,29,0.06666333193425089,,,,0,0.0,0.0,0.0,,,abstained,,0,0,,,,,,1,0,0.0,0.0,0,0.0,0.0,,0,,0,0.0,,,,ARC-AGI-2,f3283f727488ad98fe575ea6a5ac981e4a188e49,training,992
fe45cba4,no_deterministic_local_rule,2,1,29,0,29,0.007269885973073542,,,8,1,0.0,0.0,0.0,,,abstained,,0,0,,,,,,1,0,0.0,0.0,0,0.0,0.0,,0,,0,0.0,,,,ARC-AGI-2,f3283f727488ad98fe575ea6a5ac981e4a188e49,training,993
fe9372f3,no_deterministic_local_rule,2,1,29,0,29,0.0117698929971084,,,,0,0.0,0.0,0.0,,,abstained,,0,0,,,,,,1,0,0.0,0.0,0,0.0,0.0,,0,,0,0.0,,,,ARC-AGI-2,f3283f727488ad98fe575ea6a5ac981e4a188e49,training,994
fea12743,no_deterministic_local_rule,3,1,29,0,29,0.025299433968029916,,,,0,0.0,0.0,0.0,,,abstained,,0,0,,,,,,1,0,0.0,0.0,0,0.0,0.0,,0,,0,0.0,,,,ARC-AGI-2,f3283f727488ad98fe575ea6a5ac981e4a188e49,training,995
feca6190,unsupported_shape_change,5,1,29,0,0,1.484062522649765e-06,,,,0,0.0,0.0,0.0,,,abstained,,0,0,,,,,,1,0,0.0,0.0,0,0.0,0.0,,0,,0,0.0,,,,ARC-AGI-2,f3283f727488ad98fe575ea6a5ac981e4a188e49,training,996
ff2825db,selected,3,2,29,2,27,0.02376788097899407,0.0,0.4666666666666667,,0,0.0,0.0,1.0,moore_r2,24098.0,predicted_incorrect,von_neumann_r2,13,139,7889.0,8.0,7897.0,0.065,0.01,2,0,0.0,0.0,0,0.0,0.0,moore_r2,2,0.58,200,1.0,1.0,0.0,0.0,ARC-AGI-2,f3283f727488ad98fe575ea6a5ac981e4a188e49,training,997
ff28f65a,unsupported_shape_change,8,3,29,0,0,1.3560056686401367e-06,,,,0,0.0,0.0,0.0,,,abstained,,0,0,,,,,,3,0,0.0,0.0,0,0.0,0.0,,0,,0,0.0,,,,ARC-AGI-2,f3283f727488ad98fe575ea6a5ac981e4a188e49,training,998
ff72ca3e,no_deterministic_local_rule,4,1,29,0,29,0.01991967693902552,,,,0,0.0,0.0,0.0,,,abstained,,0,0,,,,,,1,0,0.0,0.0,0,0.0,0.0,,0,,0,0.0,,,,ARC-AGI-2,f3283f727488ad98fe575ea6a5ac981e4a188e49,training,999
ff805c23,unsupported_shape_change,3,1,29,0,0,1.4989636838436127e-06,,,4,1,0.0,0.0,0.0,,,abstained,,0,0,,,,,,1,0,0.0,0.0,0,0.0,0.0,,0,,0,0.0,,,,ARC-AGI-2,f3283f727488ad98fe575ea6a5ac981e4a188e49,training,1000
