task_id,selection_status,candidates_evaluated,exact_training_candidates,selection_seconds,program,program_kind,description_bits,wrapper_description_bits,total_description_bits,onehot_gates_per_cell_upper,outcome,labeled_pairs,pair_exact_count,pair_exact_rate,task_exact,matching_shape_pairs,cell_accuracy,scored_cells,mean_steps,max_steps,stop_reasons,dynamic_gate_upper_bound,local_dynamic_gate_upper_bound,fixed_point_detection_gate_upper_bound,median_seconds,p95_seconds,dataset,dataset_commit,split,task_index
00576224,unsupported_shape_change,0,0,3.3848918974399567e-06,,,,,,,abstained,1,0,0.0,0.0,0,,0,,,,,,,,,ARC-AGI-2,f3283f727488ad98fe575ea6a5ac981e4a188e49,training,1
007bbfb7,unsupported_shape_change,0,0,1.8749851733446121e-06,,,,,,,abstained,1,0,0.0,0.0,0,,0,,,,,,,,,ARC-AGI-2,f3283f727488ad98fe575ea6a5ac981e4a188e49,training,2
009d5c81,no_exact_program,49,0,0.0008497049566358328,,,,,,,abstained,1,0,0.0,0.0,0,,0,,,,,,,,,ARC-AGI-2,f3283f727488ad98fe575ea6a5ac981e4a188e49,training,3
00d62c1b,no_exact_program,73,0,0.004708098014816642,,,,,,,abstained,1,0,0.0,0.0,0,,0,,,,,,,,,ARC-AGI-2,f3283f727488ad98fe575ea6a5ac981e4a188e49,training,4
00dbd492,no_exact_program,49,0,0.0007497939513996243,,,,,,,abstained,1,0,0.0,0.0,0,,0,,,,,,,,,ARC-AGI-2,f3283f727488ad98fe575ea6a5ac981e4a188e49,training,5
017c7c7b,unsupported_shape_change,0,0,1.2438977137207985e-06,,,,,,,abstained,1,0,0.0,0.0,0,,0,,,,,,,,,ARC-AGI-2,f3283f727488ad98fe575ea6a5ac981e4a188e49,training,6
025d127b,no_exact_program,49,0,0.0008234790293499827,,,,,,,abstained,1,0,0.0,0.0,0,,0,,,,,,,,,ARC-AGI-2,f3283f727488ad98fe575ea6a5ac981e4a188e49,training,7
03560426,no_exact_program,49,0,0.0007241559214890003,,,,,,,abstained,1,0,0.0,0.0,0,,0,,,,,,,,,ARC-AGI-2,f3283f727488ad98fe575ea6a5ac981e4a188e49,training,8
045e512c,no_exact_program,49,0,0.0008369269780814648,,,,,,,abstained,1,0,0.0,0.0,0,,0,,,,,,,,,ARC-AGI-2,f3283f727488ad98fe575ea6a5ac981e4a188e49,training,9
0520fde7,unsupported_shape_change,0,0,1.1050142347812653e-06,,,,,,,abstained,1,0,0.0,0.0,0,,0,,,,,,,,,ARC-AGI-2,f3283f727488ad98fe575ea6a5ac981e4a188e49,training,10
05269061,no_exact_program,49,0,0.0006984719075262547,,,,,,,abstained,1,0,0.0,0.0,0,,0,,,,,,,,,ARC-AGI-2,f3283f727488ad98fe575ea6a5ac981e4a188e49,training,11
05a7bcf2,no_exact_program,49,0,0.0010421350598335266,,,,,,,abstained,1,0,0.0,0.0,0,,0,,,,,,,,,ARC-AGI-2,f3283f727488ad98fe575ea6a5ac981e4a188e49,training,12
05f2a901,no_exact_program,49,0,0.0007310600485652685,,,,,,,abstained,1,0,0.0,0.0,0,,0,,,,,,,,,ARC-AGI-2,f3283f727488ad98fe575ea6a5ac981e4a188e49,training,13
0607ce86,no_exact_program,49,0,0.0008458519587293267,,,,,,,abstained,1,0,0.0,0.0,0,,0,,,,,,,,,ARC-AGI-2,f3283f727488ad98fe575ea6a5ac981e4a188e49,training,14
0692e18c,unsupported_shape_change,0,0,1.2218952178955078e-06,,,,,,,abstained,1,0,0.0,0.0,0,,0,,,,,,,,,ARC-AGI-2,f3283f727488ad98fe575ea6a5ac981e4a188e49,training,15
06df4c85,no_exact_program,49,0,0.0008799820207059383,,,,,,,abstained,1,0,0.0,0.0,0,,0,,,,,,,,,ARC-AGI-2,f3283f727488ad98fe575ea6a5ac981e4a188e49,training,16
070dd51e,no_exact_program,49,0,0.0007774020778015256,,,,,,,abstained,1,0,0.0,0.0,0,,0,,,,,,,,,ARC-AGI-2,f3283f727488ad98fe575ea6a5ac981e4a188e49,training,17
08ed6ac7,no_exact_program,49,0,0.0006924159824848175,,,,,,,abstained,1,0,0.0,0.0,0,,0,,,,,,,,,ARC-AGI-2,f3283f727488ad98fe575ea6a5ac981e4a188e49,training,18
09629e4f,no_exact_program,49,0,0.0007775729754939675,,,,,,,abstained,1,0,0.0,0.0,0,,0,,,,,,,,,ARC-AGI-2,f3283f727488ad98fe575ea6a5ac981e4a188e49,training,19
0962bcdd,no_exact_program,49,0,0.0007341690361499786,,,,,,,abstained,1,0,0.0,0.0,0,,0,,,,,,,,,ARC-AGI-2,f3283f727488ad98fe575ea6a5ac981e4a188e49,training,20
09c534e7,no_exact_program,49,0,0.0008949700277298689,,,,,,,abstained,1,0,0.0,0.0,0,,0,,,,,,,,,ARC-AGI-2,f3283f727488ad98fe575ea6a5ac981e4a188e49,training,21
0a1d4ef5,unsupported_shape_change,0,0,1.249951310455799e-06,,,,,,,abstained,1,0,0.0,0.0,0,,0,,,,,,,,,ARC-AGI-2,f3283f727488ad98fe575ea6a5ac981e4a188e49,training,22
0a2355a6,no_exact_program,49,0,0.0007830179529264569,,,,,,,abstained,1,0,0.0,0.0,0,,0,,,,,,,,,ARC-AGI-2,f3283f727488ad98fe575ea6a5ac981e4a188e49,training,23
0a938d79,no_exact_program,49,0,0.0007949629798531532,,,,,,,abstained,1,0,0.0,0.0,0,,0,,,,,,,,,ARC-AGI-2,f3283f727488ad98fe575ea6a5ac981e4a188e49,training,24
0b148d64,unsupported_shape_change,0,0,1.1099036782979965e-06,,,,,,,abstained,1,0,0.0,0.0,0,,0,,,,,,,,,ARC-AGI-2,f3283f727488ad98fe575ea6a5ac981e4a188e49,training,25
0b17323b,no_exact_program,73,0,0.005214444012381136,,,,,,,abstained,1,0,0.0,0.0,0,,0,,,,,,,,,ARC-AGI-2,f3283f727488ad98fe575ea6a5ac981e4a188e49,training,26
0bb8deee,unsupported_shape_change,0,0,1.3620592653751373e-06,,,,,,,abstained,1,0,0.0,0.0,0,,0,,,,,,,,,ARC-AGI-2,f3283f727488ad98fe575ea6a5ac981e4a188e49,training,27
0becf7df,no_exact_program,49,0,0.000728290993720293,,,,,,,abstained,1,0,0.0,0.0,0,,0,,,,,,,,,ARC-AGI-2,f3283f727488ad98fe575ea6a5ac981e4a188e49,training,28
0c786b71,unsupported_shape_change,0,0,1.1150259524583817e-06,,,,,,,abstained,1,0,0.0,0.0,0,,0,,,,,,,,,ARC-AGI-2,f3283f727488ad98fe575ea6a5ac981e4a188e49,training,29
0c9aba6e,unsupported_shape_change,0,0,1.0399380698800087e-06,,,,,,,abstained,1,0,0.0,0.0,0,,0,,,,,,,,,ARC-AGI-2,f3283f727488ad98fe575ea6a5ac981e4a188e49,training,30
0ca9ddb6,no_exact_program,49,0,0.0007119900546967983,,,,,,,abstained,1,0,0.0,0.0,0,,0,,,,,,,,,ARC-AGI-2,f3283f727488ad98fe575ea6a5ac981e4a188e49,training,31
0d3d703e,no_exact_program,49,0,0.0006916680140420794,,,,,,,abstained,1,0,0.0,0.0,0,,0,,,,,,,,,ARC-AGI-2,f3283f727488ad98fe575ea6a5ac981e4a188e49,training,32
0d87d2a6,no_exact_program,49,0,0.0007653819629922509,,,,,,,abstained,1,0,0.0,0.0,0,,0,,,,,,,,,ARC-AGI-2,f3283f727488ad98fe575ea6a5ac981e4a188e49,training,33
0e206a2e,no_exact_program,49,0,0.000763345044106245,,,,,,,abstained,1,0,0.0,0.0,0,,0,,,,,,,,,ARC-AGI-2,f3283f727488ad98fe575ea6a5ac981e4a188e49,training,34
0e671a1a,no_exact_program,97,0,0.011518648942001164,,,,,,,abstained,1,0,0.0,0.0,0,,0,,,,,,,,,ARC-AGI-2,f3283f727488ad98fe575ea6a5ac981e4a188e49,training,35
0f63c0b9,no_exact_program,49,0,0.0008308090036734939,,,,,,,abstained,1,0,0.0,0.0,0,,0,,,,,,,,,ARC-AGI-2,f3283f727488ad98fe575ea6a5ac981e4a188e49,training,36
103eff5b,no_exact_program,49,0,0.0007465099915862083,,,,,,,abstained,1,0,0.0,0.0,0,,0,,,,,,,,,ARC-AGI-2,f3283f727488ad98fe575ea6a5ac981e4a188e49,training,37
10fcaaa3,unsupported_shape_change,0,0,1.0679941624403e-06,,,,,,,abstained,1,0,0.0,0.0,0,,0,,,,,,,,,ARC-AGI-2,f3283f727488ad98fe575ea6a5ac981e4a188e49,training,38
11852cab,no_exact_program,49,0,0.0007157580694183707,,,,,,,abstained,1,0,0.0,0.0,0,,0,,,,,,,,,ARC-AGI-2,f3283f727488ad98fe575ea6a5ac981e4a188e49,training,39
1190bc91,no_exact_program,49,0,0.0007180260727182031,,,,,,,abstained,1,0,0.0,0.0,0,,0,,,,,,,,,ARC-AGI-2,f3283f727488ad98fe575ea6a5ac981e4a188e49,training,40
1190e5a7,unsupported_shape_change,0,0,1.1230586096644402e-06,,,,,,,abstained,1,0,0.0,0.0,0,,0,,,,,,,,,ARC-AGI-2,f3283f727488ad98fe575ea6a5ac981e4a188e49,training,41
11dc524f,no_exact_program,49,0,0.0007420750334858894,,,,,,,abstained,1,0,0.0,0.0,0,,0,,,,,,,,,ARC-AGI-2,f3283f727488ad98fe575ea6a5ac981e4a188e49,training,42
11e1fe23,no_exact_program,49,0,0.0007086779223755002,,,,,,,abstained,1,0,0.0,0.0,0,,0,,,,,,,,,ARC-AGI-2,f3283f727488ad98fe575ea6a5ac981e4a188e49,training,43
12422b43,no_exact_program,49,0,0.0007222670828923583,,,,,,,abstained,1,0,0.0,0.0,0,,0,,,,,,,,,ARC-AGI-2,f3283f727488ad98fe575ea6a5ac981e4a188e49,training,44
12997ef3,unsupported_shape_change,0,0,1.1860392987728119e-06,,,,,,,abstained,2,0,0.0,0.0,0,,0,,,,,,,,,ARC-AGI-2,f3283f727488ad98fe575ea6a5ac981e4a188e49,training,45
12eac192,no_exact_program,49,0,0.0007117809727787971,,,,,,,abstained,1,0,0.0,0.0,0,,0,,,,,,,,,ARC-AGI-2,f3283f727488ad98fe575ea6a5ac981e4a188e49,training,46
13713586,no_exact_program,49,0,0.0007841130718588829,,,,,,,abstained,1,0,0.0,0.0,0,,0,,,,,,,,,ARC-AGI-2,f3283f727488ad98fe575ea6a5ac981e4a188e49,training,47
137eaa0f,unsupported_shape_change,0,0,1.125037670135498e-06,,,,,,,abstained,1,0,0.0,0.0,0,,0,,,,,,,,,ARC-AGI-2,f3283f727488ad98fe575ea6a5ac981e4a188e49,training,48
137f0df0,no_exact_program,49,0,0.0007261030841618776,,,,,,,abstained,1,0,0.0,0.0,0,,0,,,,,,,,,ARC-AGI-2,f3283f727488ad98fe575ea6a5ac981e4a188e49,training,49
13f06aa5,no_exact_program,49,0,0.0007819889578968287,,,,,,,abstained,1,0,0.0,0.0,0,,0,,,,,,,,,ARC-AGI-2,f3283f727488ad98fe575ea6a5ac981e4a188e49,training,50
140c817e,no_exact_program,49,0,0.0007363719632849097,,,,,,,abstained,1,0,0.0,0.0,0,,0,,,,,,,,,ARC-AGI-2,f3283f727488ad98fe575ea6a5ac981e4a188e49,training,51
14754a24,no_exact_program,85,0,0.0070558550069108605,,,,,,,abstained,1,0,0.0,0.0,0,,0,,,,,,,,,ARC-AGI-2,f3283f727488ad98fe575ea6a5ac981e4a188e49,training,52
1478ab18,no_exact_program,73,0,0.004605791065841913,,,,,,,abstained,1,0,0.0,0.0,0,,0,,,,,,,,,ARC-AGI-2,f3283f727488ad98fe575ea6a5ac981e4a188e49,training,53
14b8e18c,no_exact_program,85,0,0.006146166007965803,,,,,,,abstained,1,0,0.0,0.0,0,,0,,,,,,,,,ARC-AGI-2,f3283f727488ad98fe575ea6a5ac981e4a188e49,training,54
150deff5,no_exact_program,49,0,0.0007133890176191926,,,,,,,abstained,1,0,0.0,0.0,0,,0,,,,,,,,,ARC-AGI-2,f3283f727488ad98fe575ea6a5ac981e4a188e49,training,55
15113be4,no_exact_program,49,0,0.0008788900449872017,,,,,,,abstained,1,0,0.0,0.0,0,,0,,,,,,,,,ARC-AGI-2,f3283f727488ad98fe575ea6a5ac981e4a188e49,training,56
15660dd6,unsupported_shape_change,0,0,1.4499528333544731e-06,,,,,,,abstained,1,0,0.0,0.0,0,,0,,,,,,,,,ARC-AGI-2,f3283f727488ad98fe575ea6a5ac981e4a188e49,training,57
15663ba9,no_exact_program,49,0,0.0007651189807802439,,,,,,,abstained,1,0,0.0,0.0,0,,0,,,,,,,,,ARC-AGI-2,f3283f727488ad98fe575ea6a5ac981e4a188e49,training,58
15696249,unsupported_shape_change,0,0,1.3200333341956139e-06,,,,,,,abstained,1,0,0.0,0.0,0,,0,,,,,,,,,ARC-AGI-2,f3283f727488ad98fe575ea6a5ac981e4a188e49,training,59
17829a00,no_exact_program,49,0,0.000749030034057796,,,,,,,abstained,1,0,0.0,0.0,0,,0,,,,,,,,,ARC-AGI-2,f3283f727488ad98fe575ea6a5ac981e4a188e49,training,60
178fcbfb,no_exact_program,49,0,0.0007148240692913532,,,,,,,abstained,1,0,0.0,0.0,0,,0,,,,,,,,,ARC-AGI-2,f3283f727488ad98fe575ea6a5ac981e4a188e49,training,61
17b80ad2,no_exact_program,49,0,0.0007616870570927858,,,,,,,abstained,1,0,0.0,0.0,0,,0,,,,,,,,,ARC-AGI-2,f3283f727488ad98fe575ea6a5ac981e4a188e49,training,62
17b866bd,no_exact_program,49,0,0.0007596639916300774,,,,,,,abstained,2,0,0.0,0.0,0,,0,,,,,,,,,ARC-AGI-2,f3283f727488ad98fe575ea6a5ac981e4a188e49,training,63
17cae0c1,no_exact_program,49,0,0.0007097079651430249,,,,,,,abstained,1,0,0.0,0.0,0,,0,,,,,,,,,ARC-AGI-2,f3283f727488ad98fe575ea6a5ac981e4a188e49,training,64
18286ef8,no_exact_program,49,0,0.0007282049627974629,,,,,,,abstained,1,0,0.0,0.0,0,,0,,,,,,,,,ARC-AGI-2,f3283f727488ad98fe575ea6a5ac981e4a188e49,training,65
182e5d0f,no_exact_program,49,0,0.0007514660246670246,,,,,,,abstained,1,0,0.0,0.0,0,,0,,,,,,,,,ARC-AGI-2,f3283f727488ad98fe575ea6a5ac981e4a188e49,training,66
18419cfa,no_exact_program,73,0,0.005685355979949236,,,,,,,abstained,1,0,0.0,0.0,0,,0,,,,,,,,,ARC-AGI-2,f3283f727488ad98fe575ea6a5ac981e4a188e49,training,67
18447a8d,no_exact_program,49,0,0.0007421149639412761,,,,,,,abstained,1,0,0.0,0.0,0,,0,,,,,,,,,ARC-AGI-2,f3283f727488ad98fe575ea6a5ac981e4a188e49,training,68
184a9768,no_exact_program,49,0,0.0008545620366930962,,,,,,,abstained,1,0,0.0,0.0,0,,0,,,,,,,,,ARC-AGI-2,f3283f727488ad98fe575ea6a5ac981e4a188e49,training,69
195ba7dc,unsupported_shape_change,0,0,1.125037670135498e-06,,,,,,,abstained,1,0,0.0,0.0,0,,0,,,,,,,,,ARC-AGI-2,f3283f727488ad98fe575ea6a5ac981e4a188e49,training,70
1990f7a8,unsupported_shape_change,0,0,1.101987436413765e-06,,,,,,,abstained,1,0,0.0,0.0,0,,0,,,,,,,,,ARC-AGI-2,f3283f727488ad98fe575ea6a5ac981e4a188e49,training,71
19bb5feb,unsupported_shape_change,0,0,1.042964868247509e-06,,,,,,,abstained,1,0,0.0,0.0,0,,0,,,,,,,,,ARC-AGI-2,f3283f727488ad98fe575ea6a5ac981e4a188e49,training,72
1a07d186,no_exact_program,49,0,0.0008377280319109559,,,,,,,abstained,1,0,0.0,0.0,0,,0,,,,,,,,,ARC-AGI-2,f3283f727488ad98fe575ea6a5ac981e4a188e49,training,73
1a244afd,no_exact_program,49,0,0.0007623770507052541,,,,,,,abstained,1,0,0.0,0.0,0,,0,,,,,,,,,ARC-AGI-2,f3283f727488ad98fe575ea6a5ac981e4a188e49,training,74
1a2e2828,unsupported_shape_change,0,0,1.2799864634871483e-06,,,,,,,abstained,1,0,0.0,0.0,0,,0,,,,,,,,,ARC-AGI-2,f3283f727488ad98fe575ea6a5ac981e4a188e49,training,75
1a6449f1,unsupported_shape_change,0,0,1.0549556463956833e-06,,,,,,,abstained,1,0,0.0,0.0,0,,0,,,,,,,,,ARC-AGI-2,f3283f727488ad98fe575ea6a5ac981e4a188e49,training,76
1acc24af,no_exact_program,85,0,0.006131479982286692,,,,,,,abstained,1,0,0.0,0.0,0,,0,,,,,,,,,ARC-AGI-2,f3283f727488ad98fe575ea6a5ac981e4a188e49,training,77
1b2d62fb,unsupported_shape_change,0,0,1.3100216165184975e-06,,,,,,,abstained,1,0,0.0,0.0,0,,0,,,,,,,,,ARC-AGI-2,f3283f727488ad98fe575ea6a5ac981e4a188e49,training,78
1b59e163,no_exact_program,49,0,0.0007626520236954093,,,,,,,abstained,1,0,0.0,0.0,0,,0,,,,,,,,,ARC-AGI-2,f3283f727488ad98fe575ea6a5ac981e4a188e49,training,79
1b60fb0c,no_exact_program,73,0,0.00459282798692584,,,,,,,abstained,1,0,0.0,0.0,0,,0,,,,,,,,,ARC-AGI-2,f3283f727488ad98fe575ea6a5ac981e4a188e49,training,80
1b8318e3,no_exact_program,49,0,0.000744872959330678,,,,,,,abstained,1,0,0.0,0.0,0,,0,,,,,,,,,ARC-AGI-2,f3283f727488ad98fe575ea6a5ac981e4a188e49,training,81
1be83260,unsupported_shape_change,0,0,1.334003172814846e-06,,,,,,,abstained,2,0,0.0,0.0,0,,0,,,,,,,,,ARC-AGI-2,f3283f727488ad98fe575ea6a5ac981e4a188e49,training,82
1bfc4729,no_exact_program,49,0,0.0007047529798001051,,,,,,,abstained,1,0,0.0,0.0,0,,0,,,,,,,,,ARC-AGI-2,f3283f727488ad98fe575ea6a5ac981e4a188e49,training,83
1c02dbbe,no_exact_program,49,0,0.0007655139779672027,,,,,,,abstained,1,0,0.0,0.0,0,,0,,,,,,,,,ARC-AGI-2,f3283f727488ad98fe575ea6a5ac981e4a188e49,training,84
1c0d0a4b,no_exact_program,49,0,0.0007445879746228456,,,,,,,abstained,1,0,0.0,0.0,0,,0,,,,,,,,,ARC-AGI-2,f3283f727488ad98fe575ea6a5ac981e4a188e49,training,85
1c56ad9f,no_exact_program,49,0,0.0008146360050886869,,,,,,,abstained,1,0,0.0,0.0,0,,0,,,,,,,,,ARC-AGI-2,f3283f727488ad98fe575ea6a5ac981e4a188e49,training,86
1c786137,unsupported_shape_change,0,0,1.2479722499847412e-06,,,,,,,abstained,1,0,0.0,0.0,0,,0,,,,,,,,,ARC-AGI-2,f3283f727488ad98fe575ea6a5ac981e4a188e49,training,87
1caeab9d,no_exact_program,49,0,0.0007073419401422143,,,,,,,abstained,1,0,0.0,0.0,0,,0,,,,,,,,,ARC-AGI-2,f3283f727488ad98fe575ea6a5ac981e4a188e49,training,88
1cf80156,unsupported_shape_change,0,0,1.0849907994270325e-06,,,,,,,abstained,1,0,0.0,0.0,0,,0,,,,,,,,,ARC-AGI-2,f3283f727488ad98fe575ea6a5ac981e4a188e49,training,89
1d0a4b61,no_exact_program,49,0,0.0009234659373760223,,,,,,,abstained,1,0,0.0,0.0,0,,0,,,,,,,,,ARC-AGI-2,f3283f727488ad98fe575ea6a5ac981e4a188e49,training,90
1d398264,no_exact_program,49,0,0.0007720889989286661,,,,,,,abstained,2,0,0.0,0.0,0,,0,,,,,,,,,ARC-AGI-2,f3283f727488ad98fe575ea6a5ac981e4a188e49,training,91
1d61978c,no_exact_program,49,0,0.0007246700115501881,,,,,,,abstained,1,0,0.0,0.0,0,,0,,,,,,,,,ARC-AGI-2,f3283f727488ad98fe575ea6a5ac981e4a188e49,training,92
1da012fc,no_exact_program,49,0,0.0007587970467284322,,,,,,,abstained,1,0,0.0,0.0,0,,0,,,,,,,,,ARC-AGI-2,f3283f727488ad98fe575ea6a5ac981e4a188e49,training,93
1e0a9b12,no_exact_program,49,0,0.0006837149849161506,,,,,,,abstained,1,0,0.0,0.0,0,,0,,,,,,,,,ARC-AGI-2,f3283f727488ad98fe575ea6a5ac981e4a188e49,training,94
1e32b0e9,no_exact_program,49,0,0.0007733210222795606,,,,,,,abstained,1,0,0.0,0.0,0,,0,,,,,,,,,ARC-AGI-2,f3283f727488ad98fe575ea6a5ac981e4a188e49,training,95
1e5d6875,no_exact_program,49,0,0.0006915630074217916,,,,,,,abstained,1,0,0.0,0.0,0,,0,,,,,,,,,ARC-AGI-2,f3283f727488ad98fe575ea6a5ac981e4a188e49,training,96
1e81d6f9,no_exact_program,49,0,0.0007447820389643312,,,,,,,abstained,1,0,0.0,0.0,0,,0,,,,,,,,,ARC-AGI-2,f3283f727488ad98fe575ea6a5ac981e4a188e49,training,97
1efba499,no_exact_program,49,0,0.0007639629766345024,,,,,,,abstained,1,0,0.0,0.0,0,,0,,,,,,,,,ARC-AGI-2,f3283f727488ad98fe575ea6a5ac981e4a188e49,training,98
1f0c79e5,no_exact_program,49,0,0.0007195790531113744,,,,,,,abstained,1,0,0.0,0.0,0,,0,,,,,,,,,ARC-AGI-2,f3283f727488ad98fe575ea6a5ac981e4a188e49,training,99
1f642eb9,no_exact_program,49,0,0.0007076270412653685,,,,,,,abstained,1,0,0.0,0.0,0,,0,,,,,,,,,ARC-AGI-2,f3283f727488ad98fe575ea6a5ac981e4a188e49,training,100
1f85a75f,unsupported_shape_change,0,0,1.2479722499847412e-06,,,,,,,abstained,1,0,0.0,0.0,0,,0,,,,,,,,,ARC-AGI-2,f3283f727488ad98fe575ea6a5ac981e4a188e49,training,101
1f876c06,no_exact_program,49,0,0.0007091460283845663,,,,,,,abstained,1,0,0.0,0.0,0,,0,,,,,,,,,ARC-AGI-2,f3283f727488ad98fe575ea6a5ac981e4a188e49,training,102
1fad071e,unsupported_shape_change,0,0,1.0189833119511604e-06,,,,,,,abstained,1,0,0.0,0.0,0,,0,,,,,,,,,ARC-AGI-2,f3283f727488ad98fe575ea6a5ac981e4a188e49,training,103
2013d3e2,unsupported_shape_change,0,0,9.030336514115334e-07,,,,,,,abstained,1,0,0.0,0.0,0,,0,,,,,,,,,ARC-AGI-2,f3283f727488ad98fe575ea6a5ac981e4a188e49,training,104
2037f2c7,unsupported_shape_change,0,0,1.0099029168486595e-06,,,,,,,abstained,1,0,0.0,0.0,0,,0,,,,,,,,,ARC-AGI-2,f3283f727488ad98fe575ea6a5ac981e4a188e49,training,105
2072aba6,unsupported_shape_change,0,0,9.579816833138466e-07,,,,,,,abstained,1,0,0.0,0.0,0,,0,,,,,,,,,ARC-AGI-2,f3283f727488ad98fe575ea6a5ac981e4a188e49,training,106
20818e16,unsupported_shape_change,0,0,9.51928086578846e-07,,,,,,,abstained,1,0,0.0,0.0,0,,0,,,,,,,,,ARC-AGI-2,f3283f727488ad98fe575ea6a5ac981e4a188e49,training,107
20981f0e,no_exact_program,49,0,0.0007828118978068233,,,,,,,abstained,1,0,0.0,0.0,0,,0,,,,,,,,,ARC-AGI-2,f3283f727488ad98fe575ea6a5ac981e4a188e49,training,108
20fb2937,unsupported_shape_change,0,0,1.1830125004053116e-06,,,,,,,abstained,1,0,0.0,0.0,0,,0,,,,,,,,,ARC-AGI-2,f3283f727488ad98fe575ea6a5ac981e4a188e49,training,109
212895b5,no_exact_program,49,0,0.0007934710010886192,,,,,,,abstained,1,0,0.0,0.0,0,,0,,,,,,,,,ARC-AGI-2,f3283f727488ad98fe575ea6a5ac981e4a188e49,training,110
21f83797,no_exact_program,49,0,0.0007120399968698621,,,,,,,abstained,1,0,0.0,0.0,0,,0,,,,,,,,,ARC-AGI-2,f3283f727488ad98fe575ea6a5ac981e4a188e49,training,111
2204b7a8,no_exact_program,49,0,0.0007017879979684949,,,,,,,abstained,1,0,0.0,0.0,0,,0,,,,,,,,,ARC-AGI-2,f3283f727488ad98fe575ea6a5ac981e4a188e49,training,112
22168020,no_exact_program,49,0,0.0011967259924858809,,,,,,,abstained,1,0,0.0,0.0,0,,0,,,,,,,,,ARC-AGI-2,f3283f727488ad98fe575ea6a5ac981e4a188e49,training,113
22208ba4,no_exact_program,49,0,0.000859519001096487,,,,,,,abstained,1,0,0.0,0.0,0,,0,,,,,,,,,ARC-AGI-2,f3283f727488ad98fe575ea6a5ac981e4a188e49,training,114
22233c11,no_exact_program,73,0,0.004857682972215116,,,,,,,abstained,1,0,0.0,0.0,0,,0,,,,,,,,,ARC-AGI-2,f3283f727488ad98fe575ea6a5ac981e4a188e49,training,115
22425bda,unsupported_shape_change,0,0,1.3459939509630203e-06,,,,,,,abstained,1,0,0.0,0.0,0,,0,,,,,,,,,ARC-AGI-2,f3283f727488ad98fe575ea6a5ac981e4a188e49,training,116
22806e14,no_exact_program,49,0,0.0007737249834463,,,,,,,abstained,1,0,0.0,0.0,0,,0,,,,,,,,,ARC-AGI-2,f3283f727488ad98fe575ea6a5ac981e4a188e49,training,117
2281f1f4,no_exact_program,73,0,0.005032382090575993,,,,,,,abstained,1,0,0.0,0.0,0,,0,,,,,,,,,ARC-AGI-2,f3283f727488ad98fe575ea6a5ac981e4a188e49,training,118
228f6490,no_exact_program,49,0,0.0007795289857313037,,,,,,,abstained,1,0,0.0,0.0,0,,0,,,,,,,,,ARC-AGI-2,f3283f727488ad98fe575ea6a5ac981e4a188e49,training,119
22a4bbc2,no_exact_program,49,0,0.0007389920065179467,,,,,,,abstained,1,0,0.0,0.0,0,,0,,,,,,,,,ARC-AGI-2,f3283f727488ad98fe575ea6a5ac981e4a188e49,training,120
22eb0ac0,no_exact_program,49,0,0.0007261040154844522,,,,,,,abstained,1,0,0.0,0.0,0,,0,,,,,,,,,ARC-AGI-2,f3283f727488ad98fe575ea6a5ac981e4a188e49,training,121
230f2e48,no_exact_program,49,0,0.0007379439193755388,,,,,,,abstained,1,0,0.0,0.0,0,,0,,,,,,,,,ARC-AGI-2,f3283f727488ad98fe575ea6a5ac981e4a188e49,training,122
234bbc79,unsupported_shape_change,0,0,1.1989613994956017e-06,,,,,,,abstained,1,0,0.0,0.0,0,,0,,,,,,,,,ARC-AGI-2,f3283f727488ad98fe575ea6a5ac981e4a188e49,training,123
23581191,no_exact_program,49,0,0.0007154089398682117,,,,,,,abstained,1,0,0.0,0.0,0,,0,,,,,,,,,ARC-AGI-2,f3283f727488ad98fe575ea6a5ac981e4a188e49,training,124
239be575,unsupported_shape_change,0,0,1.1570518836379051e-06,,,,,,,abstained,2,0,0.0,0.0,0,,0,,,,,,,,,ARC-AGI-2,f3283f727488ad98fe575ea6a5ac981e4a188e49,training,125
23b5c85d,unsupported_shape_change,0,0,9.379582479596138e-07,,,,,,,abstained,1,0,0.0,0.0,0,,0,,,,,,,,,ARC-AGI-2,f3283f727488ad98fe575ea6a5ac981e4a188e49,training,126
25094a63,no_exact_program,49,0,0.0009305219864472747,,,,,,,abstained,1,0,0.0,0.0,0,,0,,,,,,,,,ARC-AGI-2,f3283f727488ad98fe575ea6a5ac981e4a188e49,training,127
252143c9,no_exact_program,49,0,0.0007219930412247777,,,,,,,abstained,1,0,0.0,0.0,0,,0,,,,,,,,,ARC-AGI-2,f3283f727488ad98fe575ea6a5ac981e4a188e49,training,128
253bf280,no_exact_program,73,0,0.004807293065823615,,,,,,,abstained,1,0,0.0,0.0,0,,0,,,,,,,,,ARC-AGI-2,f3283f727488ad98fe575ea6a5ac981e4a188e49,training,129
2546ccf6,no_exact_program,49,0,0.0007728729397058487,,,,,,,abstained,1,0,0.0,0.0,0,,0,,,,,,,,,ARC-AGI-2,f3283f727488ad98fe575ea6a5ac981e4a188e49,training,130
256b0a75,no_exact_program,49,0,0.000946688000112772,,,,,,,abstained,1,0,0.0,0.0,0,,0,,,,,,,,,ARC-AGI-2,f3283f727488ad98fe575ea6a5ac981e4a188e49,training,131
25c199f5,unsupported_shape_change,0,0,1.2330710887908936e-06,,,,,,,abstained,2,0,0.0,0.0,0,,0,,,,,,,,,ARC-AGI-2,f3283f727488ad98fe575ea6a5ac981e4a188e49,training,132
25d487eb,no_exact_program,49,0,0.0007438489701598883,,,,,,,abstained,1,0,0.0,0.0,0,,0,,,,,,,,,ARC-AGI-2,f3283f727488ad98fe575ea6a5ac981e4a188e49,training,133
25d8a9c8,no_exact_program,49,0,0.0007013579597696662,,,,,,,abstained,1,0,0.0,0.0,0,,0,,,,,,,,,ARC-AGI-2,f3283f727488ad98fe575ea6a5ac981e4a188e49,training,134
25e02866,unsupported_shape_change,0,0,1.3819662854075432e-06,,,,,,,abstained,1,0,0.0,0.0,0,,0,,,,,,,,,ARC-AGI-2,f3283f727488ad98fe575ea6a5ac981e4a188e49,training,135
25ff71a9,selected,49,1,0.000754473963752389,copy_offset:-1:0:0,copy_offset,22.0,8.0,30.0,0.0,solved,2,2,1.0,1.0,2,1.0,18,1.0,1.0,one_step;one_step,0.0,0.0,0.0,2.2471998818218708e-05,2.971501089632511e-05,ARC-AGI-2,f3283f727488ad98fe575ea6a5ac981e4a188e49,training,136
2601afb7,no_exact_program,49,0,0.0007367300568148494,,,,,,,abstained,1,0,0.0,0.0,0,,0,,,,,,,,,ARC-AGI-2,f3283f727488ad98fe575ea6a5ac981e4a188e49,training,137
264363fd,no_exact_program,49,0,0.0010194380301982164,,,,,,,abstained,1,0,0.0,0.0,0,,0,,,,,,,,,ARC-AGI-2,f3283f727488ad98fe575ea6a5ac981e4a188e49,training,138
2685904e,no_exact_program,49,0,0.0007614759961143136,,,,,,,abstained,1,0,0.0,0.0,0,,0,,,,,,,,,ARC-AGI-2,f3283f727488ad98fe575ea6a5ac981e4a188e49,training,139
2697da3f,unsupported_shape_change,0,0,1.1459924280643463e-06,,,,,,,abstained,1,0,0.0,0.0,0,,0,,,,,,,,,ARC-AGI-2,f3283f727488ad98fe575ea6a5ac981e4a188e49,training,140
272f95fa,no_exact_program,49,0,0.0007453529397025704,,,,,,,abstained,1,0,0.0,0.0,0,,0,,,,,,,,,ARC-AGI-2,f3283f727488ad98fe575ea6a5ac981e4a188e49,training,141
2753e76c,unsupported_shape_change,0,0,1.1469237506389618e-06,,,,,,,abstained,1,0,0.0,0.0,0,,0,,,,,,,,,ARC-AGI-2,f3283f727488ad98fe575ea6a5ac981e4a188e49,training,142
278e5215,unsupported_shape_change,0,0,1.1599622666835785e-06,,,,,,,abstained,1,0,0.0,0.0,0,,0,,,,,,,,,ARC-AGI-2,f3283f727488ad98fe575ea6a5ac981e4a188e49,training,143
27a28665,unsupported_shape_change,0,0,1.134001649916172e-06,,,,,,,abstained,3,0,0.0,0.0,0,,0,,,,,,,,,ARC-AGI-2,f3283f727488ad98fe575ea6a5ac981e4a188e49,training,144
27a77e38,no_exact_program,49,0,0.0006887950003147125,,,,,,,abstained,1,0,0.0,0.0,0,,0,,,,,,,,,ARC-AGI-2,f3283f727488ad98fe575ea6a5ac981e4a188e49,training,145
27f8ce4f,unsupported_shape_change,0,0,1.0119983926415443e-06,,,,,,,abstained,1,0,0.0,0.0,0,,0,,,,,,,,,ARC-AGI-2,f3283f727488ad98fe575ea6a5ac981e4a188e49,training,146
281123b4,unsupported_shape_change,0,0,1.0450603440403938e-06,,,,,,,abstained,1,0,0.0,0.0,0,,0,,,,,,,,,ARC-AGI-2,f3283f727488ad98fe575ea6a5ac981e4a188e49,training,147
28bf18c6,unsupported_shape_change,0,0,9.180512279272079e-07,,,,,,,abstained,1,0,0.0,0.0,0,,0,,,,,,,,,ARC-AGI-2,f3283f727488ad98fe575ea6a5ac981e4a188e49,training,148
28e73c20,no_exact_program,61,0,0.0026021290104836226,,,,,,,abstained,1,0,0.0,0.0,0,,0,,,,,,,,,ARC-AGI-2,f3283f727488ad98fe575ea6a5ac981e4a188e49,training,149
292dd178,no_exact_program,49,0,0.0007712909718975425,,,,,,,abstained,1,0,0.0,0.0,0,,0,,,,,,,,,ARC-AGI-2,f3283f727488ad98fe575ea6a5ac981e4a188e49,training,150
29623171,no_exact_program,49,0,0.000731540028937161,,,,,,,abstained,1,0,0.0,0.0,0,,0,,,,,,,,,ARC-AGI-2,f3283f727488ad98fe575ea6a5ac981e4a188e49,training,151
29700607,no_exact_program,49,0,0.0007304259343072772,,,,,,,abstained,1,0,0.0,0.0,0,,0,,,,,,,,,ARC-AGI-2,f3283f727488ad98fe575ea6a5ac981e4a188e49,training,152
29c11459,no_exact_program,49,0,0.0006866450421512127,,,,,,,abstained,1,0,0.0,0.0,0,,0,,,,,,,,,ARC-AGI-2,f3283f727488ad98fe575ea6a5ac981e4a188e49,training,153
2a28add5,no_exact_program,49,0,0.0007040610071271658,,,,,,,abstained,1,0,0.0,0.0,0,,0,,,,,,,,,ARC-AGI-2,f3283f727488ad98fe575ea6a5ac981e4a188e49,training,154
2a5f8217,no_exact_program,49,0,0.0007108559366315603,,,,,,,abstained,1,0,0.0,0.0,0,,0,,,,,,,,,ARC-AGI-2,f3283f727488ad98fe575ea6a5ac981e4a188e49,training,155
2b01abd0,no_exact_program,49,0,0.0007248639594763517,,,,,,,abstained,1,0,0.0,0.0,0,,0,,,,,,,,,ARC-AGI-2,f3283f727488ad98fe575ea6a5ac981e4a188e49,training,156
2b9ef948,no_exact_program,49,0,0.0010518900817260146,,,,,,,abstained,2,0,0.0,0.0,0,,0,,,,,,,,,ARC-AGI-2,f3283f727488ad98fe575ea6a5ac981e4a188e49,training,157
2bcee788,no_exact_program,49,0,0.0007674789521843195,,,,,,,abstained,1,0,0.0,0.0,0,,0,,,,,,,,,ARC-AGI-2,f3283f727488ad98fe575ea6a5ac981e4a188e49,training,158
2bee17df,no_exact_program,85,0,0.007442916044965386,,,,,,,abstained,1,0,0.0,0.0,0,,0,,,,,,,,,ARC-AGI-2,f3283f727488ad98fe575ea6a5ac981e4a188e49,training,159
2c0b0aff,unsupported_shape_change,0,0,1.4419201761484146e-06,,,,,,,abstained,1,0,0.0,0.0,0,,0,,,,,,,,,ARC-AGI-2,f3283f727488ad98fe575ea6a5ac981e4a188e49,training,160
2c608aff,no_exact_program,49,0,0.0007585609564557672,,,,,,,abstained,1,0,0.0,0.0,0,,0,,,,,,,,,ARC-AGI-2,f3283f727488ad98fe575ea6a5ac981e4a188e49,training,161
2c737e39,no_exact_program,49,0,0.0007156539941206574,,,,,,,abstained,1,0,0.0,0.0,0,,0,,,,,,,,,ARC-AGI-2,f3283f727488ad98fe575ea6a5ac981e4a188e49,training,162
2ccd9fef,unsupported_shape_change,0,0,1.2560049071907997e-06,,,,,,,abstained,2,0,0.0,0.0,0,,0,,,,,,,,,ARC-AGI-2,f3283f727488ad98fe575ea6a5ac981e4a188e49,training,163
2dc579da,unsupported_shape_change,0,0,9.869690984487534e-07,,,,,,,abstained,1,0,0.0,0.0,0,,0,,,,,,,,,ARC-AGI-2,f3283f727488ad98fe575ea6a5ac981e4a188e49,training,164
2dd70a9a,no_exact_program,85,0,0.008211183012463152,,,,,,,abstained,1,0,0.0,0.0,0,,0,,,,,,,,,ARC-AGI-2,f3283f727488ad98fe575ea6a5ac981e4a188e49,training,165
2de01db2,no_exact_program,49,0,0.0007195021025836468,,,,,,,abstained,1,0,0.0,0.0,0,,0,,,,,,,,,ARC-AGI-2,f3283f727488ad98fe575ea6a5ac981e4a188e49,training,166
2dee498d,unsupported_shape_change,0,0,1.3479730114340782e-06,,,,,,,abstained,1,0,0.0,0.0,0,,0,,,,,,,,,ARC-AGI-2,f3283f727488ad98fe575ea6a5ac981e4a188e49,training,167
2e65ae53,no_exact_program,49,0,0.0008962679421529174,,,,,,,abstained,1,0,0.0,0.0,0,,0,,,,,,,,,ARC-AGI-2,f3283f727488ad98fe575ea6a5ac981e4a188e49,training,168
2f0c5170,unsupported_shape_change,0,0,1.3210810720920563e-06,,,,,,,abstained,1,0,0.0,0.0,0,,0,,,,,,,,,ARC-AGI-2,f3283f727488ad98fe575ea6a5ac981e4a188e49,training,169
2f767503,no_exact_program,85,0,0.006359013961628079,,,,,,,abstained,1,0,0.0,0.0,0,,0,,,,,,,,,ARC-AGI-2,f3283f727488ad98fe575ea6a5ac981e4a188e49,training,170
2faf500b,no_exact_program,49,0,0.0007408380042761564,,,,,,,abstained,1,0,0.0,0.0,0,,0,,,,,,,,,ARC-AGI-2,f3283f727488ad98fe575ea6a5ac981e4a188e49,training,171
305b1341,no_exact_program,49,0,0.0008446549763903022,,,,,,,abstained,1,0,0.0,0.0,0,,0,,,,,,,,,ARC-AGI-2,f3283f727488ad98fe575ea6a5ac981e4a188e49,training,172
30f42897,no_exact_program,49,0,0.0007482029031962156,,,,,,,abstained,1,0,0.0,0.0,0,,0,,,,,,,,,ARC-AGI-2,f3283f727488ad98fe575ea6a5ac981e4a188e49,training,173
310f3251,unsupported_shape_change,0,0,1.1530937626957893e-06,,,,,,,abstained,1,0,0.0,0.0,0,,0,,,,,,,,,ARC-AGI-2,f3283f727488ad98fe575ea6a5ac981e4a188e49,training,174
3194b014,unsupported_shape_change,0,0,1.027015969157219e-06,,,,,,,abstained,1,0,0.0,0.0,0,,0,,,,,,,,,ARC-AGI-2,f3283f727488ad98fe575ea6a5ac981e4a188e49,training,175
319f2597,no_exact_program,49,0,0.0008262030314654112,,,,,,,abstained,1,0,0.0,0.0,0,,0,,,,,,,,,ARC-AGI-2,f3283f727488ad98fe575ea6a5ac981e4a188e49,training,176
31aa019c,no_exact_program,49,0,0.000722754979506135,,,,,,,abstained,1,0,0.0,0.0,0,,0,,,,,,,,,ARC-AGI-2,f3283f727488ad98fe575ea6a5ac981e4a188e49,training,177
31adaf00,no_exact_program,73,0,0.0043750019976869226,,,,,,,abstained,1,0,0.0,0.0,0,,0,,,,,,,,,ARC-AGI-2,f3283f727488ad98fe575ea6a5ac981e4a188e49,training,178
31d5ba1a,unsupported_shape_change,0,0,1.2620585039258003e-06,,,,,,,abstained,2,0,0.0,0.0,0,,0,,,,,,,,,ARC-AGI-2,f3283f727488ad98fe575ea6a5ac981e4a188e49,training,179
320afe60,no_exact_program,49,0,0.0008602099260315299,,,,,,,abstained,2,0,0.0,0.0,0,,0,,,,,,,,,ARC-AGI-2,f3283f727488ad98fe575ea6a5ac981e4a188e49,training,180
321b1fc6,no_exact_program,49,0,0.0007130349986255169,,,,,,,abstained,1,0,0.0,0.0,0,,0,,,,,,,,,ARC-AGI-2,f3283f727488ad98fe575ea6a5ac981e4a188e49,training,181
32597951,no_exact_program,85,0,0.006976670934818685,,,,,,,abstained,1,0,0.0,0.0,0,,0,,,,,,,,,ARC-AGI-2,f3283f727488ad98fe575ea6a5ac981e4a188e49,training,182
32e9702f,no_exact_program,49,0,0.0007089610444381833,,,,,,,abstained,1,0,0.0,0.0,0,,0,,,,,,,,,ARC-AGI-2,f3283f727488ad98fe575ea6a5ac981e4a188e49,training,183
33067df9,unsupported_shape_change,0,0,1.334003172814846e-06,,,,,,,abstained,1,0,0.0,0.0,0,,0,,,,,,,,,ARC-AGI-2,f3283f727488ad98fe575ea6a5ac981e4a188e49,training,184
332202d5,no_exact_program,49,0,0.0008262819610536098,,,,,,,abstained,1,0,0.0,0.0,0,,0,,,,,,,,,ARC-AGI-2,f3283f727488ad98fe575ea6a5ac981e4a188e49,training,185
332efdb3,no_exact_program,61,0,0.002530948957428336,,,,,,,abstained,1,0,0.0,0.0,0,,0,,,,,,,,,ARC-AGI-2,f3283f727488ad98fe575ea6a5ac981e4a188e49,training,186
3345333e,no_exact_program,49,0,0.0007311790250241756,,,,,,,abstained,1,0,0.0,0.0,0,,0,,,,,,,,,ARC-AGI-2,f3283f727488ad98fe575ea6a5ac981e4a188e49,training,187
337b420f,unsupported_shape_change,0,0,1.4479737728834152e-06,,,,,,,abstained,2,0,0.0,0.0,0,,0,,,,,,,,,ARC-AGI-2,f3283f727488ad98fe575ea6a5ac981e4a188e49,training,188
3391f8c0,no_exact_program,49,0,0.0007512409938499331,,,,,,,abstained,1,0,0.0,0.0,0,,0,,,,,,,,,ARC-AGI-2,f3283f727488ad98fe575ea6a5ac981e4a188e49,training,189
33b52de3,no_exact_program,49,0,0.0008378399070352316,,,,,,,abstained,1,0,0.0,0.0,0,,0,,,,,,,,,ARC-AGI-2,f3283f727488ad98fe575ea6a5ac981e4a188e49,training,190
3428a4f5,unsupported_shape_change,0,0,1.1080410331487656e-06,,,,,,,abstained,2,0,0.0,0.0,0,,0,,,,,,,,,ARC-AGI-2,f3283f727488ad98fe575ea6a5ac981e4a188e49,training,191
342ae2ed,no_exact_program,49,0,0.000771219958551228,,,,,,,abstained,1,0,0.0,0.0,0,,0,,,,,,,,,ARC-AGI-2,f3283f727488ad98fe575ea6a5ac981e4a188e49,training,192
342dd610,no_exact_program,49,0,0.0007423550123348832,,,,,,,abstained,1,0,0.0,0.0,0,,0,,,,,,,,,ARC-AGI-2,f3283f727488ad98fe575ea6a5ac981e4a188e49,training,193
3490cc26,no_exact_program,85,0,0.008074003038927913,,,,,,,abstained,1,0,0.0,0.0,0,,0,,,,,,,,,ARC-AGI-2,f3283f727488ad98fe575ea6a5ac981e4a188e49,training,194
34b99a2b,unsupported_shape_change,0,0,1.5249243006110191e-06,,,,,,,abstained,1,0,0.0,0.0,0,,0,,,,,,,,,ARC-AGI-2,f3283f727488ad98fe575ea6a5ac981e4a188e49,training,195
34cfa167,no_exact_program,49,0,0.0008542360737919807,,,,,,,abstained,2,0,0.0,0.0,0,,0,,,,,,,,,ARC-AGI-2,f3283f727488ad98fe575ea6a5ac981e4a188e49,training,196
351d6448,unsupported_shape_change,0,0,1.284060999751091e-06,,,,,,,abstained,1,0,0.0,0.0,0,,0,,,,,,,,,ARC-AGI-2,f3283f727488ad98fe575ea6a5ac981e4a188e49,training,197
358ba94e,unsupported_shape_change,0,0,1.0540243238210678e-06,,,,,,,abstained,1,0,0.0,0.0,0,,0,,,,,,,,,ARC-AGI-2,f3283f727488ad98fe575ea6a5ac981e4a188e49,training,198
3618c87e,no_exact_program,49,0,0.000694955000653863,,,,,,,abstained,1,0,0.0,0.0,0,,0,,,,,,,,,ARC-AGI-2,f3283f727488ad98fe575ea6a5ac981e4a188e49,training,199
363442ee,no_exact_program,49,0,0.0007290180074051023,,,,,,,abstained,1,0,0.0,0.0,0,,0,,,,,,,,,ARC-AGI-2,f3283f727488ad98fe575ea6a5ac981e4a188e49,training,200
36d67576,no_exact_program,49,0,0.0007363809272646904,,,,,,,abstained,1,0,0.0,0.0,0,,0,,,,,,,,,ARC-AGI-2,f3283f727488ad98fe575ea6a5ac981e4a188e49,training,201
36fdfd69,no_exact_program,49,0,0.0007805710192769766,,,,,,,abstained,1,0,0.0,0.0,0,,0,,,,,,,,,ARC-AGI-2,f3283f727488ad98fe575ea6a5ac981e4a188e49,training,202
37ce87bb,no_exact_program,85,0,0.007325336919166148,,,,,,,abstained,1,0,0.0,0.0,0,,0,,,,,,,,,ARC-AGI-2,f3283f727488ad98fe575ea6a5ac981e4a188e49,training,203
37d3e8b2,no_exact_program,49,0,0.0008150259964168072,,,,,,,abstained,1,0,0.0,0.0,0,,0,,,,,,,,,ARC-AGI-2,f3283f727488ad98fe575ea6a5ac981e4a188e49,training,204
3906de3d,no_exact_program,49,0,0.000724253011867404,,,,,,,abstained,1,0,0.0,0.0,0,,0,,,,,,,,,ARC-AGI-2,f3283f727488ad98fe575ea6a5ac981e4a188e49,training,205
396d80d7,no_exact_program,49,0,0.0007365529891103506,,,,,,,abstained,1,0,0.0,0.0,0,,0,,,,,,,,,ARC-AGI-2,f3283f727488ad98fe575ea6a5ac981e4a188e49,training,206
3979b1a8,unsupported_shape_change,0,0,1.3499520719051361e-06,,,,,,,abstained,1,0,0.0,0.0,0,,0,,,,,,,,,ARC-AGI-2,f3283f727488ad98fe575ea6a5ac981e4a188e49,training,207
39a8645d,unsupported_shape_change,0,0,1.1670636013150215e-06,,,,,,,abstained,1,0,0.0,0.0,0,,0,,,,,,,,,ARC-AGI-2,f3283f727488ad98fe575ea6a5ac981e4a188e49,training,208
39e1d7f9,no_exact_program,49,0,0.0009463110473006964,,,,,,,abstained,1,0,0.0,0.0,0,,0,,,,,,,,,ARC-AGI-2,f3283f727488ad98fe575ea6a5ac981e4a188e49,training,209
3a301edc,no_exact_program,49,0,0.0008129960624501109,,,,,,,abstained,1,0,0.0,0.0,0,,0,,,,,,,,,ARC-AGI-2,f3283f727488ad98fe575ea6a5ac981e4a188e49,training,210
3aa6fb7a,no_exact_program,73,0,0.004519482026807964,,,,,,,abstained,1,0,0.0,0.0,0,,0,,,,,,,,,ARC-AGI-2,f3283f727488ad98fe575ea6a5ac981e4a188e49,training,211
3ac3eb23,no_exact_program,49,0,0.0007165540009737015,,,,,,,abstained,1,0,0.0,0.0,0,,0,,,,,,,,,ARC-AGI-2,f3283f727488ad98fe575ea6a5ac981e4a188e49,training,212
3ad05f52,no_exact_program,49,0,0.0009517610305920243,,,,,,,abstained,1,0,0.0,0.0,0,,0,,,,,,,,,ARC-AGI-2,f3283f727488ad98fe575ea6a5ac981e4a188e49,training,213
3af2c5a8,unsupported_shape_change,0,0,1.1490192264318466e-06,,,,,,,abstained,1,0,0.0,0.0,0,,0,,,,,,,,,ARC-AGI-2,f3283f727488ad98fe575ea6a5ac981e4a188e49,training,214
3b4c2228,unsupported_shape_change,0,0,9.399373084306717e-07,,,,,,,abstained,2,0,0.0,0.0,0,,0,,,,,,,,,ARC-AGI-2,f3283f727488ad98fe575ea6a5ac981e4a188e49,training,215
3bd292e8,no_exact_program,49,0,0.0006971500115469098,,,,,,,abstained,1,0,0.0,0.0,0,,0,,,,,,,,,ARC-AGI-2,f3283f727488ad98fe575ea6a5ac981e4a188e49,training,216
3bd67248,no_exact_program,49,0,0.0007065299432724714,,,,,,,abstained,1,0,0.0,0.0,0,,0,,,,,,,,,ARC-AGI-2,f3283f727488ad98fe575ea6a5ac981e4a188e49,training,217
3bdb4ada,no_exact_program,49,0,0.0007057370385155082,,,,,,,abstained,1,0,0.0,0.0,0,,0,,,,,,,,,ARC-AGI-2,f3283f727488ad98fe575ea6a5ac981e4a188e49,training,218
3befdf3e,no_exact_program,49,0,0.0007162130204960704,,,,,,,abstained,1,0,0.0,0.0,0,,0,,,,,,,,,ARC-AGI-2,f3283f727488ad98fe575ea6a5ac981e4a188e49,training,219
3c9b0459,no_exact_program,49,0,0.00069510901812464,,,,,,,abstained,1,0,0.0,0.0,0,,0,,,,,,,,,ARC-AGI-2,f3283f727488ad98fe575ea6a5ac981e4a188e49,training,220
3cd86f4f,unsupported_shape_change,0,0,1.244945451617241e-06,,,,,,,abstained,3,0,0.0,0.0,0,,0,,,,,,,,,ARC-AGI-2,f3283f727488ad98fe575ea6a5ac981e4a188e49,training,221
3d31c5b3,unsupported_shape_change,0,0,1.1669471859931946e-06,,,,,,,abstained,1,0,0.0,0.0,0,,0,,,,,,,,,ARC-AGI-2,f3283f727488ad98fe575ea6a5ac981e4a188e49,training,222
3d588dc9,no_exact_program,49,0,0.0007680359994992614,,,,,,,abstained,1,0,0.0,0.0,0,,0,,,,,,,,,ARC-AGI-2,f3283f727488ad98fe575ea6a5ac981e4a188e49,training,223
3d6c6e23,no_exact_program,49,0,0.0008122199214994907,,,,,,,abstained,1,0,0.0,0.0,0,,0,,,,,,,,,ARC-AGI-2,f3283f727488ad98fe575ea6a5ac981e4a188e49,training,224
3de23699,unsupported_shape_change,0,0,1.1370284482836723e-06,,,,,,,abstained,1,0,0.0,0.0,0,,0,,,,,,,,,ARC-AGI-2,f3283f727488ad98fe575ea6a5ac981e4a188e49,training,225
3e980e27,no_exact_program,49,0,0.0008422289974987507,,,,,,,abstained,1,0,0.0,0.0,0,,0,,,,,,,,,ARC-AGI-2,f3283f727488ad98fe575ea6a5ac981e4a188e49,training,226
3eda0437,no_exact_program,85,0,0.006288228090852499,,,,,,,abstained,1,0,0.0,0.0,0,,0,,,,,,,,,ARC-AGI-2,f3283f727488ad98fe575ea6a5ac981e4a188e49,training,227
3ee1011a,unsupported_shape_change,0,0,1.333886757493019e-06,,,,,,,abstained,1,0,0.0,0.0,0,,0,,,,,,,,,ARC-AGI-2,f3283f727488ad98fe575ea6a5ac981e4a188e49,training,228
3f23242b,no_exact_program,49,0,0.0007175309583544731,,,,,,,abstained,1,0,0.0,0.0,0,,0,,,,,,,,,ARC-AGI-2,f3283f727488ad98fe575ea6a5ac981e4a188e49,training,229
3f7978a0,unsupported_shape_change,0,0,1.1569354683160782e-06,,,,,,,abstained,1,0,0.0,0.0,0,,0,,,,,,,,,ARC-AGI-2,f3283f727488ad98fe575ea6a5ac981e4a188e49,training,230
4093f84a,no_exact_program,49,0,0.000820476096123457,,,,,,,abstained,1,0,0.0,0.0,0,,0,,,,,,,,,ARC-AGI-2,f3283f727488ad98fe575ea6a5ac981e4a188e49,training,231
40f6cd08,no_exact_program,49,0,0.0009907539933919907,,,,,,,abstained,1,0,0.0,0.0,0,,0,,,,,,,,,ARC-AGI-2,f3283f727488ad98fe575ea6a5ac981e4a188e49,training,232
412b6263,unsupported_shape_change,0,0,1.3030366972088814e-06,,,,,,,abstained,1,0,0.0,0.0,0,,0,,,,,,,,,ARC-AGI-2,f3283f727488ad98fe575ea6a5ac981e4a188e49,training,233
414297c0,unsupported_shape_change,0,0,1.1849915608763695e-06,,,,,,,abstained,1,0,0.0,0.0,0,,0,,,,,,,,,ARC-AGI-2,f3283f727488ad98fe575ea6a5ac981e4a188e49,training,234
41ace6b5,no_exact_program,49,0,0.0007820778992027044,,,,,,,abstained,1,0,0.0,0.0,0,,0,,,,,,,,,ARC-AGI-2,f3283f727488ad98fe575ea6a5ac981e4a188e49,training,235
41e4d17e,no_exact_program,73,0,0.005037914961576462,,,,,,,abstained,1,0,0.0,0.0,0,,0,,,,,,,,,ARC-AGI-2,f3283f727488ad98fe575ea6a5ac981e4a188e49,training,236
423a55dc,no_exact_program,49,0,0.0008227849612012506,,,,,,,abstained,1,0,0.0,0.0,0,,0,,,,,,,,,ARC-AGI-2,f3283f727488ad98fe575ea6a5ac981e4a188e49,training,237
4258a5f9,selected,73,1,0.004563987022265792,propagate:5:0:1:8:1,propagate,21.0,8.0,29.0,47.0,solved,1,1,1.0,1.0,1,1.0,81,1.0,1.0,max_steps,3807.0,3807.0,0.0,5.7613011449575424e-05,6.49669673293829e-05,ARC-AGI-2,f3283f727488ad98fe575ea6a5ac981e4a188e49,training,238
4290ef0e,unsupported_shape_change,0,0,1.4979159459471703e-06,,,,,,,abstained,1,0,0.0,0.0,0,,0,,,,,,,,,ARC-AGI-2,f3283f727488ad98fe575ea6a5ac981e4a188e49,training,239
42918530,no_exact_program,49,0,0.000841245986521244,,,,,,,abstained,1,0,0.0,0.0,0,,0,,,,,,,,,ARC-AGI-2,f3283f727488ad98fe575ea6a5ac981e4a188e49,training,240
42a15761,no_exact_program,49,0,0.0007662919815629721,,,,,,,abstained,1,0,0.0,0.0,0,,0,,,,,,,,,ARC-AGI-2,f3283f727488ad98fe575ea6a5ac981e4a188e49,training,241
42a50994,no_exact_program,49,0,0.0007607140578329563,,,,,,,abstained,1,0,0.0,0.0,0,,0,,,,,,,,,ARC-AGI-2,f3283f727488ad98fe575ea6a5ac981e4a188e49,training,242
42f14c03,unsupported_shape_change,0,0,1.2370292097330093e-06,,,,,,,abstained,1,0,0.0,0.0,0,,0,,,,,,,,,ARC-AGI-2,f3283f727488ad98fe575ea6a5ac981e4a188e49,training,243
42f83767,unsupported_shape_change,0,0,1.0809162631630898e-06,,,,,,,abstained,2,0,0.0,0.0,0,,0,,,,,,,,,ARC-AGI-2,f3283f727488ad98fe575ea6a5ac981e4a188e49,training,244
4347f46a,no_exact_program,49,0,0.00073754892218858,,,,,,,abstained,1,0,0.0,0.0,0,,0,,,,,,,,,ARC-AGI-2,f3283f727488ad98fe575ea6a5ac981e4a188e49,training,245
4364c1c4,no_exact_program,49,0,0.0007508639246225357,,,,,,,abstained,1,0,0.0,0.0,0,,0,,,,,,,,,ARC-AGI-2,f3283f727488ad98fe575ea6a5ac981e4a188e49,training,246
444801d8,no_exact_program,49,0,0.0007180050015449524,,,,,,,abstained,1,0,0.0,0.0,0,,0,,,,,,,,,ARC-AGI-2,f3283f727488ad98fe575ea6a5ac981e4a188e49,training,247
445eab21,unsupported_shape_change,0,0,1.291045919060707e-06,,,,,,,abstained,1,0,0.0,0.0,0,,0,,,,,,,,,ARC-AGI-2,f3283f727488ad98fe575ea6a5ac981e4a188e49,training,248
447fd412,no_exact_program,73,0,0.005888135987333953,,,,,,,abstained,1,0,0.0,0.0,0,,0,,,,,,,,,ARC-AGI-2,f3283f727488ad98fe575ea6a5ac981e4a188e49,training,249
44d8ac46,no_exact_program,73,0,0.004571469034999609,,,,,,,abstained,1,0,0.0,0.0,0,,0,,,,,,,,,ARC-AGI-2,f3283f727488ad98fe575ea6a5ac981e4a188e49,training,250
44f52bb0,unsupported_shape_change,0,0,1.2259697541594505e-06,,,,,,,abstained,2,0,0.0,0.0,0,,0,,,,,,,,,ARC-AGI-2,f3283f727488ad98fe575ea6a5ac981e4a188e49,training,251
4522001f,unsupported_shape_change,0,0,1.0130461305379868e-06,,,,,,,abstained,1,0,0.0,0.0,0,,0,,,,,,,,,ARC-AGI-2,f3283f727488ad98fe575ea6a5ac981e4a188e49,training,252
456873bc,no_exact_program,49,0,0.0007539989892393351,,,,,,,abstained,1,0,0.0,0.0,0,,0,,,,,,,,,ARC-AGI-2,f3283f727488ad98fe575ea6a5ac981e4a188e49,training,253
45737921,no_exact_program,49,0,0.0007224410073831677,,,,,,,abstained,1,0,0.0,0.0,0,,0,,,,,,,,,ARC-AGI-2,f3283f727488ad98fe575ea6a5ac981e4a188e49,training,254
458e3a53,unsupported_shape_change,0,0,1.2599630281329155e-06,,,,,,,abstained,1,0,0.0,0.0,0,,0,,,,,,,,,ARC-AGI-2,f3283f727488ad98fe575ea6a5ac981e4a188e49,training,255
45bbe264,no_exact_program,49,0,0.0007516719633713365,,,,,,,abstained,1,0,0.0,0.0,0,,0,,,,,,,,,ARC-AGI-2,f3283f727488ad98fe575ea6a5ac981e4a188e49,training,256
4612dd53,no_exact_program,73,0,0.004758227034471929,,,,,,,abstained,1,0,0.0,0.0,0,,0,,,,,,,,,ARC-AGI-2,f3283f727488ad98fe575ea6a5ac981e4a188e49,training,257
46442a0e,unsupported_shape_change,0,0,1.408974640071392e-06,,,,,,,abstained,1,0,0.0,0.0,0,,0,,,,,,,,,ARC-AGI-2,f3283f727488ad98fe575ea6a5ac981e4a188e49,training,258
465b7d93,no_exact_program,49,0,0.0007065919926390052,,,,,,,abstained,1,0,0.0,0.0,0,,0,,,,,,,,,ARC-AGI-2,f3283f727488ad98fe575ea6a5ac981e4a188e49,training,259
469497ad,unsupported_shape_change,0,0,1.1479714885354042e-06,,,,,,,abstained,1,0,0.0,0.0,0,,0,,,,,,,,,ARC-AGI-2,f3283f727488ad98fe575ea6a5ac981e4a188e49,training,260
46c35fc7,no_exact_program,49,0,0.0007251329952850938,,,,,,,abstained,1,0,0.0,0.0,0,,0,,,,,,,,,ARC-AGI-2,f3283f727488ad98fe575ea6a5ac981e4a188e49,training,261
46f33fce,unsupported_shape_change,0,0,1.184060238301754e-06,,,,,,,abstained,1,0,0.0,0.0,0,,0,,,,,,,,,ARC-AGI-2,f3283f727488ad98fe575ea6a5ac981e4a188e49,training,262
470c91de,no_exact_program,49,0,0.0007210089825093746,,,,,,,abstained,1,0,0.0,0.0,0,,0,,,,,,,,,ARC-AGI-2,f3283f727488ad98fe575ea6a5ac981e4a188e49,training,263
47c1f68c,unsupported_shape_change,0,0,1.1069932952523232e-06,,,,,,,abstained,1,0,0.0,0.0,0,,0,,,,,,,,,ARC-AGI-2,f3283f727488ad98fe575ea6a5ac981e4a188e49,training,264
48131b3c,unsupported_shape_change,0,0,1.0390067473053932e-06,,,,,,,abstained,1,0,0.0,0.0,0,,0,,,,,,,,,ARC-AGI-2,f3283f727488ad98fe575ea6a5ac981e4a188e49,training,265
484b58aa,no_exact_program,49,0,0.000999156036414206,,,,,,,abstained,1,0,0.0,0.0,0,,0,,,,,,,,,ARC-AGI-2,f3283f727488ad98fe575ea6a5ac981e4a188e49,training,266
4852f2fa,unsupported_shape_change,0,0,1.1640368029475212e-06,,,,,,,abstained,2,0,0.0,0.0,0,,0,,,,,,,,,ARC-AGI-2,f3283f727488ad98fe575ea6a5ac981e4a188e49,training,267
48634b99,no_exact_program,49,0,0.0007555810734629631,,,,,,,abstained,1,0,0.0,0.0,0,,0,,,,,,,,,ARC-AGI-2,f3283f727488ad98fe575ea6a5ac981e4a188e49,training,268
48d8fb45,unsupported_shape_change,0,0,1.1420343071222305e-06,,,,,,,abstained,1,0,0.0,0.0,0,,0,,,,,,,,,ARC-AGI-2,f3283f727488ad98fe575ea6a5ac981e4a188e49,training,269
48f8583b,unsupported_shape_change,0,0,1.109088771045208e-06,,,,,,,abstained,1,0,0.0,0.0,0,,0,,,,,,,,,ARC-AGI-2,f3283f727488ad98fe575ea6a5ac981e4a188e49,training,270
4938f0c2,no_exact_program,73,0,0.005831515998579562,,,,,,,abstained,1,0,0.0,0.0,0,,0,,,,,,,,,ARC-AGI-2,f3283f727488ad98fe575ea6a5ac981e4a188e49,training,271
494ef9d7,no_exact_program,49,0,0.0006995999719947577,,,,,,,abstained,1,0,0.0,0.0,0,,0,,,,,,,,,ARC-AGI-2,f3283f727488ad98fe575ea6a5ac981e4a188e49,training,272
496994bd,no_exact_program,49,0,0.000680680968798697,,,,,,,abstained,1,0,0.0,0.0,0,,0,,,,,,,,,ARC-AGI-2,f3283f727488ad98fe575ea6a5ac981e4a188e49,training,273
49d1d64f,unsupported_shape_change,0,0,1.1920928955078125e-06,,,,,,,abstained,1,0,0.0,0.0,0,,0,,,,,,,,,ARC-AGI-2,f3283f727488ad98fe575ea6a5ac981e4a188e49,training,274
4a1cacc2,no_exact_program,49,0,0.0007329769432544708,,,,,,,abstained,1,0,0.0,0.0,0,,0,,,,,,,,,ARC-AGI-2,f3283f727488ad98fe575ea6a5ac981e4a188e49,training,275
4acc7107,no_exact_program,49,0,0.0007315730908885598,,,,,,,abstained,1,0,0.0,0.0,0,,0,,,,,,,,,ARC-AGI-2,f3283f727488ad98fe575ea6a5ac981e4a188e49,training,276
4b6b68e5,no_exact_program,49,0,0.0008374151075258851,,,,,,,abstained,1,0,0.0,0.0,0,,0,,,,,,,,,ARC-AGI-2,f3283f727488ad98fe575ea6a5ac981e4a188e49,training,277
4be741c5,unsupported_shape_change,0,0,1.1440133675932884e-06,,,,,,,abstained,1,0,0.0,0.0,0,,0,,,,,,,,,ARC-AGI-2,f3283f727488ad98fe575ea6a5ac981e4a188e49,training,278
4c177718,unsupported_shape_change,0,0,1.2849923223257065e-06,,,,,,,abstained,2,0,0.0,0.0,0,,0,,,,,,,,,ARC-AGI-2,f3283f727488ad98fe575ea6a5ac981e4a188e49,training,279
4c4377d9,unsupported_shape_change,0,0,9.819632396101952e-07,,,,,,,abstained,1,0,0.0,0.0,0,,0,,,,,,,,,ARC-AGI-2,f3283f727488ad98fe575ea6a5ac981e4a188e49,training,280
4c5c2cf0,no_exact_program,49,0,0.0008081059204414487,,,,,,,abstained,1,0,0.0,0.0,0,,0,,,,,,,,,ARC-AGI-2,f3283f727488ad98fe575ea6a5ac981e4a188e49,training,281
4cd1b7b2,no_exact_program,49,0,0.0007021559868007898,,,,,,,abstained,1,0,0.0,0.0,0,,0,,,,,,,,,ARC-AGI-2,f3283f727488ad98fe575ea6a5ac981e4a188e49,training,282
4df5b0ae,no_exact_program,49,0,0.0007219630060717463,,,,,,,abstained,1,0,0.0,0.0,0,,0,,,,,,,,,ARC-AGI-2,f3283f727488ad98fe575ea6a5ac981e4a188e49,training,283
4e45f183,no_exact_program,49,0,0.0007939230417832732,,,,,,,abstained,1,0,0.0,0.0,0,,0,,,,,,,,,ARC-AGI-2,f3283f727488ad98fe575ea6a5ac981e4a188e49,training,284
4e469f39,no_exact_program,73,0,0.0046364760491997,,,,,,,abstained,1,0,0.0,0.0,0,,0,,,,,,,,,ARC-AGI-2,f3283f727488ad98fe575ea6a5ac981e4a188e49,training,285
4e7e0eb9,no_exact_program,49,0,0.0007903949590399861,,,,,,,abstained,2,0,0.0,0.0,0,,0,,,,,,,,,ARC-AGI-2,f3283f727488ad98fe575ea6a5ac981e4a188e49,training,286
4f537728,no_exact_program,49,0,0.0007704030722379684,,,,,,,abstained,1,0,0.0,0.0,0,,0,,,,,,,,,ARC-AGI-2,f3283f727488ad98fe575ea6a5ac981e4a188e49,training,287
4ff4c9da,no_exact_program,49,0,0.000857349019497633,,,,,,,abstained,1,0,0.0,0.0,0,,0,,,,,,,,,ARC-AGI-2,f3283f727488ad98fe575ea6a5ac981e4a188e49,training,288
5034a0b5,no_exact_program,49,0,0.0007522109663113952,,,,,,,abstained,1,0,0.0,0.0,0,,0,,,,,,,,,ARC-AGI-2,f3283f727488ad98fe575ea6a5ac981e4a188e49,training,289
505fff84,unsupported_shape_change,0,0,1.1860392987728119e-06,,,,,,,abstained,1,0,0.0,0.0,0,,0,,,,,,,,,ARC-AGI-2,f3283f727488ad98fe575ea6a5ac981e4a188e49,training,290
506d28a5,unsupported_shape_change,0,0,9.739305824041367e-07,,,,,,,abstained,1,0,0.0,0.0,0,,0,,,,,,,,,ARC-AGI-2,f3283f727488ad98fe575ea6a5ac981e4a188e49,training,291
50846271,no_exact_program,85,0,0.007477200007997453,,,,,,,abstained,1,0,0.0,0.0,0,,0,,,,,,,,,ARC-AGI-2,f3283f727488ad98fe575ea6a5ac981e4a188e49,training,292
508bd3b6,no_exact_program,85,0,0.007843191968277097,,,,,,,abstained,1,0,0.0,0.0,0,,0,,,,,,,,,ARC-AGI-2,f3283f727488ad98fe575ea6a5ac981e4a188e49,training,293
50a16a69,no_exact_program,49,0,0.0007801520405337214,,,,,,,abstained,1,0,0.0,0.0,0,,0,,,,,,,,,ARC-AGI-2,f3283f727488ad98fe575ea6a5ac981e4a188e49,training,294
50aad11f,unsupported_shape_change,0,0,1.1960510164499283e-06,,,,,,,abstained,1,0,0.0,0.0,0,,0,,,,,,,,,ARC-AGI-2,f3283f727488ad98fe575ea6a5ac981e4a188e49,training,295
50c07299,no_exact_program,49,0,0.0007656950037926435,,,,,,,abstained,1,0,0.0,0.0,0,,0,,,,,,,,,ARC-AGI-2,f3283f727488ad98fe575ea6a5ac981e4a188e49,training,296
50cb2852,no_exact_program,49,0,0.0007313089445233345,,,,,,,abstained,1,0,0.0,0.0,0,,0,,,,,,,,,ARC-AGI-2,f3283f727488ad98fe575ea6a5ac981e4a188e49,training,297
50f325b5,no_exact_program,109,0,0.011106822988949716,,,,,,,abstained,1,0,0.0,0.0,0,,0,,,,,,,,,ARC-AGI-2,f3283f727488ad98fe575ea6a5ac981e4a188e49,training,298
5117e062,unsupported_shape_change,0,0,1.277076080441475e-06,,,,,,,abstained,1,0,0.0,0.0,0,,0,,,,,,,,,ARC-AGI-2,f3283f727488ad98fe575ea6a5ac981e4a188e49,training,299
5168d44c,no_exact_program,49,0,0.0007256240351125598,,,,,,,abstained,1,0,0.0,0.0,0,,0,,,,,,,,,ARC-AGI-2,f3283f727488ad98fe575ea6a5ac981e4a188e49,training,300
516b51b7,no_exact_program,49,0,0.0008054629433900118,,,,,,,abstained,1,0,0.0,0.0,0,,0,,,,,,,,,ARC-AGI-2,f3283f727488ad98fe575ea6a5ac981e4a188e49,training,301
5207a7b5,no_exact_program,49,0,0.0007278089178726077,,,,,,,abstained,1,0,0.0,0.0,0,,0,,,,,,,,,ARC-AGI-2,f3283f727488ad98fe575ea6a5ac981e4a188e49,training,302
522fdd07,no_exact_program,49,0,0.000821216031908989,,,,,,,abstained,1,0,0.0,0.0,0,,0,,,,,,,,,ARC-AGI-2,f3283f727488ad98fe575ea6a5ac981e4a188e49,training,303
52364a65,no_exact_program,49,0,0.0007025239756330848,,,,,,,abstained,1,0,0.0,0.0,0,,0,,,,,,,,,ARC-AGI-2,f3283f727488ad98fe575ea6a5ac981e4a188e49,training,304
5289ad53,unsupported_shape_change,0,0,1.2130476534366608e-06,,,,,,,abstained,1,0,0.0,0.0,0,,0,,,,,,,,,ARC-AGI-2,f3283f727488ad98fe575ea6a5ac981e4a188e49,training,305
52df9849,no_exact_program,49,0,0.0007394609274342656,,,,,,,abstained,2,0,0.0,0.0,0,,0,,,,,,,,,ARC-AGI-2,f3283f727488ad98fe575ea6a5ac981e4a188e49,training,306
52fd389e,no_exact_program,49,0,0.0009996599983423948,,,,,,,abstained,1,0,0.0,0.0,0,,0,,,,,,,,,ARC-AGI-2,f3283f727488ad98fe575ea6a5ac981e4a188e49,training,307
538b439f,no_exact_program,49,0,0.000786585034802556,,,,,,,abstained,1,0,0.0,0.0,0,,0,,,,,,,,,ARC-AGI-2,f3283f727488ad98fe575ea6a5ac981e4a188e49,training,308
539a4f51,unsupported_shape_change,0,0,1.0919757187366486e-06,,,,,,,abstained,1,0,0.0,0.0,0,,0,,,,,,,,,ARC-AGI-2,f3283f727488ad98fe575ea6a5ac981e4a188e49,training,309
53b68214,unsupported_shape_change,0,0,9.419163689017296e-07,,,,,,,abstained,2,0,0.0,0.0,0,,0,,,,,,,,,ARC-AGI-2,f3283f727488ad98fe575ea6a5ac981e4a188e49,training,310
543a7ed5,no_exact_program,49,0,0.0007447110256180167,,,,,,,abstained,1,0,0.0,0.0,0,,0,,,,,,,,,ARC-AGI-2,f3283f727488ad98fe575ea6a5ac981e4a188e49,training,311
54d82841,no_exact_program,97,0,0.008007845026440918,,,,,,,abstained,1,0,0.0,0.0,0,,0,,,,,,,,,ARC-AGI-2,f3283f727488ad98fe575ea6a5ac981e4a188e49,training,312
54d9e175,no_exact_program,49,0,0.0007176930084824562,,,,,,,abstained,1,0,0.0,0.0,0,,0,,,,,,,,,ARC-AGI-2,f3283f727488ad98fe575ea6a5ac981e4a188e49,training,313
54db823b,no_exact_program,49,0,0.000781942973844707,,,,,,,abstained,1,0,0.0,0.0,0,,0,,,,,,,,,ARC-AGI-2,f3283f727488ad98fe575ea6a5ac981e4a188e49,training,314
54dc2872,no_exact_program,49,0,0.000725782010704279,,,,,,,abstained,1,0,0.0,0.0,0,,0,,,,,,,,,ARC-AGI-2,f3283f727488ad98fe575ea6a5ac981e4a188e49,training,315
55059096,no_exact_program,73,0,0.005107066943310201,,,,,,,abstained,1,0,0.0,0.0,0,,0,,,,,,,,,ARC-AGI-2,f3283f727488ad98fe575ea6a5ac981e4a188e49,training,316
551d5bf1,no_exact_program,73,0,0.005302449921146035,,,,,,,abstained,1,0,0.0,0.0,0,,0,,,,,,,,,ARC-AGI-2,f3283f727488ad98fe575ea6a5ac981e4a188e49,training,317
5521c0d9,no_exact_program,49,0,0.0007720539579167962,,,,,,,abstained,1,0,0.0,0.0,0,,0,,,,,,,,,ARC-AGI-2,f3283f727488ad98fe575ea6a5ac981e4a188e49,training,318
5582e5ca,no_exact_program,49,0,0.0006907660281285644,,,,,,,abstained,1,0,0.0,0.0,0,,0,,,,,,,,,ARC-AGI-2,f3283f727488ad98fe575ea6a5ac981e4a188e49,training,319
5587a8d0,unsupported_shape_change,0,0,1.2730015441775322e-06,,,,,,,abstained,1,0,0.0,0.0,0,,0,,,,,,,,,ARC-AGI-2,f3283f727488ad98fe575ea6a5ac981e4a188e49,training,320
5614dbcf,unsupported_shape_change,0,0,1.1989613994956017e-06,,,,,,,abstained,1,0,0.0,0.0,0,,0,,,,,,,,,ARC-AGI-2,f3283f727488ad98fe575ea6a5ac981e4a188e49,training,321
5623160b,no_exact_program,49,0,0.0007257440593093634,,,,,,,abstained,1,0,0.0,0.0,0,,0,,,,,,,,,ARC-AGI-2,f3283f727488ad98fe575ea6a5ac981e4a188e49,training,322
56dc2b01,no_exact_program,49,0,0.0007054099114611745,,,,,,,abstained,1,0,0.0,0.0,0,,0,,,,,,,,,ARC-AGI-2,f3283f727488ad98fe575ea6a5ac981e4a188e49,training,323
56ff96f3,no_exact_program,49,0,0.0007193440105766058,,,,,,,abstained,1,0,0.0,0.0,0,,0,,,,,,,,,ARC-AGI-2,f3283f727488ad98fe575ea6a5ac981e4a188e49,training,324
5751f35e,no_exact_program,49,0,0.000711768982000649,,,,,,,abstained,1,0,0.0,0.0,0,,0,,,,,,,,,ARC-AGI-2,f3283f727488ad98fe575ea6a5ac981e4a188e49,training,325
575b1a71,no_exact_program,49,0,0.0007081360090523958,,,,,,,abstained,1,0,0.0,0.0,0,,0,,,,,,,,,ARC-AGI-2,f3283f727488ad98fe575ea6a5ac981e4a188e49,training,326
5783df64,unsupported_shape_change,0,0,1.1730007827281952e-06,,,,,,,abstained,1,0,0.0,0.0,0,,0,,,,,,,,,ARC-AGI-2,f3283f727488ad98fe575ea6a5ac981e4a188e49,training,327
5792cb4d,no_exact_program,49,0,0.0007081639487296343,,,,,,,abstained,1,0,0.0,0.0,0,,0,,,,,,,,,ARC-AGI-2,f3283f727488ad98fe575ea6a5ac981e4a188e49,training,328
57aa92db,no_exact_program,49,0,0.0008051440818235278,,,,,,,abstained,1,0,0.0,0.0,0,,0,,,,,,,,,ARC-AGI-2,f3283f727488ad98fe575ea6a5ac981e4a188e49,training,329
57edb29d,unsupported_shape_change,0,0,1.2640375643968582e-06,,,,,,,abstained,1,0,0.0,0.0,0,,0,,,,,,,,,ARC-AGI-2,f3283f727488ad98fe575ea6a5ac981e4a188e49,training,330
5833af48,unsupported_shape_change,0,0,1.1459924280643463e-06,,,,,,,abstained,1,0,0.0,0.0,0,,0,,,,,,,,,ARC-AGI-2,f3283f727488ad98fe575ea6a5ac981e4a188e49,training,331
58743b76,no_exact_program,49,0,0.0007054320303723216,,,,,,,abstained,1,0,0.0,0.0,0,,0,,,,,,,,,ARC-AGI-2,f3283f727488ad98fe575ea6a5ac981e4a188e49,training,332
58c02a16,no_exact_program,49,0,0.000740092946216464,,,,,,,abstained,1,0,0.0,0.0,0,,0,,,,,,,,,ARC-AGI-2,f3283f727488ad98fe575ea6a5ac981e4a188e49,training,333
58e15b12,no_exact_program,49,0,0.0008116159588098526,,,,,,,abstained,1,0,0.0,0.0,0,,0,,,,,,,,,ARC-AGI-2,f3283f727488ad98fe575ea6a5ac981e4a188e49,training,334
59341089,unsupported_shape_change,0,0,1.2420350685715675e-06,,,,,,,abstained,1,0,0.0,0.0,0,,0,,,,,,,,,ARC-AGI-2,f3283f727488ad98fe575ea6a5ac981e4a188e49,training,335
5a5a2103,no_exact_program,49,0,0.0007456019520759583,,,,,,,abstained,1,0,0.0,0.0,0,,0,,,,,,,,,ARC-AGI-2,f3283f727488ad98fe575ea6a5ac981e4a188e49,training,336
5a719d11,no_exact_program,49,0,0.0008575560059398413,,,,,,,abstained,1,0,0.0,0.0,0,,0,,,,,,,,,ARC-AGI-2,f3283f727488ad98fe575ea6a5ac981e4a188e49,training,337
5ad4f10b,unsupported_shape_change,0,0,1.5200348570942879e-06,,,,,,,abstained,1,0,0.0,0.0,0,,0,,,,,,,,,ARC-AGI-2,f3283f727488ad98fe575ea6a5ac981e4a188e49,training,338
5ad8a7c0,no_exact_program,61,0,0.002783201984129846,,,,,,,abstained,1,0,0.0,0.0,0,,0,,,,,,,,,ARC-AGI-2,f3283f727488ad98fe575ea6a5ac981e4a188e49,training,339
5adee1b2,no_exact_program,49,0,0.0007957580965012312,,,,,,,abstained,1,0,0.0,0.0,0,,0,,,,,,,,,ARC-AGI-2,f3283f727488ad98fe575ea6a5ac981e4a188e49,training,340
5af49b42,no_exact_program,49,0,0.0007413009880110621,,,,,,,abstained,1,0,0.0,0.0,0,,0,,,,,,,,,ARC-AGI-2,f3283f727488ad98fe575ea6a5ac981e4a188e49,training,341
5b37cb25,no_exact_program,49,0,0.0009130539838224649,,,,,,,abstained,1,0,0.0,0.0,0,,0,,,,,,,,,ARC-AGI-2,f3283f727488ad98fe575ea6a5ac981e4a188e49,training,342
5b526a93,no_exact_program,73,0,0.005469525000080466,,,,,,,abstained,1,0,0.0,0.0,0,,0,,,,,,,,,ARC-AGI-2,f3283f727488ad98fe575ea6a5ac981e4a188e49,training,343
5b692c0f,no_exact_program,49,0,0.0007617139490321279,,,,,,,abstained,1,0,0.0,0.0,0,,0,,,,,,,,,ARC-AGI-2,f3283f727488ad98fe575ea6a5ac981e4a188e49,training,344
5b6cbef5,unsupported_shape_change,0,0,1.2280652299523354e-06,,,,,,,abstained,1,0,0.0,0.0,0,,0,,,,,,,,,ARC-AGI-2,f3283f727488ad98fe575ea6a5ac981e4a188e49,training,345
5bd6f4ac,unsupported_shape_change,0,0,1.0388903319835663e-06,,,,,,,abstained,1,0,0.0,0.0,0,,0,,,,,,,,,ARC-AGI-2,f3283f727488ad98fe575ea6a5ac981e4a188e49,training,346
5c0a986e,no_exact_program,49,0,0.0007245870074257255,,,,,,,abstained,1,0,0.0,0.0,0,,0,,,,,,,,,ARC-AGI-2,f3283f727488ad98fe575ea6a5ac981e4a188e49,training,347
5c2c9af4,no_exact_program,49,0,0.0009169400436803699,,,,,,,abstained,1,0,0.0,0.0,0,,0,,,,,,,,,ARC-AGI-2,f3283f727488ad98fe575ea6a5ac981e4a188e49,training,348
5d2a5c43,unsupported_shape_change,0,0,1.1599622666835785e-06,,,,,,,abstained,2,0,0.0,0.0,0,,0,,,,,,,,,ARC-AGI-2,f3283f727488ad98fe575ea6a5ac981e4a188e49,training,349
5d588b4d,unsupported_shape_change,0,0,1.0819640010595322e-06,,,,,,,abstained,2,0,0.0,0.0,0,,0,,,,,,,,,ARC-AGI-2,f3283f727488ad98fe575ea6a5ac981e4a188e49,training,350
5daaa586,unsupported_shape_change,0,0,1.0819640010595322e-06,,,,,,,abstained,1,0,0.0,0.0,0,,0,,,,,,,,,ARC-AGI-2,f3283f727488ad98fe575ea6a5ac981e4a188e49,training,351
5e6bbc0b,no_exact_program,49,0,0.0007039010524749756,,,,,,,abstained,1,0,0.0,0.0,0,,0,,,,,,,,,ARC-AGI-2,f3283f727488ad98fe575ea6a5ac981e4a188e49,training,352
5ecac7f7,unsupported_shape_change,0,0,1.1390075087547302e-06,,,,,,,abstained,3,0,0.0,0.0,0,,0,,,,,,,,,ARC-AGI-2,f3283f727488ad98fe575ea6a5ac981e4a188e49,training,353
5ffb2104,no_exact_program,49,0,0.0007020760094746947,,,,,,,abstained,1,0,0.0,0.0,0,,0,,,,,,,,,ARC-AGI-2,f3283f727488ad98fe575ea6a5ac981e4a188e49,training,354
60a26a3e,no_exact_program,73,0,0.005053617060184479,,,,,,,abstained,1,0,0.0,0.0,0,,0,,,,,,,,,ARC-AGI-2,f3283f727488ad98fe575ea6a5ac981e4a188e49,training,355
60b61512,no_exact_program,73,0,0.004632464959286153,,,,,,,abstained,1,0,0.0,0.0,0,,0,,,,,,,,,ARC-AGI-2,f3283f727488ad98fe575ea6a5ac981e4a188e49,training,356
60c09cac,unsupported_shape_change,0,0,1.1509982869029045e-06,,,,,,,abstained,1,0,0.0,0.0,0,,0,,,,,,,,,ARC-AGI-2,f3283f727488ad98fe575ea6a5ac981e4a188e49,training,357
60d73be6,no_exact_program,49,0,0.0007722539594396949,,,,,,,abstained,1,0,0.0,0.0,0,,0,,,,,,,,,ARC-AGI-2,f3283f727488ad98fe575ea6a5ac981e4a188e49,training,358
6150a2bd,no_exact_program,49,0,0.0006810419727116823,,,,,,,abstained,1,0,0.0,0.0,0,,0,,,,,,,,,ARC-AGI-2,f3283f727488ad98fe575ea6a5ac981e4a188e49,training,359
6165ea8f,unsupported_shape_change,0,0,1.1619413271546364e-06,,,,,,,abstained,2,0,0.0,0.0,0,,0,,,,,,,,,ARC-AGI-2,f3283f727488ad98fe575ea6a5ac981e4a188e49,training,360
623ea044,no_exact_program,49,0,0.0007324930047616363,,,,,,,abstained,1,0,0.0,0.0,0,,0,,,,,,,,,ARC-AGI-2,f3283f727488ad98fe575ea6a5ac981e4a188e49,training,361
626c0bcc,no_exact_program,49,0,0.0007268569897860289,,,,,,,abstained,1,0,0.0,0.0,0,,0,,,,,,,,,ARC-AGI-2,f3283f727488ad98fe575ea6a5ac981e4a188e49,training,362
62ab2642,no_exact_program,49,0,0.0007146759890019894,,,,,,,abstained,1,0,0.0,0.0,0,,0,,,,,,,,,ARC-AGI-2,f3283f727488ad98fe575ea6a5ac981e4a188e49,training,363
62b74c02,no_exact_program,49,0,0.0006942859617993236,,,,,,,abstained,1,0,0.0,0.0,0,,0,,,,,,,,,ARC-AGI-2,f3283f727488ad98fe575ea6a5ac981e4a188e49,training,364
62c24649,unsupported_shape_change,0,0,1.1639203876256943e-06,,,,,,,abstained,1,0,0.0,0.0,0,,0,,,,,,,,,ARC-AGI-2,f3283f727488ad98fe575ea6a5ac981e4a188e49,training,365
6350f1f4,no_exact_program,49,0,0.000737937050871551,,,,,,,abstained,1,0,0.0,0.0,0,,0,,,,,,,,,ARC-AGI-2,f3283f727488ad98fe575ea6a5ac981e4a188e49,training,366
63613498,no_exact_program,49,0,0.0007113359170034528,,,,,,,abstained,1,0,0.0,0.0,0,,0,,,,,,,,,ARC-AGI-2,f3283f727488ad98fe575ea6a5ac981e4a188e49,training,367
639f5a19,no_exact_program,49,0,0.0008457599906250834,,,,,,,abstained,1,0,0.0,0.0,0,,0,,,,,,,,,ARC-AGI-2,f3283f727488ad98fe575ea6a5ac981e4a188e49,training,368
642248e4,no_exact_program,49,0,0.0007222929270938039,,,,,,,abstained,1,0,0.0,0.0,0,,0,,,,,,,,,ARC-AGI-2,f3283f727488ad98fe575ea6a5ac981e4a188e49,training,369
642d658d,unsupported_shape_change,0,0,1.3760291039943695e-06,,,,,,,abstained,1,0,0.0,0.0,0,,0,,,,,,,,,ARC-AGI-2,f3283f727488ad98fe575ea6a5ac981e4a188e49,training,370
6430c8c4,unsupported_shape_change,0,0,1.061009243130684e-06,,,,,,,abstained,1,0,0.0,0.0,0,,0,,,,,,,,,ARC-AGI-2,f3283f727488ad98fe575ea6a5ac981e4a188e49,training,371
6455b5f5,no_exact_program,49,0,0.0008627170464023948,,,,,,,abstained,1,0,0.0,0.0,0,,0,,,,,,,,,ARC-AGI-2,f3283f727488ad98fe575ea6a5ac981e4a188e49,training,372
64a7c07e,no_exact_program,49,0,0.0007161569083109498,,,,,,,abstained,1,0,0.0,0.0,0,,0,,,,,,,,,ARC-AGI-2,f3283f727488ad98fe575ea6a5ac981e4a188e49,training,373
652646ff,unsupported_shape_change,0,0,1.1640368029475212e-06,,,,,,,abstained,1,0,0.0,0.0,0,,0,,,,,,,,,ARC-AGI-2,f3283f727488ad98fe575ea6a5ac981e4a188e49,training,374
662c240a,unsupported_shape_change,0,0,8.919741958379745e-07,,,,,,,abstained,1,0,0.0,0.0,0,,0,,,,,,,,,ARC-AGI-2,f3283f727488ad98fe575ea6a5ac981e4a188e49,training,375
668eec9a,unsupported_shape_change,0,0,9.670620784163475e-07,,,,,,,abstained,1,0,0.0,0.0,0,,0,,,,,,,,,ARC-AGI-2,f3283f727488ad98fe575ea6a5ac981e4a188e49,training,376
66ac4c3b,no_exact_program,49,0,0.0007775399135425687,,,,,,,abstained,1,0,0.0,0.0,0,,0,,,,,,,,,ARC-AGI-2,f3283f727488ad98fe575ea6a5ac981e4a188e49,training,377
66e6c45b,no_exact_program,49,0,0.0006878459826111794,,,,,,,abstained,1,0,0.0,0.0,0,,0,,,,,,,,,ARC-AGI-2,f3283f727488ad98fe575ea6a5ac981e4a188e49,training,378
66f2d22f,unsupported_shape_change,0,0,1.2150267139077187e-06,,,,,,,abstained,1,0,0.0,0.0,0,,0,,,,,,,,,ARC-AGI-2,f3283f727488ad98fe575ea6a5ac981e4a188e49,training,379
67385a82,no_exact_program,73,0,0.004413391929119825,,,,,,,abstained,1,0,0.0,0.0,0,,0,,,,,,,,,ARC-AGI-2,f3283f727488ad98fe575ea6a5ac981e4a188e49,training,380
673ef223,no_exact_program,49,0,0.0007744999602437019,,,,,,,abstained,1,0,0.0,0.0,0,,0,,,,,,,,,ARC-AGI-2,f3283f727488ad98fe575ea6a5ac981e4a188e49,training,381
67636eac,unsupported_shape_change,0,0,1.192907802760601e-06,,,,,,,abstained,1,0,0.0,0.0,0,,0,,,,,,,,,ARC-AGI-2,f3283f727488ad98fe575ea6a5ac981e4a188e49,training,382
6773b310,unsupported_shape_change,0,0,9.998911991715431e-07,,,,,,,abstained,1,0,0.0,0.0,0,,0,,,,,,,,,ARC-AGI-2,f3283f727488ad98fe575ea6a5ac981e4a188e49,training,383
67a3c6ac,no_exact_program,49,0,0.0006952109979465604,,,,,,,abstained,1,0,0.0,0.0,0,,0,,,,,,,,,ARC-AGI-2,f3283f727488ad98fe575ea6a5ac981e4a188e49,training,384
67a423a3,no_exact_program,49,0,0.000696709961630404,,,,,,,abstained,1,0,0.0,0.0,0,,0,,,,,,,,,ARC-AGI-2,f3283f727488ad98fe575ea6a5ac981e4a188e49,training,385
67c52801,no_exact_program,49,0,0.0007138310465961695,,,,,,,abstained,1,0,0.0,0.0,0,,0,,,,,,,,,ARC-AGI-2,f3283f727488ad98fe575ea6a5ac981e4a188e49,training,386
67e8384a,unsupported_shape_change,0,0,1.2050149962306023e-06,,,,,,,abstained,1,0,0.0,0.0,0,,0,,,,,,,,,ARC-AGI-2,f3283f727488ad98fe575ea6a5ac981e4a188e49,training,387
681b3aeb,unsupported_shape_change,0,0,9.570503607392311e-07,,,,,,,abstained,1,0,0.0,0.0,0,,0,,,,,,,,,ARC-AGI-2,f3283f727488ad98fe575ea6a5ac981e4a188e49,training,388
6855a6e4,no_exact_program,49,0,0.000749622005969286,,,,,,,abstained,1,0,0.0,0.0,0,,0,,,,,,,,,ARC-AGI-2,f3283f727488ad98fe575ea6a5ac981e4a188e49,training,389
689c358e,no_exact_program,49,0,0.0007017269963398576,,,,,,,abstained,1,0,0.0,0.0,0,,0,,,,,,,,,ARC-AGI-2,f3283f727488ad98fe575ea6a5ac981e4a188e49,training,390
68b16354,no_exact_program,49,0,0.0007112410385161638,,,,,,,abstained,1,0,0.0,0.0,0,,0,,,,,,,,,ARC-AGI-2,f3283f727488ad98fe575ea6a5ac981e4a188e49,training,391
68b67ca3,unsupported_shape_change,0,0,1.2030359357595444e-06,,,,,,,abstained,1,0,0.0,0.0,0,,0,,,,,,,,,ARC-AGI-2,f3283f727488ad98fe575ea6a5ac981e4a188e49,training,392
68bc2e87,unsupported_shape_change,0,0,1.0969815775752068e-06,,,,,,,abstained,1,0,0.0,0.0,0,,0,,,,,,,,,ARC-AGI-2,f3283f727488ad98fe575ea6a5ac981e4a188e49,training,393
692cd3b6,no_exact_program,85,0,0.007979129906743765,,,,,,,abstained,1,0,0.0,0.0,0,,0,,,,,,,,,ARC-AGI-2,f3283f727488ad98fe575ea6a5ac981e4a188e49,training,394
694f12f3,no_exact_program,49,0,0.0006963510531932116,,,,,,,abstained,1,0,0.0,0.0,0,,0,,,,,,,,,ARC-AGI-2,f3283f727488ad98fe575ea6a5ac981e4a188e49,training,395
695367ec,unsupported_shape_change,0,0,1.210952177643776e-06,,,,,,,abstained,1,0,0.0,0.0,0,,0,,,,,,,,,ARC-AGI-2,f3283f727488ad98fe575ea6a5ac981e4a188e49,training,396
696d4842,no_exact_program,49,0,0.0008416490163654089,,,,,,,abstained,1,0,0.0,0.0,0,,0,,,,,,,,,ARC-AGI-2,f3283f727488ad98fe575ea6a5ac981e4a188e49,training,397
69889d6e,no_exact_program,73,0,0.006149405031464994,,,,,,,abstained,1,0,0.0,0.0,0,,0,,,,,,,,,ARC-AGI-2,f3283f727488ad98fe575ea6a5ac981e4a188e49,training,398
6a11f6da,unsupported_shape_change,0,0,1.2300442904233932e-06,,,,,,,abstained,1,0,0.0,0.0,0,,0,,,,,,,,,ARC-AGI-2,f3283f727488ad98fe575ea6a5ac981e4a188e49,training,399
6a1e5592,no_exact_program,49,0,0.0007211649790406227,,,,,,,abstained,1,0,0.0,0.0,0,,0,,,,,,,,,ARC-AGI-2,f3283f727488ad98fe575ea6a5ac981e4a188e49,training,400
6a980be1,no_exact_program,49,0,0.0008028649026528001,,,,,,,abstained,1,0,0.0,0.0,0,,0,,,,,,,,,ARC-AGI-2,f3283f727488ad98fe575ea6a5ac981e4a188e49,training,401
6aa20dc0,no_exact_program,49,0,0.0008096760138869286,,,,,,,abstained,1,0,0.0,0.0,0,,0,,,,,,,,,ARC-AGI-2,f3283f727488ad98fe575ea6a5ac981e4a188e49,training,402
6ad5bdfd,no_exact_program,49,0,0.0007100979564711452,,,,,,,abstained,1,0,0.0,0.0,0,,0,,,,,,,,,ARC-AGI-2,f3283f727488ad98fe575ea6a5ac981e4a188e49,training,403
6b9890af,unsupported_shape_change,0,0,1.2329546734690666e-06,,,,,,,abstained,1,0,0.0,0.0,0,,0,,,,,,,,,ARC-AGI-2,f3283f727488ad98fe575ea6a5ac981e4a188e49,training,404
6bcdb01e,no_exact_program,73,0,0.005064471042715013,,,,,,,abstained,1,0,0.0,0.0,0,,0,,,,,,,,,ARC-AGI-2,f3283f727488ad98fe575ea6a5ac981e4a188e49,training,405
6c434453,no_exact_program,49,0,0.000698436051607132,,,,,,,abstained,1,0,0.0,0.0,0,,0,,,,,,,,,ARC-AGI-2,f3283f727488ad98fe575ea6a5ac981e4a188e49,training,406
6ca952ad,no_exact_program,49,0,0.0008103310829028487,,,,,,,abstained,1,0,0.0,0.0,0,,0,,,,,,,,,ARC-AGI-2,f3283f727488ad98fe575ea6a5ac981e4a188e49,training,407
6cbe9eb8,unsupported_shape_change,0,0,1.208973117172718e-06,,,,,,,abstained,1,0,0.0,0.0,0,,0,,,,,,,,,ARC-AGI-2,f3283f727488ad98fe575ea6a5ac981e4a188e49,training,408
6cdd2623,no_exact_program,49,0,0.0007694700034335256,,,,,,,abstained,1,0,0.0,0.0,0,,0,,,,,,,,,ARC-AGI-2,f3283f727488ad98fe575ea6a5ac981e4a188e49,training,409
6cf79266,no_exact_program,97,0,0.007950184983201325,,,,,,,abstained,1,0,0.0,0.0,0,,0,,,,,,,,,ARC-AGI-2,f3283f727488ad98fe575ea6a5ac981e4a188e49,training,410
6d0160f0,no_exact_program,49,0,0.0007598170777782798,,,,,,,abstained,1,0,0.0,0.0,0,,0,,,,,,,,,ARC-AGI-2,f3283f727488ad98fe575ea6a5ac981e4a188e49,training,411
6d0aefbc,unsupported_shape_change,0,0,1.2469245120882988e-06,,,,,,,abstained,1,0,0.0,0.0,0,,0,,,,,,,,,ARC-AGI-2,f3283f727488ad98fe575ea6a5ac981e4a188e49,training,412
6d1d5c90,unsupported_shape_change,0,0,1.0319054126739502e-06,,,,,,,abstained,1,0,0.0,0.0,0,,0,,,,,,,,,ARC-AGI-2,f3283f727488ad98fe575ea6a5ac981e4a188e49,training,413
6d58a25d,no_exact_program,49,0,0.0008063799468800426,,,,,,,abstained,1,0,0.0,0.0,0,,0,,,,,,,,,ARC-AGI-2,f3283f727488ad98fe575ea6a5ac981e4a188e49,training,414
6d75e8bb,no_exact_program,73,0,0.004553828039206564,,,,,,,abstained,1,0,0.0,0.0,0,,0,,,,,,,,,ARC-AGI-2,f3283f727488ad98fe575ea6a5ac981e4a188e49,training,415
6df30ad6,no_exact_program,49,0,0.0007616350194439292,,,,,,,abstained,1,0,0.0,0.0,0,,0,,,,,,,,,ARC-AGI-2,f3283f727488ad98fe575ea6a5ac981e4a188e49,training,416
6e02f1e3,no_exact_program,49,0,0.0007060900097712874,,,,,,,abstained,1,0,0.0,0.0,0,,0,,,,,,,,,ARC-AGI-2,f3283f727488ad98fe575ea6a5ac981e4a188e49,training,417
6e19193c,no_exact_program,49,0,0.0007152629550546408,,,,,,,abstained,1,0,0.0,0.0,0,,0,,,,,,,,,ARC-AGI-2,f3283f727488ad98fe575ea6a5ac981e4a188e49,training,418
6e82a1ae,no_exact_program,49,0,0.000723661039955914,,,,,,,abstained,1,0,0.0,0.0,0,,0,,,,,,,,,ARC-AGI-2,f3283f727488ad98fe575ea6a5ac981e4a188e49,training,419
6ea4a07e,no_exact_program,49,0,0.0007177391089498997,,,,,,,abstained,2,0,0.0,0.0,0,,0,,,,,,,,,ARC-AGI-2,f3283f727488ad98fe575ea6a5ac981e4a188e49,training,420
6ecd11f4,unsupported_shape_change,0,0,1.1579832062125206e-06,,,,,,,abstained,1,0,0.0,0.0,0,,0,,,,,,,,,ARC-AGI-2,f3283f727488ad98fe575ea6a5ac981e4a188e49,training,421
6f473927,unsupported_shape_change,0,0,1.0459916666150093e-06,,,,,,,abstained,1,0,0.0,0.0,0,,0,,,,,,,,,ARC-AGI-2,f3283f727488ad98fe575ea6a5ac981e4a188e49,training,422
6f8cd79b,no_exact_program,61,0,0.0025296120438724756,,,,,,,abstained,1,0,0.0,0.0,0,,0,,,,,,,,,ARC-AGI-2,f3283f727488ad98fe575ea6a5ac981e4a188e49,training,423
6fa7a44f,unsupported_shape_change,0,0,1.1239899322390556e-06,,,,,,,abstained,1,0,0.0,0.0,0,,0,,,,,,,,,ARC-AGI-2,f3283f727488ad98fe575ea6a5ac981e4a188e49,training,424
6ffe8f07,no_exact_program,49,0,0.0008702570339664817,,,,,,,abstained,2,0,0.0,0.0,0,,0,,,,,,,,,ARC-AGI-2,f3283f727488ad98fe575ea6a5ac981e4a188e49,training,425
7039b2d7,unsupported_shape_change,0,0,1.0939547792077065e-06,,,,,,,abstained,1,0,0.0,0.0,0,,0,,,,,,,,,ARC-AGI-2,f3283f727488ad98fe575ea6a5ac981e4a188e49,training,426
705a3229,no_exact_program,49,0,0.0007544070249423385,,,,,,,abstained,1,0,0.0,0.0,0,,0,,,,,,,,,ARC-AGI-2,f3283f727488ad98fe575ea6a5ac981e4a188e49,training,427
712bf12e,no_exact_program,73,0,0.005964012932963669,,,,,,,abstained,1,0,0.0,0.0,0,,0,,,,,,,,,ARC-AGI-2,f3283f727488ad98fe575ea6a5ac981e4a188e49,training,428
72207abc,no_exact_program,49,0,0.0007300969446077943,,,,,,,abstained,1,0,0.0,0.0,0,,0,,,,,,,,,ARC-AGI-2,f3283f727488ad98fe575ea6a5ac981e4a188e49,training,429
72322fa7,no_exact_program,49,0,0.0007490330608561635,,,,,,,abstained,1,0,0.0,0.0,0,,0,,,,,,,,,ARC-AGI-2,f3283f727488ad98fe575ea6a5ac981e4a188e49,training,430
72a961c9,no_exact_program,49,0,0.0007304220926016569,,,,,,,abstained,1,0,0.0,0.0,0,,0,,,,,,,,,ARC-AGI-2,f3283f727488ad98fe575ea6a5ac981e4a188e49,training,431
72ca375d,unsupported_shape_change,0,0,1.1379597708582878e-06,,,,,,,abstained,1,0,0.0,0.0,0,,0,,,,,,,,,ARC-AGI-2,f3283f727488ad98fe575ea6a5ac981e4a188e49,training,432
73182012,unsupported_shape_change,0,0,9.950017556548119e-07,,,,,,,abstained,1,0,0.0,0.0,0,,0,,,,,,,,,ARC-AGI-2,f3283f727488ad98fe575ea6a5ac981e4a188e49,training,433
73c3b0d8,no_exact_program,49,0,0.0007161980029195547,,,,,,,abstained,1,0,0.0,0.0,0,,0,,,,,,,,,ARC-AGI-2,f3283f727488ad98fe575ea6a5ac981e4a188e49,training,434
73ccf9c2,unsupported_shape_change,0,0,1.0969815775752068e-06,,,,,,,abstained,1,0,0.0,0.0,0,,0,,,,,,,,,ARC-AGI-2,f3283f727488ad98fe575ea6a5ac981e4a188e49,training,435
7447852a,no_exact_program,73,0,0.004336328944191337,,,,,,,abstained,1,0,0.0,0.0,0,,0,,,,,,,,,ARC-AGI-2,f3283f727488ad98fe575ea6a5ac981e4a188e49,training,436
7468f01a,unsupported_shape_change,0,0,1.2230593711137772e-06,,,,,,,abstained,1,0,0.0,0.0,0,,0,,,,,,,,,ARC-AGI-2,f3283f727488ad98fe575ea6a5ac981e4a188e49,training,437
746b3537,unsupported_shape_change,0,0,9.849900379776955e-07,,,,,,,abstained,1,0,0.0,0.0,0,,0,,,,,,,,,ARC-AGI-2,f3283f727488ad98fe575ea6a5ac981e4a188e49,training,438
74dd1130,no_exact_program,49,0,0.0006889979122206569,,,,,,,abstained,1,0,0.0,0.0,0,,0,,,,,,,,,ARC-AGI-2,f3283f727488ad98fe575ea6a5ac981e4a188e49,training,439
753ea09b,no_exact_program,49,0,0.001032038009725511,,,,,,,abstained,1,0,0.0,0.0,0,,0,,,,,,,,,ARC-AGI-2,f3283f727488ad98fe575ea6a5ac981e4a188e49,training,440
758abdf0,no_exact_program,49,0,0.0007074669701978564,,,,,,,abstained,1,0,0.0,0.0,0,,0,,,,,,,,,ARC-AGI-2,f3283f727488ad98fe575ea6a5ac981e4a188e49,training,441
759f3fd3,no_exact_program,73,0,0.004682349972426891,,,,,,,abstained,1,0,0.0,0.0,0,,0,,,,,,,,,ARC-AGI-2,f3283f727488ad98fe575ea6a5ac981e4a188e49,training,442
75b8110e,unsupported_shape_change,0,0,1.244945451617241e-06,,,,,,,abstained,1,0,0.0,0.0,0,,0,,,,,,,,,ARC-AGI-2,f3283f727488ad98fe575ea6a5ac981e4a188e49,training,443
760b3cac,no_exact_program,73,0,0.004940605955198407,,,,,,,abstained,1,0,0.0,0.0,0,,0,,,,,,,,,ARC-AGI-2,f3283f727488ad98fe575ea6a5ac981e4a188e49,training,444
762cd429,no_exact_program,49,0,0.0008001469541341066,,,,,,,abstained,1,0,0.0,0.0,0,,0,,,,,,,,,ARC-AGI-2,f3283f727488ad98fe575ea6a5ac981e4a188e49,training,445
770cc55f,no_exact_program,109,0,0.01024424098432064,,,,,,,abstained,1,0,0.0,0.0,0,,0,,,,,,,,,ARC-AGI-2,f3283f727488ad98fe575ea6a5ac981e4a188e49,training,446
776ffc46,no_exact_program,49,0,0.0008319769985973835,,,,,,,abstained,1,0,0.0,0.0,0,,0,,,,,,,,,ARC-AGI-2,f3283f727488ad98fe575ea6a5ac981e4a188e49,training,447
77fdfe62,unsupported_shape_change,0,0,1.1899974197149277e-06,,,,,,,abstained,1,0,0.0,0.0,0,,0,,,,,,,,,ARC-AGI-2,f3283f727488ad98fe575ea6a5ac981e4a188e49,training,448
780d0b14,unsupported_shape_change,0,0,1.0879011824727058e-06,,,,,,,abstained,1,0,0.0,0.0,0,,0,,,,,,,,,ARC-AGI-2,f3283f727488ad98fe575ea6a5ac981e4a188e49,training,449
782b5218,no_exact_program,49,0,0.0007350309751927853,,,,,,,abstained,1,0,0.0,0.0,0,,0,,,,,,,,,ARC-AGI-2,f3283f727488ad98fe575ea6a5ac981e4a188e49,training,450
7837ac64,unsupported_shape_change,0,0,1.2590317055583e-06,,,,,,,abstained,1,0,0.0,0.0,0,,0,,,,,,,,,ARC-AGI-2,f3283f727488ad98fe575ea6a5ac981e4a188e49,training,451
78e78cff,no_exact_program,49,0,0.0007205220172181726,,,,,,,abstained,1,0,0.0,0.0,0,,0,,,,,,,,,ARC-AGI-2,f3283f727488ad98fe575ea6a5ac981e4a188e49,training,452
79369cc6,no_exact_program,49,0,0.0007853209972381592,,,,,,,abstained,1,0,0.0,0.0,0,,0,,,,,,,,,ARC-AGI-2,f3283f727488ad98fe575ea6a5ac981e4a188e49,training,453
794b24be,no_exact_program,49,0,0.0007272609509527683,,,,,,,abstained,2,0,0.0,0.0,0,,0,,,,,,,,,ARC-AGI-2,f3283f727488ad98fe575ea6a5ac981e4a188e49,training,454
7953d61e,unsupported_shape_change,0,0,1.3069948181509972e-06,,,,,,,abstained,1,0,0.0,0.0,0,,0,,,,,,,,,ARC-AGI-2,f3283f727488ad98fe575ea6a5ac981e4a188e49,training,455
79cce52d,unsupported_shape_change,0,0,1.1849915608763695e-06,,,,,,,abstained,1,0,0.0,0.0,0,,0,,,,,,,,,ARC-AGI-2,f3283f727488ad98fe575ea6a5ac981e4a188e49,training,456
7acdf6d3,no_exact_program,49,0,0.0007825929205864668,,,,,,,abstained,1,0,0.0,0.0,0,,0,,,,,,,,,ARC-AGI-2,f3283f727488ad98fe575ea6a5ac981e4a188e49,training,457
7b6016b9,no_exact_program,49,0,0.0009698759531602263,,,,,,,abstained,1,0,0.0,0.0,0,,0,,,,,,,,,ARC-AGI-2,f3283f727488ad98fe575ea6a5ac981e4a188e49,training,458
7b7f7511,unsupported_shape_change,0,0,1.084059476852417e-06,,,,,,,abstained,1,0,0.0,0.0,0,,0,,,,,,,,,ARC-AGI-2,f3283f727488ad98fe575ea6a5ac981e4a188e49,training,459
7bb29440,unsupported_shape_change,0,0,1.0200310498476028e-06,,,,,,,abstained,1,0,0.0,0.0,0,,0,,,,,,,,,ARC-AGI-2,f3283f727488ad98fe575ea6a5ac981e4a188e49,training,460
7c008303,unsupported_shape_change,0,0,9.860377758741379e-07,,,,,,,abstained,1,0,0.0,0.0,0,,0,,,,,,,,,ARC-AGI-2,f3283f727488ad98fe575ea6a5ac981e4a188e49,training,461
7c8af763,no_exact_program,49,0,0.0007341710152104497,,,,,,,abstained,1,0,0.0,0.0,0,,0,,,,,,,,,ARC-AGI-2,f3283f727488ad98fe575ea6a5ac981e4a188e49,training,462
7c9b52a0,unsupported_shape_change,0,0,1.1210795491933823e-06,,,,,,,abstained,1,0,0.0,0.0,0,,0,,,,,,,,,ARC-AGI-2,f3283f727488ad98fe575ea6a5ac981e4a188e49,training,463
7d18a6fb,unsupported_shape_change,0,0,9.969808161258698e-07,,,,,,,abstained,1,0,0.0,0.0,0,,0,,,,,,,,,ARC-AGI-2,f3283f727488ad98fe575ea6a5ac981e4a188e49,training,464
7d1f7ee8,no_exact_program,49,0,0.0008909159805625677,,,,,,,abstained,1,0,0.0,0.0,0,,0,,,,,,,,,ARC-AGI-2,f3283f727488ad98fe575ea6a5ac981e4a188e49,training,465
7d419a02,no_exact_program,85,0,0.006523892981931567,,,,,,,abstained,1,0,0.0,0.0,0,,0,,,,,,,,,ARC-AGI-2,f3283f727488ad98fe575ea6a5ac981e4a188e49,training,466
7d7772cc,no_exact_program,49,0,0.0007357810391113162,,,,,,,abstained,1,0,0.0,0.0,0,,0,,,,,,,,,ARC-AGI-2,f3283f727488ad98fe575ea6a5ac981e4a188e49,training,467
7ddcd7ec,no_exact_program,49,0,0.0007105539552867413,,,,,,,abstained,1,0,0.0,0.0,0,,0,,,,,,,,,ARC-AGI-2,f3283f727488ad98fe575ea6a5ac981e4a188e49,training,468
7df24a62,no_exact_program,73,0,0.007193441968411207,,,,,,,abstained,1,0,0.0,0.0,0,,0,,,,,,,,,ARC-AGI-2,f3283f727488ad98fe575ea6a5ac981e4a188e49,training,469
7e02026e,no_exact_program,73,0,0.004338655038736761,,,,,,,abstained,1,0,0.0,0.0,0,,0,,,,,,,,,ARC-AGI-2,f3283f727488ad98fe575ea6a5ac981e4a188e49,training,470
7e0986d6,no_exact_program,49,0,0.000724131939932704,,,,,,,abstained,1,0,0.0,0.0,0,,0,,,,,,,,,ARC-AGI-2,f3283f727488ad98fe575ea6a5ac981e4a188e49,training,471
7e2bad24,no_exact_program,49,0,0.0007504329551011324,,,,,,,abstained,2,0,0.0,0.0,0,,0,,,,,,,,,ARC-AGI-2,f3283f727488ad98fe575ea6a5ac981e4a188e49,training,472
7e4d4f7c,unsupported_shape_change,0,0,1.0320218279957771e-06,,,,,,,abstained,1,0,0.0,0.0,0,,0,,,,,,,,,ARC-AGI-2,f3283f727488ad98fe575ea6a5ac981e4a188e49,training,473
7e576d6e,no_exact_program,49,0,0.0010008199606090784,,,,,,,abstained,1,0,0.0,0.0,0,,0,,,,,,,,,ARC-AGI-2,f3283f727488ad98fe575ea6a5ac981e4a188e49,training,474
7ec998c9,no_exact_program,49,0,0.0007197799859568477,,,,,,,abstained,1,0,0.0,0.0,0,,0,,,,,,,,,ARC-AGI-2,f3283f727488ad98fe575ea6a5ac981e4a188e49,training,475
7ee1c6ea,no_exact_program,49,0,0.0007149369921535254,,,,,,,abstained,1,0,0.0,0.0,0,,0,,,,,,,,,ARC-AGI-2,f3283f727488ad98fe575ea6a5ac981e4a188e49,training,476
7f4411dc,no_exact_program,49,0,0.0007358849979937077,,,,,,,abstained,1,0,0.0,0.0,0,,0,,,,,,,,,ARC-AGI-2,f3283f727488ad98fe575ea6a5ac981e4a188e49,training,477
7fe24cdd,unsupported_shape_change,0,0,1.177075318992138e-06,,,,,,,abstained,1,0,0.0,0.0,0,,0,,,,,,,,,ARC-AGI-2,f3283f727488ad98fe575ea6a5ac981e4a188e49,training,478
80214e03,unsupported_shape_change,0,0,1.0799849405884743e-06,,,,,,,abstained,1,0,0.0,0.0,0,,0,,,,,,,,,ARC-AGI-2,f3283f727488ad98fe575ea6a5ac981e4a188e49,training,479
80af3007,unsupported_shape_change,0,0,1.0450603440403938e-06,,,,,,,abstained,1,0,0.0,0.0,0,,0,,,,,,,,,ARC-AGI-2,f3283f727488ad98fe575ea6a5ac981e4a188e49,training,480
810b9b61,no_exact_program,73,0,0.00433746597263962,,,,,,,abstained,1,0,0.0,0.0,0,,0,,,,,,,,,ARC-AGI-2,f3283f727488ad98fe575ea6a5ac981e4a188e49,training,481
817e6c09,no_exact_program,73,0,0.004393136012367904,,,,,,,abstained,1,0,0.0,0.0,0,,0,,,,,,,,,ARC-AGI-2,f3283f727488ad98fe575ea6a5ac981e4a188e49,training,482
81c0276b,unsupported_shape_change,0,0,1.2979144230484962e-06,,,,,,,abstained,1,0,0.0,0.0,0,,0,,,,,,,,,ARC-AGI-2,f3283f727488ad98fe575ea6a5ac981e4a188e49,training,483
825aa9e9,no_exact_program,49,0,0.0007270730566233397,,,,,,,abstained,1,0,0.0,0.0,0,,0,,,,,,,,,ARC-AGI-2,f3283f727488ad98fe575ea6a5ac981e4a188e49,training,484
82819916,no_exact_program,49,0,0.0007793579716235399,,,,,,,abstained,1,0,0.0,0.0,0,,0,,,,,,,,,ARC-AGI-2,f3283f727488ad98fe575ea6a5ac981e4a188e49,training,485
83302e8f,no_exact_program,49,0,0.0010086699621751904,,,,,,,abstained,1,0,0.0,0.0,0,,0,,,,,,,,,ARC-AGI-2,f3283f727488ad98fe575ea6a5ac981e4a188e49,training,486
833966f4,no_exact_program,49,0,0.0006751039763912559,,,,,,,abstained,1,0,0.0,0.0,0,,0,,,,,,,,,ARC-AGI-2,f3283f727488ad98fe575ea6a5ac981e4a188e49,training,487
833dafe3,unsupported_shape_change,0,0,1.1549564078450203e-06,,,,,,,abstained,1,0,0.0,0.0,0,,0,,,,,,,,,ARC-AGI-2,f3283f727488ad98fe575ea6a5ac981e4a188e49,training,488
834ec97d,no_exact_program,49,0,0.0006913449615240097,,,,,,,abstained,1,0,0.0,0.0,0,,0,,,,,,,,,ARC-AGI-2,f3283f727488ad98fe575ea6a5ac981e4a188e49,training,489
83b6b474,unsupported_shape_change,0,0,1.0570511221885681e-06,,,,,,,abstained,1,0,0.0,0.0,0,,0,,,,,,,,,ARC-AGI-2,f3283f727488ad98fe575ea6a5ac981e4a188e49,training,490
83eb0a57,unsupported_shape_change,0,0,1.0629883036017418e-06,,,,,,,abstained,1,0,0.0,0.0,0,,0,,,,,,,,,ARC-AGI-2,f3283f727488ad98fe575ea6a5ac981e4a188e49,training,491
8403a5d5,no_exact_program,49,0,0.000713336979970336,,,,,,,abstained,1,0,0.0,0.0,0,,0,,,,,,,,,ARC-AGI-2,f3283f727488ad98fe575ea6a5ac981e4a188e49,training,492
84551f4c,no_exact_program,49,0,0.0006894579855725169,,,,,,,abstained,2,0,0.0,0.0,0,,0,,,,,,,,,ARC-AGI-2,f3283f727488ad98fe575ea6a5ac981e4a188e49,training,493
845d6e51,no_exact_program,49,0,0.000781003967858851,,,,,,,abstained,1,0,0.0,0.0,0,,0,,,,,,,,,ARC-AGI-2,f3283f727488ad98fe575ea6a5ac981e4a188e49,training,494
846bdb03,unsupported_shape_change,0,0,1.300009898841381e-06,,,,,,,abstained,1,0,0.0,0.0,0,,0,,,,,,,,,ARC-AGI-2,f3283f727488ad98fe575ea6a5ac981e4a188e49,training,495
84ba50d3,no_exact_program,49,0,0.0007171389879658818,,,,,,,abstained,1,0,0.0,0.0,0,,0,,,,,,,,,ARC-AGI-2,f3283f727488ad98fe575ea6a5ac981e4a188e49,training,496
84db8fc4,no_exact_program,49,0,0.0007524971151724458,,,,,,,abstained,1,0,0.0,0.0,0,,0,,,,,,,,,ARC-AGI-2,f3283f727488ad98fe575ea6a5ac981e4a188e49,training,497
84f2aca1,no_exact_program,49,0,0.0007494810270145535,,,,,,,abstained,1,0,0.0,0.0,0,,0,,,,,,,,,ARC-AGI-2,f3283f727488ad98fe575ea6a5ac981e4a188e49,training,498
855e0971,no_exact_program,49,0,0.0007985209813341498,,,,,,,abstained,1,0,0.0,0.0,0,,0,,,,,,,,,ARC-AGI-2,f3283f727488ad98fe575ea6a5ac981e4a188e49,training,499
8597cfd7,unsupported_shape_change,0,0,1.1379597708582878e-06,,,,,,,abstained,1,0,0.0,0.0,0,,0,,,,,,,,,ARC-AGI-2,f3283f727488ad98fe575ea6a5ac981e4a188e49,training,500
85b81ff1,no_exact_program,49,0,0.0008716020965948701,,,,,,,abstained,1,0,0.0,0.0,0,,0,,,,,,,,,ARC-AGI-2,f3283f727488ad98fe575ea6a5ac981e4a188e49,training,501
85c4e7cd,no_exact_program,49,0,0.0007536429911851883,,,,,,,abstained,1,0,0.0,0.0,0,,0,,,,,,,,,ARC-AGI-2,f3283f727488ad98fe575ea6a5ac981e4a188e49,training,502
85fa5666,no_exact_program,49,0,0.0007416530279442668,,,,,,,abstained,1,0,0.0,0.0,0,,0,,,,,,,,,ARC-AGI-2,f3283f727488ad98fe575ea6a5ac981e4a188e49,training,503
8618d23e,unsupported_shape_change,0,0,1.3719545677304268e-06,,,,,,,abstained,1,0,0.0,0.0,0,,0,,,,,,,,,ARC-AGI-2,f3283f727488ad98fe575ea6a5ac981e4a188e49,training,504
868de0fa,no_exact_program,49,0,0.0008049940224736929,,,,,,,abstained,1,0,0.0,0.0,0,,0,,,,,,,,,ARC-AGI-2,f3283f727488ad98fe575ea6a5ac981e4a188e49,training,505
8719f442,unsupported_shape_change,0,0,1.108972355723381e-06,,,,,,,abstained,1,0,0.0,0.0,0,,0,,,,,,,,,ARC-AGI-2,f3283f727488ad98fe575ea6a5ac981e4a188e49,training,506
8731374e,unsupported_shape_change,0,0,1.076958142220974e-06,,,,,,,abstained,1,0,0.0,0.0,0,,0,,,,,,,,,ARC-AGI-2,f3283f727488ad98fe575ea6a5ac981e4a188e49,training,507
878187ab,unsupported_shape_change,0,0,1.5459954738616943e-06,,,,,,,abstained,1,0,0.0,0.0,0,,0,,,,,,,,,ARC-AGI-2,f3283f727488ad98fe575ea6a5ac981e4a188e49,training,508
87ab05b8,no_exact_program,49,0,0.000695065944455564,,,,,,,abstained,1,0,0.0,0.0,0,,0,,,,,,,,,ARC-AGI-2,f3283f727488ad98fe575ea6a5ac981e4a188e49,training,509
880c1354,no_exact_program,49,0,0.000712899025529623,,,,,,,abstained,1,0,0.0,0.0,0,,0,,,,,,,,,ARC-AGI-2,f3283f727488ad98fe575ea6a5ac981e4a188e49,training,510
88207623,no_exact_program,49,0,0.0007331910310313106,,,,,,,abstained,1,0,0.0,0.0,0,,0,,,,,,,,,ARC-AGI-2,f3283f727488ad98fe575ea6a5ac981e4a188e49,training,511
8886d717,no_exact_program,49,0,0.0007339779986068606,,,,,,,abstained,1,0,0.0,0.0,0,,0,,,,,,,,,ARC-AGI-2,f3283f727488ad98fe575ea6a5ac981e4a188e49,training,512
88a10436,no_exact_program,49,0,0.0007051009451970458,,,,,,,abstained,1,0,0.0,0.0,0,,0,,,,,,,,,ARC-AGI-2,f3283f727488ad98fe575ea6a5ac981e4a188e49,training,513
88a62173,unsupported_shape_change,0,0,1.1569354683160782e-06,,,,,,,abstained,1,0,0.0,0.0,0,,0,,,,,,,,,ARC-AGI-2,f3283f727488ad98fe575ea6a5ac981e4a188e49,training,514
890034e9,no_exact_program,49,0,0.0008318630279973149,,,,,,,abstained,1,0,0.0,0.0,0,,0,,,,,,,,,ARC-AGI-2,f3283f727488ad98fe575ea6a5ac981e4a188e49,training,515
891232d6,no_exact_program,49,0,0.0009156320011243224,,,,,,,abstained,1,0,0.0,0.0,0,,0,,,,,,,,,ARC-AGI-2,f3283f727488ad98fe575ea6a5ac981e4a188e49,training,516
896d5239,no_exact_program,49,0,0.0007505400571972132,,,,,,,abstained,1,0,0.0,0.0,0,,0,,,,,,,,,ARC-AGI-2,f3283f727488ad98fe575ea6a5ac981e4a188e49,training,517
8a004b2b,unsupported_shape_change,0,0,1.293024979531765e-06,,,,,,,abstained,1,0,0.0,0.0,0,,0,,,,,,,,,ARC-AGI-2,f3283f727488ad98fe575ea6a5ac981e4a188e49,training,518
8a371977,no_exact_program,49,0,0.0009022169979289174,,,,,,,abstained,1,0,0.0,0.0,0,,0,,,,,,,,,ARC-AGI-2,f3283f727488ad98fe575ea6a5ac981e4a188e49,training,519
8a6d367c,unsupported_shape_change,0,0,1.1470401659607887e-06,,,,,,,abstained,1,0,0.0,0.0,0,,0,,,,,,,,,ARC-AGI-2,f3283f727488ad98fe575ea6a5ac981e4a188e49,training,520
8abad3cf,unsupported_shape_change,0,0,1.0569347068667412e-06,,,,,,,abstained,1,0,0.0,0.0,0,,0,,,,,,,,,ARC-AGI-2,f3283f727488ad98fe575ea6a5ac981e4a188e49,training,521
8b28cd80,unsupported_shape_change,0,0,9.59029421210289e-07,,,,,,,abstained,2,0,0.0,0.0,0,,0,,,,,,,,,ARC-AGI-2,f3283f727488ad98fe575ea6a5ac981e4a188e49,training,522
8ba14f53,unsupported_shape_change,0,0,1.00000761449337e-06,,,,,,,abstained,1,0,0.0,0.0,0,,0,,,,,,,,,ARC-AGI-2,f3283f727488ad98fe575ea6a5ac981e4a188e49,training,523
8be77c9e,unsupported_shape_change,0,0,1.0461080819368362e-06,,,,,,,abstained,1,0,0.0,0.0,0,,0,,,,,,,,,ARC-AGI-2,f3283f727488ad98fe575ea6a5ac981e4a188e49,training,524
8cb8642d,no_exact_program,49,0,0.0007644540164619684,,,,,,,abstained,1,0,0.0,0.0,0,,0,,,,,,,,,ARC-AGI-2,f3283f727488ad98fe575ea6a5ac981e4a188e49,training,525
8d5021e8,unsupported_shape_change,0,0,1.1168885976076126e-06,,,,,,,abstained,1,0,0.0,0.0,0,,0,,,,,,,,,ARC-AGI-2,f3283f727488ad98fe575ea6a5ac981e4a188e49,training,526
8d510a79,no_exact_program,49,0,0.0007051649736240506,,,,,,,abstained,1,0,0.0,0.0,0,,0,,,,,,,,,ARC-AGI-2,f3283f727488ad98fe575ea6a5ac981e4a188e49,training,527
8dab14c2,no_exact_program,49,0,0.0007730989018455148,,,,,,,abstained,4,0,0.0,0.0,0,,0,,,,,,,,,ARC-AGI-2,f3283f727488ad98fe575ea6a5ac981e4a188e49,training,528
8dae5dfc,no_exact_program,49,0,0.0008900340180844069,,,,,,,abstained,1,0,0.0,0.0,0,,0,,,,,,,,,ARC-AGI-2,f3283f727488ad98fe575ea6a5ac981e4a188e49,training,529
8e1813be,unsupported_shape_change,0,0,1.474982127547264e-06,,,,,,,abstained,1,0,0.0,0.0,0,,0,,,,,,,,,ARC-AGI-2,f3283f727488ad98fe575ea6a5ac981e4a188e49,training,530
8e2edd66,unsupported_shape_change,0,0,1.0349322110414505e-06,,,,,,,abstained,1,0,0.0,0.0,0,,0,,,,,,,,,ARC-AGI-2,f3283f727488ad98fe575ea6a5ac981e4a188e49,training,531
8e301a54,no_exact_program,49,0,0.0007410370744764805,,,,,,,abstained,1,0,0.0,0.0,0,,0,,,,,,,,,ARC-AGI-2,f3283f727488ad98fe575ea6a5ac981e4a188e49,training,532
8e5a5113,no_exact_program,49,0,0.0006980400066822767,,,,,,,abstained,1,0,0.0,0.0,0,,0,,,,,,,,,ARC-AGI-2,f3283f727488ad98fe575ea6a5ac981e4a188e49,training,533
8eb1be9a,no_exact_program,49,0,0.0007385330973193049,,,,,,,abstained,1,0,0.0,0.0,0,,0,,,,,,,,,ARC-AGI-2,f3283f727488ad98fe575ea6a5ac981e4a188e49,training,534
8ee62060,no_exact_program,49,0,0.0007818760350346565,,,,,,,abstained,1,0,0.0,0.0,0,,0,,,,,,,,,ARC-AGI-2,f3283f727488ad98fe575ea6a5ac981e4a188e49,training,535
8efcae92,unsupported_shape_change,0,0,1.1470401659607887e-06,,,,,,,abstained,1,0,0.0,0.0,0,,0,,,,,,,,,ARC-AGI-2,f3283f727488ad98fe575ea6a5ac981e4a188e49,training,536
8f2ea7aa,no_exact_program,49,0,0.0007190360920503736,,,,,,,abstained,1,0,0.0,0.0,0,,0,,,,,,,,,ARC-AGI-2,f3283f727488ad98fe575ea6a5ac981e4a188e49,training,537
8fbca751,no_exact_program,73,0,0.004626831971108913,,,,,,,abstained,1,0,0.0,0.0,0,,0,,,,,,,,,ARC-AGI-2,f3283f727488ad98fe575ea6a5ac981e4a188e49,training,538
8fff9e47,unsupported_shape_change,0,0,1.3030366972088814e-06,,,,,,,abstained,1,0,0.0,0.0,0,,0,,,,,,,,,ARC-AGI-2,f3283f727488ad98fe575ea6a5ac981e4a188e49,training,539
902510d5,no_exact_program,49,0,0.0008264490170404315,,,,,,,abstained,1,0,0.0,0.0,0,,0,,,,,,,,,ARC-AGI-2,f3283f727488ad98fe575ea6a5ac981e4a188e49,training,540
90347967,no_exact_program,49,0,0.0007070209830999374,,,,,,,abstained,1,0,0.0,0.0,0,,0,,,,,,,,,ARC-AGI-2,f3283f727488ad98fe575ea6a5ac981e4a188e49,training,541
90c28cc7,unsupported_shape_change,0,0,1.1069932952523232e-06,,,,,,,abstained,1,0,0.0,0.0,0,,0,,,,,,,,,ARC-AGI-2,f3283f727488ad98fe575ea6a5ac981e4a188e49,training,542
90f3ed37,no_exact_program,73,0,0.004883965011686087,,,,,,,abstained,1,0,0.0,0.0,0,,0,,,,,,,,,ARC-AGI-2,f3283f727488ad98fe575ea6a5ac981e4a188e49,training,543
9110e3c5,unsupported_shape_change,0,0,1.2189848348498344e-06,,,,,,,abstained,2,0,0.0,0.0,0,,0,,,,,,,,,ARC-AGI-2,f3283f727488ad98fe575ea6a5ac981e4a188e49,training,544
913fb3ed,no_exact_program,49,0,0.0007457470055669546,,,,,,,abstained,1,0,0.0,0.0,0,,0,,,,,,,,,ARC-AGI-2,f3283f727488ad98fe575ea6a5ac981e4a188e49,training,545
91413438,unsupported_shape_change,0,0,1.2780074030160904e-06,,,,,,,abstained,1,0,0.0,0.0,0,,0,,,,,,,,,ARC-AGI-2,f3283f727488ad98fe575ea6a5ac981e4a188e49,training,546
91714a58,no_exact_program,49,0,0.0008172059897333384,,,,,,,abstained,1,0,0.0,0.0,0,,0,,,,,,,,,ARC-AGI-2,f3283f727488ad98fe575ea6a5ac981e4a188e49,training,547
9172f3a0,unsupported_shape_change,0,0,1.285923644900322e-06,,,,,,,abstained,1,0,0.0,0.0,0,,0,,,,,,,,,ARC-AGI-2,f3283f727488ad98fe575ea6a5ac981e4a188e49,training,548
917bccba,no_exact_program,49,0,0.000751835061237216,,,,,,,abstained,1,0,0.0,0.0,0,,0,,,,,,,,,ARC-AGI-2,f3283f727488ad98fe575ea6a5ac981e4a188e49,training,549
928ad970,no_exact_program,49,0,0.0007552319439128041,,,,,,,abstained,1,0,0.0,0.0,0,,0,,,,,,,,,ARC-AGI-2,f3283f727488ad98fe575ea6a5ac981e4a188e49,training,550
92e50de0,no_exact_program,49,0,0.0009258950594812632,,,,,,,abstained,1,0,0.0,0.0,0,,0,,,,,,,,,ARC-AGI-2,f3283f727488ad98fe575ea6a5ac981e4a188e49,training,551
9344f635,no_exact_program,49,0,0.0007308439817279577,,,,,,,abstained,1,0,0.0,0.0,0,,0,,,,,,,,,ARC-AGI-2,f3283f727488ad98fe575ea6a5ac981e4a188e49,training,552
9356391f,no_exact_program,49,0,0.0007437349995598197,,,,,,,abstained,1,0,0.0,0.0,0,,0,,,,,,,,,ARC-AGI-2,f3283f727488ad98fe575ea6a5ac981e4a188e49,training,553
93b4f4b3,unsupported_shape_change,0,0,1.3129319995641708e-06,,,,,,,abstained,1,0,0.0,0.0,0,,0,,,,,,,,,ARC-AGI-2,f3283f727488ad98fe575ea6a5ac981e4a188e49,training,554
93b581b8,no_exact_program,49,0,0.0007141870446503162,,,,,,,abstained,1,0,0.0,0.0,0,,0,,,,,,,,,ARC-AGI-2,f3283f727488ad98fe575ea6a5ac981e4a188e49,training,555
93c31fbe,no_exact_program,49,0,0.0009027209598571062,,,,,,,abstained,1,0,0.0,0.0,0,,0,,,,,,,,,ARC-AGI-2,f3283f727488ad98fe575ea6a5ac981e4a188e49,training,556
94133066,unsupported_shape_change,0,0,1.6039703041315079e-06,,,,,,,abstained,1,0,0.0,0.0,0,,0,,,,,,,,,ARC-AGI-2,f3283f727488ad98fe575ea6a5ac981e4a188e49,training,557
941d9a10,no_exact_program,49,0,0.0007272779475897551,,,,,,,abstained,1,0,0.0,0.0,0,,0,,,,,,,,,ARC-AGI-2,f3283f727488ad98fe575ea6a5ac981e4a188e49,training,558
94414823,no_exact_program,49,0,0.0007372370455414057,,,,,,,abstained,1,0,0.0,0.0,0,,0,,,,,,,,,ARC-AGI-2,f3283f727488ad98fe575ea6a5ac981e4a188e49,training,559
9473c6fb,no_exact_program,49,0,0.0007025670493021607,,,,,,,abstained,1,0,0.0,0.0,0,,0,,,,,,,,,ARC-AGI-2,f3283f727488ad98fe575ea6a5ac981e4a188e49,training,560
94be5b80,no_exact_program,49,0,0.0007526259869337082,,,,,,,abstained,1,0,0.0,0.0,0,,0,,,,,,,,,ARC-AGI-2,f3283f727488ad98fe575ea6a5ac981e4a188e49,training,561
94f9d214,unsupported_shape_change,0,0,1.159030944108963e-06,,,,,,,abstained,1,0,0.0,0.0,0,,0,,,,,,,,,ARC-AGI-2,f3283f727488ad98fe575ea6a5ac981e4a188e49,training,562
952a094c,no_exact_program,49,0,0.0007213769713416696,,,,,,,abstained,1,0,0.0,0.0,0,,0,,,,,,,,,ARC-AGI-2,f3283f727488ad98fe575ea6a5ac981e4a188e49,training,563
9565186b,no_exact_program,49,0,0.0006965320790186524,,,,,,,abstained,1,0,0.0,0.0,0,,0,,,,,,,,,ARC-AGI-2,f3283f727488ad98fe575ea6a5ac981e4a188e49,training,564
95755ff2,no_exact_program,49,0,0.0007348710205405951,,,,,,,abstained,1,0,0.0,0.0,0,,0,,,,,,,,,ARC-AGI-2,f3283f727488ad98fe575ea6a5ac981e4a188e49,training,565
95990924,no_exact_program,49,0,0.0007426890078932047,,,,,,,abstained,1,0,0.0,0.0,0,,0,,,,,,,,,ARC-AGI-2,f3283f727488ad98fe575ea6a5ac981e4a188e49,training,566
95a58926,no_exact_program,49,0,0.0008398320060223341,,,,,,,abstained,1,0,0.0,0.0,0,,0,,,,,,,,,ARC-AGI-2,f3283f727488ad98fe575ea6a5ac981e4a188e49,training,567
963c33f8,no_exact_program,49,0,0.0007620450342074037,,,,,,,abstained,1,0,0.0,0.0,0,,0,,,,,,,,,ARC-AGI-2,f3283f727488ad98fe575ea6a5ac981e4a188e49,training,568
963e52fc,unsupported_shape_change,0,0,1.1739321053028107e-06,,,,,,,abstained,1,0,0.0,0.0,0,,0,,,,,,,,,ARC-AGI-2,f3283f727488ad98fe575ea6a5ac981e4a188e49,training,569
963f59bc,no_exact_program,49,0,0.0008094230433925986,,,,,,,abstained,1,0,0.0,0.0,0,,0,,,,,,,,,ARC-AGI-2,f3283f727488ad98fe575ea6a5ac981e4a188e49,training,570
96a8c0cd,no_exact_program,85,0,0.010467975051142275,,,,,,,abstained,1,0,0.0,0.0,0,,0,,,,,,,,,ARC-AGI-2,f3283f727488ad98fe575ea6a5ac981e4a188e49,training,571
9720b24f,no_exact_program,49,0,0.0007448929827660322,,,,,,,abstained,1,0,0.0,0.0,0,,0,,,,,,,,,ARC-AGI-2,f3283f727488ad98fe575ea6a5ac981e4a188e49,training,572
97239e3d,no_exact_program,49,0,0.0007842829218134284,,,,,,,abstained,1,0,0.0,0.0,0,,0,,,,,,,,,ARC-AGI-2,f3283f727488ad98fe575ea6a5ac981e4a188e49,training,573
973e499e,unsupported_shape_change,0,0,1.3819662854075432e-06,,,,,,,abstained,2,0,0.0,0.0,0,,0,,,,,,,,,ARC-AGI-2,f3283f727488ad98fe575ea6a5ac981e4a188e49,training,574
9772c176,no_exact_program,73,0,0.00551361998077482,,,,,,,abstained,1,0,0.0,0.0,0,,0,,,,,,,,,ARC-AGI-2,f3283f727488ad98fe575ea6a5ac981e4a188e49,training,575
97999447,no_exact_program,49,0,0.0007354699773713946,,,,,,,abstained,1,0,0.0,0.0,0,,0,,,,,,,,,ARC-AGI-2,f3283f727488ad98fe575ea6a5ac981e4a188e49,training,576
97a05b5b,unsupported_shape_change,0,0,1.3050157576799393e-06,,,,,,,abstained,1,0,0.0,0.0,0,,0,,,,,,,,,ARC-AGI-2,f3283f727488ad98fe575ea6a5ac981e4a188e49,training,577
97c75046,no_exact_program,49,0,0.0007032349240034819,,,,,,,abstained,1,0,0.0,0.0,0,,0,,,,,,,,,ARC-AGI-2,f3283f727488ad98fe575ea6a5ac981e4a188e49,training,578
981add89,no_exact_program,49,0,0.0008336750324815512,,,,,,,abstained,1,0,0.0,0.0,0,,0,,,,,,,,,ARC-AGI-2,f3283f727488ad98fe575ea6a5ac981e4a188e49,training,579
9841fdad,no_exact_program,49,0,0.0007554290350526571,,,,,,,abstained,1,0,0.0,0.0,0,,0,,,,,,,,,ARC-AGI-2,f3283f727488ad98fe575ea6a5ac981e4a188e49,training,580
984d8a3e,no_exact_program,49,0,0.0007052849978208542,,,,,,,abstained,1,0,0.0,0.0,0,,0,,,,,,,,,ARC-AGI-2,f3283f727488ad98fe575ea6a5ac981e4a188e49,training,581
985ae207,no_exact_program,49,0,0.0008057620143517852,,,,,,,abstained,1,0,0.0,0.0,0,,0,,,,,,,,,ARC-AGI-2,f3283f727488ad98fe575ea6a5ac981e4a188e49,training,582
98c475bf,no_exact_program,49,0,0.000845571979880333,,,,,,,abstained,1,0,0.0,0.0,0,,0,,,,,,,,,ARC-AGI-2,f3283f727488ad98fe575ea6a5ac981e4a188e49,training,583
98cf29f8,no_exact_program,49,0,0.0007662009447813034,,,,,,,abstained,1,0,0.0,0.0,0,,0,,,,,,,,,ARC-AGI-2,f3283f727488ad98fe575ea6a5ac981e4a188e49,training,584
992798f6,no_exact_program,85,0,0.009087354992516339,,,,,,,abstained,1,0,0.0,0.0,0,,0,,,,,,,,,ARC-AGI-2,f3283f727488ad98fe575ea6a5ac981e4a188e49,training,585
99306f82,no_exact_program,49,0,0.0007510589202865958,,,,,,,abstained,1,0,0.0,0.0,0,,0,,,,,,,,,ARC-AGI-2,f3283f727488ad98fe575ea6a5ac981e4a188e49,training,586
995c5fa3,unsupported_shape_change,0,0,1.218053512275219e-06,,,,,,,abstained,1,0,0.0,0.0,0,,0,,,,,,,,,ARC-AGI-2,f3283f727488ad98fe575ea6a5ac981e4a188e49,training,587
9968a131,no_exact_program,49,0,0.0006923829205334187,,,,,,,abstained,1,0,0.0,0.0,0,,0,,,,,,,,,ARC-AGI-2,f3283f727488ad98fe575ea6a5ac981e4a188e49,training,588
996ec1f3,unsupported_shape_change,0,0,1.167994923889637e-06,,,,,,,abstained,1,0,0.0,0.0,0,,0,,,,,,,,,ARC-AGI-2,f3283f727488ad98fe575ea6a5ac981e4a188e49,training,589
99b1bc43,unsupported_shape_change,0,0,1.0100193321704865e-06,,,,,,,abstained,1,0,0.0,0.0,0,,0,,,,,,,,,ARC-AGI-2,f3283f727488ad98fe575ea6a5ac981e4a188e49,training,590
99caaf76,no_exact_program,49,0,0.0007163370028138161,,,,,,,abstained,1,0,0.0,0.0,0,,0,,,,,,,,,ARC-AGI-2,f3283f727488ad98fe575ea6a5ac981e4a188e49,training,591
99fa7670,no_exact_program,49,0,0.0006903440225869417,,,,,,,abstained,1,0,0.0,0.0,0,,0,,,,,,,,,ARC-AGI-2,f3283f727488ad98fe575ea6a5ac981e4a188e49,training,592
9a4bb226,unsupported_shape_change,0,0,1.152046024799347e-06,,,,,,,abstained,1,0,0.0,0.0,0,,0,,,,,,,,,ARC-AGI-2,f3283f727488ad98fe575ea6a5ac981e4a188e49,training,593
9aec4887,unsupported_shape_change,0,0,9.560026228427887e-07,,,,,,,abstained,1,0,0.0,0.0,0,,0,,,,,,,,,ARC-AGI-2,f3283f727488ad98fe575ea6a5ac981e4a188e49,training,594
9af7a82c,unsupported_shape_change,0,0,8.859205991029739e-07,,,,,,,abstained,1,0,0.0,0.0,0,,0,,,,,,,,,ARC-AGI-2,f3283f727488ad98fe575ea6a5ac981e4a188e49,training,595
9b2a60aa,no_exact_program,49,0,0.0007964210817590356,,,,,,,abstained,1,0,0.0,0.0,0,,0,,,,,,,,,ARC-AGI-2,f3283f727488ad98fe575ea6a5ac981e4a188e49,training,596
9b30e358,no_exact_program,49,0,0.0006873189704492688,,,,,,,abstained,1,0,0.0,0.0,0,,0,,,,,,,,,ARC-AGI-2,f3283f727488ad98fe575ea6a5ac981e4a188e49,training,597
9b365c51,no_exact_program,49,0,0.0007346320198848844,,,,,,,abstained,1,0,0.0,0.0,0,,0,,,,,,,,,ARC-AGI-2,f3283f727488ad98fe575ea6a5ac981e4a188e49,training,598
9b4c17c4,no_exact_program,49,0,0.0007743190508335829,,,,,,,abstained,2,0,0.0,0.0,0,,0,,,,,,,,,ARC-AGI-2,f3283f727488ad98fe575ea6a5ac981e4a188e49,training,599
9b5080bb,no_exact_program,49,0,0.0008844020776450634,,,,,,,abstained,1,0,0.0,0.0,0,,0,,,,,,,,,ARC-AGI-2,f3283f727488ad98fe575ea6a5ac981e4a188e49,training,600
9ba4a9aa,unsupported_shape_change,0,0,1.386040821671486e-06,,,,,,,abstained,1,0,0.0,0.0,0,,0,,,,,,,,,ARC-AGI-2,f3283f727488ad98fe575ea6a5ac981e4a188e49,training,601
9bebae7a,no_exact_program,49,0,0.0008384559769183397,,,,,,,abstained,1,0,0.0,0.0,0,,0,,,,,,,,,ARC-AGI-2,f3283f727488ad98fe575ea6a5ac981e4a188e49,training,602
9c1e755f,no_exact_program,49,0,0.000763782998546958,,,,,,,abstained,1,0,0.0,0.0,0,,0,,,,,,,,,ARC-AGI-2,f3283f727488ad98fe575ea6a5ac981e4a188e49,training,603
9c56f360,no_exact_program,49,0,0.0007198989624157548,,,,,,,abstained,1,0,0.0,0.0,0,,0,,,,,,,,,ARC-AGI-2,f3283f727488ad98fe575ea6a5ac981e4a188e49,training,604
9caba7c3,no_exact_program,49,0,0.0008114170050248504,,,,,,,abstained,1,0,0.0,0.0,0,,0,,,,,,,,,ARC-AGI-2,f3283f727488ad98fe575ea6a5ac981e4a188e49,training,605
9caf5b84,no_exact_program,49,0,0.0007057760376483202,,,,,,,abstained,1,0,0.0,0.0,0,,0,,,,,,,,,ARC-AGI-2,f3283f727488ad98fe575ea6a5ac981e4a188e49,training,606
9d9215db,no_exact_program,49,0,0.000798569992184639,,,,,,,abstained,1,0,0.0,0.0,0,,0,,,,,,,,,ARC-AGI-2,f3283f727488ad98fe575ea6a5ac981e4a188e49,training,607
9ddd00f0,no_exact_program,49,0,0.0006994170835241675,,,,,,,abstained,1,0,0.0,0.0,0,,0,,,,,,,,,ARC-AGI-2,f3283f727488ad98fe575ea6a5ac981e4a188e49,training,608
9def23fe,no_exact_program,97,0,0.01219321507960558,,,,,,,abstained,1,0,0.0,0.0,0,,0,,,,,,,,,ARC-AGI-2,f3283f727488ad98fe575ea6a5ac981e4a188e49,training,609
9dfd6313,no_exact_program,49,0,0.0007100979564711452,,,,,,,abstained,1,0,0.0,0.0,0,,0,,,,,,,,,ARC-AGI-2,f3283f727488ad98fe575ea6a5ac981e4a188e49,training,610
9edfc990,selected,157,1,0.030855487915687263,propagate:1:0:1:4:fixed_point,propagate,19.0,8.0,27.0,35.0,solved,1,1,1.0,1.0,1,1.0,256,8.0,8.0,fixed_point,112632.0,71680.0,40952.0,0.00032883393578231335,0.0003500980092212558,ARC-AGI-2,f3283f727488ad98fe575ea6a5ac981e4a188e49,training,611
9f236235,unsupported_shape_change,0,0,1.400010660290718e-06,,,,,,,abstained,1,0,0.0,0.0,0,,0,,,,,,,,,ARC-AGI-2,f3283f727488ad98fe575ea6a5ac981e4a188e49,training,612
9f27f097,no_exact_program,49,0,0.0008155370596796274,,,,,,,abstained,1,0,0.0,0.0,0,,0,,,,,,,,,ARC-AGI-2,f3283f727488ad98fe575ea6a5ac981e4a188e49,training,613
9f41bd9c,no_exact_program,49,0,0.0007481280481442809,,,,,,,abstained,1,0,0.0,0.0,0,,0,,,,,,,,,ARC-AGI-2,f3283f727488ad98fe575ea6a5ac981e4a188e49,training,614
9f5f939b,no_exact_program,73,0,0.00479131902102381,,,,,,,abstained,1,0,0.0,0.0,0,,0,,,,,,,,,ARC-AGI-2,f3283f727488ad98fe575ea6a5ac981e4a188e49,training,615
9f669b64,no_exact_program,49,0,0.0007137990323826671,,,,,,,abstained,1,0,0.0,0.0,0,,0,,,,,,,,,ARC-AGI-2,f3283f727488ad98fe575ea6a5ac981e4a188e49,training,616
9f8de559,no_exact_program,49,0,0.000838147010654211,,,,,,,abstained,1,0,0.0,0.0,0,,0,,,,,,,,,ARC-AGI-2,f3283f727488ad98fe575ea6a5ac981e4a188e49,training,617
a04b2602,no_exact_program,49,0,0.0008150560315698385,,,,,,,abstained,1,0,0.0,0.0,0,,0,,,,,,,,,ARC-AGI-2,f3283f727488ad98fe575ea6a5ac981e4a188e49,training,618
a096bf4d,no_exact_program,49,0,0.0008466660510748625,,,,,,,abstained,1,0,0.0,0.0,0,,0,,,,,,,,,ARC-AGI-2,f3283f727488ad98fe575ea6a5ac981e4a188e49,training,619
a09f6c25,no_exact_program,49,0,0.0008350890129804611,,,,,,,abstained,2,0,0.0,0.0,0,,0,,,,,,,,,ARC-AGI-2,f3283f727488ad98fe575ea6a5ac981e4a188e49,training,620
a1570a43,no_exact_program,49,0,0.0007253610529005527,,,,,,,abstained,1,0,0.0,0.0,0,,0,,,,,,,,,ARC-AGI-2,f3283f727488ad98fe575ea6a5ac981e4a188e49,training,621
a1aa0c1e,unsupported_shape_change,0,0,1.176958903670311e-06,,,,,,,abstained,1,0,0.0,0.0,0,,0,,,,,,,,,ARC-AGI-2,f3283f727488ad98fe575ea6a5ac981e4a188e49,training,622
a2d730bd,no_exact_program,49,0,0.0007827869849279523,,,,,,,abstained,1,0,0.0,0.0,0,,0,,,,,,,,,ARC-AGI-2,f3283f727488ad98fe575ea6a5ac981e4a188e49,training,623
a2fd1cf0,no_exact_program,85,0,0.008738077944144607,,,,,,,abstained,1,0,0.0,0.0,0,,0,,,,,,,,,ARC-AGI-2,f3283f727488ad98fe575ea6a5ac981e4a188e49,training,624
a3325580,unsupported_shape_change,0,0,1.2489035725593567e-06,,,,,,,abstained,1,0,0.0,0.0,0,,0,,,,,,,,,ARC-AGI-2,f3283f727488ad98fe575ea6a5ac981e4a188e49,training,625
a3f84088,no_exact_program,49,0,0.0007862290367484093,,,,,,,abstained,1,0,0.0,0.0,0,,0,,,,,,,,,ARC-AGI-2,f3283f727488ad98fe575ea6a5ac981e4a188e49,training,626
a406ac07,no_exact_program,49,0,0.000715334084816277,,,,,,,abstained,1,0,0.0,0.0,0,,0,,,,,,,,,ARC-AGI-2,f3283f727488ad98fe575ea6a5ac981e4a188e49,training,627
a416b8f3,unsupported_shape_change,0,0,1.1869706213474274e-06,,,,,,,abstained,1,0,0.0,0.0,0,,0,,,,,,,,,ARC-AGI-2,f3283f727488ad98fe575ea6a5ac981e4a188e49,training,628
a416fc5b,unsupported_shape_change,0,0,1.552049070596695e-06,,,,,,,abstained,1,0,0.0,0.0,0,,0,,,,,,,,,ARC-AGI-2,f3283f727488ad98fe575ea6a5ac981e4a188e49,training,629
a48eeaf7,no_exact_program,49,0,0.0006950550014153123,,,,,,,abstained,1,0,0.0,0.0,0,,0,,,,,,,,,ARC-AGI-2,f3283f727488ad98fe575ea6a5ac981e4a188e49,training,630
a5313dff,no_exact_program,73,0,0.004521877970546484,,,,,,,abstained,1,0,0.0,0.0,0,,0,,,,,,,,,ARC-AGI-2,f3283f727488ad98fe575ea6a5ac981e4a188e49,training,631
a57f2f04,no_exact_program,49,0,0.0008377949707210064,,,,,,,abstained,1,0,0.0,0.0,0,,0,,,,,,,,,ARC-AGI-2,f3283f727488ad98fe575ea6a5ac981e4a188e49,training,632
a59b95c0,unsupported_shape_change,0,0,1.3409880921244621e-06,,,,,,,abstained,1,0,0.0,0.0,0,,0,,,,,,,,,ARC-AGI-2,f3283f727488ad98fe575ea6a5ac981e4a188e49,training,633
a5f85a15,no_exact_program,49,0,0.0006901089800521731,,,,,,,abstained,1,0,0.0,0.0,0,,0,,,,,,,,,ARC-AGI-2,f3283f727488ad98fe575ea6a5ac981e4a188e49,training,634
a61ba2ce,unsupported_shape_change,0,0,1.1139782145619392e-06,,,,,,,abstained,1,0,0.0,0.0,0,,0,,,,,,,,,ARC-AGI-2,f3283f727488ad98fe575ea6a5ac981e4a188e49,training,635
a61f2674,no_exact_program,49,0,0.0007003119681030512,,,,,,,abstained,1,0,0.0,0.0,0,,0,,,,,,,,,ARC-AGI-2,f3283f727488ad98fe575ea6a5ac981e4a188e49,training,636
a644e277,unsupported_shape_change,0,0,1.1170050129294395e-06,,,,,,,abstained,1,0,0.0,0.0,0,,0,,,,,,,,,ARC-AGI-2,f3283f727488ad98fe575ea6a5ac981e4a188e49,training,637
a64e4611,no_exact_program,97,0,0.009190517012029886,,,,,,,abstained,1,0,0.0,0.0,0,,0,,,,,,,,,ARC-AGI-2,f3283f727488ad98fe575ea6a5ac981e4a188e49,training,638
a65b410d,no_exact_program,49,0,0.0007032109424471855,,,,,,,abstained,1,0,0.0,0.0,0,,0,,,,,,,,,ARC-AGI-2,f3283f727488ad98fe575ea6a5ac981e4a188e49,training,639
a680ac02,unsupported_shape_change,0,0,1.2009404599666595e-06,,,,,,,abstained,1,0,0.0,0.0,0,,0,,,,,,,,,ARC-AGI-2,f3283f727488ad98fe575ea6a5ac981e4a188e49,training,640
a68b268e,unsupported_shape_change,0,0,1.0569347068667412e-06,,,,,,,abstained,1,0,0.0,0.0,0,,0,,,,,,,,,ARC-AGI-2,f3283f727488ad98fe575ea6a5ac981e4a188e49,training,641
a6953f00,unsupported_shape_change,0,0,1.008971594274044e-06,,,,,,,abstained,1,0,0.0,0.0,0,,0,,,,,,,,,ARC-AGI-2,f3283f727488ad98fe575ea6a5ac981e4a188e49,training,642
a699fb00,no_exact_program,73,0,0.004506063996814191,,,,,,,abstained,1,0,0.0,0.0,0,,0,,,,,,,,,ARC-AGI-2,f3283f727488ad98fe575ea6a5ac981e4a188e49,training,643
a740d043,unsupported_shape_change,0,0,1.319916918873787e-06,,,,,,,abstained,1,0,0.0,0.0,0,,0,,,,,,,,,ARC-AGI-2,f3283f727488ad98fe575ea6a5ac981e4a188e49,training,644
a78176bb,no_exact_program,49,0,0.000714352005161345,,,,,,,abstained,1,0,0.0,0.0,0,,0,,,,,,,,,ARC-AGI-2,f3283f727488ad98fe575ea6a5ac981e4a188e49,training,645
a79310a0,no_exact_program,49,0,0.0006901610177010298,,,,,,,abstained,1,0,0.0,0.0,0,,0,,,,,,,,,ARC-AGI-2,f3283f727488ad98fe575ea6a5ac981e4a188e49,training,646
a834deea,no_exact_program,49,0,0.000714165042154491,,,,,,,abstained,1,0,0.0,0.0,0,,0,,,,,,,,,ARC-AGI-2,f3283f727488ad98fe575ea6a5ac981e4a188e49,training,647
a85d4709,no_exact_program,49,0,0.0006939140148460865,,,,,,,abstained,1,0,0.0,0.0,0,,0,,,,,,,,,ARC-AGI-2,f3283f727488ad98fe575ea6a5ac981e4a188e49,training,648
a8610ef7,no_exact_program,49,0,0.0007186480797827244,,,,,,,abstained,1,0,0.0,0.0,0,,0,,,,,,,,,ARC-AGI-2,f3283f727488ad98fe575ea6a5ac981e4a188e49,training,649
a87f7484,unsupported_shape_change,0,0,1.2709060683846474e-06,,,,,,,abstained,1,0,0.0,0.0,0,,0,,,,,,,,,ARC-AGI-2,f3283f727488ad98fe575ea6a5ac981e4a188e49,training,650
a8c38be5,unsupported_shape_change,0,0,1.066015101969242e-06,,,,,,,abstained,1,0,0.0,0.0,0,,0,,,,,,,,,ARC-AGI-2,f3283f727488ad98fe575ea6a5ac981e4a188e49,training,651
a8d7556c,no_exact_program,73,0,0.004486979101784527,,,,,,,abstained,1,0,0.0,0.0,0,,0,,,,,,,,,ARC-AGI-2,f3283f727488ad98fe575ea6a5ac981e4a188e49,training,652
a934301b,no_exact_program,49,0,0.0007566430140286684,,,,,,,abstained,1,0,0.0,0.0,0,,0,,,,,,,,,ARC-AGI-2,f3283f727488ad98fe575ea6a5ac981e4a188e49,training,653
a9f96cdd,no_exact_program,49,0,0.0006991650443524122,,,,,,,abstained,1,0,0.0,0.0,0,,0,,,,,,,,,ARC-AGI-2,f3283f727488ad98fe575ea6a5ac981e4a188e49,training,654
aa18de87,no_exact_program,109,0,0.009514476987533271,,,,,,,abstained,1,0,0.0,0.0,0,,0,,,,,,,,,ARC-AGI-2,f3283f727488ad98fe575ea6a5ac981e4a188e49,training,655
aa300dc3,no_exact_program,73,0,0.004446967039257288,,,,,,,abstained,1,0,0.0,0.0,0,,0,,,,,,,,,ARC-AGI-2,f3283f727488ad98fe575ea6a5ac981e4a188e49,training,656
aa62e3f4,no_exact_program,49,0,0.0007305699400603771,,,,,,,abstained,1,0,0.0,0.0,0,,0,,,,,,,,,ARC-AGI-2,f3283f727488ad98fe575ea6a5ac981e4a188e49,training,657
aab50785,unsupported_shape_change,0,0,1.217937096953392e-06,,,,,,,abstained,1,0,0.0,0.0,0,,0,,,,,,,,,ARC-AGI-2,f3283f727488ad98fe575ea6a5ac981e4a188e49,training,658
aabf363d,no_exact_program,49,0,0.0007058639312162995,,,,,,,abstained,1,0,0.0,0.0,0,,0,,,,,,,,,ARC-AGI-2,f3283f727488ad98fe575ea6a5ac981e4a188e49,training,659
aaecdb9a,unsupported_shape_change,0,0,1.2969831004738808e-06,,,,,,,abstained,1,0,0.0,0.0,0,,0,,,,,,,,,ARC-AGI-2,f3283f727488ad98fe575ea6a5ac981e4a188e49,training,660
aaef0977,no_exact_program,49,0,0.0006945020286366343,,,,,,,abstained,1,0,0.0,0.0,0,,0,,,,,,,,,ARC-AGI-2,f3283f727488ad98fe575ea6a5ac981e4a188e49,training,661
aba27056,no_exact_program,97,0,0.007857189979404211,,,,,,,abstained,1,0,0.0,0.0,0,,0,,,,,,,,,ARC-AGI-2,f3283f727488ad98fe575ea6a5ac981e4a188e49,training,662
abbfd121,unsupported_shape_change,0,0,1.308973878622055e-06,,,,,,,abstained,1,0,0.0,0.0,0,,0,,,,,,,,,ARC-AGI-2,f3283f727488ad98fe575ea6a5ac981e4a188e49,training,663
ac0a08a4,unsupported_shape_change,0,0,1.0010553523898125e-06,,,,,,,abstained,1,0,0.0,0.0,0,,0,,,,,,,,,ARC-AGI-2,f3283f727488ad98fe575ea6a5ac981e4a188e49,training,664
ac0c2ac3,no_exact_program,49,0,0.0007831190014258027,,,,,,,abstained,1,0,0.0,0.0,0,,0,,,,,,,,,ARC-AGI-2,f3283f727488ad98fe575ea6a5ac981e4a188e49,training,665
ac0c5833,no_exact_program,49,0,0.0009238059865310788,,,,,,,abstained,1,0,0.0,0.0,0,,0,,,,,,,,,ARC-AGI-2,f3283f727488ad98fe575ea6a5ac981e4a188e49,training,666
ac2e8ecf,no_exact_program,49,0,0.0007596929790452123,,,,,,,abstained,1,0,0.0,0.0,0,,0,,,,,,,,,ARC-AGI-2,f3283f727488ad98fe575ea6a5ac981e4a188e49,training,667
ac3e2b04,no_exact_program,49,0,0.0007472250144928694,,,,,,,abstained,1,0,0.0,0.0,0,,0,,,,,,,,,ARC-AGI-2,f3283f727488ad98fe575ea6a5ac981e4a188e49,training,668
ac605cbb,no_exact_program,49,0,0.0007406340446323156,,,,,,,abstained,1,0,0.0,0.0,0,,0,,,,,,,,,ARC-AGI-2,f3283f727488ad98fe575ea6a5ac981e4a188e49,training,669
ac6f9922,unsupported_shape_change,0,0,1.1380761861801147e-06,,,,,,,abstained,1,0,0.0,0.0,0,,0,,,,,,,,,ARC-AGI-2,f3283f727488ad98fe575ea6a5ac981e4a188e49,training,670
ad173014,no_exact_program,49,0,0.0008381550433114171,,,,,,,abstained,1,0,0.0,0.0,0,,0,,,,,,,,,ARC-AGI-2,f3283f727488ad98fe575ea6a5ac981e4a188e49,training,671
ad38a9d0,no_exact_program,49,0,0.0006956349825486541,,,,,,,abstained,1,0,0.0,0.0,0,,0,,,,,,,,,ARC-AGI-2,f3283f727488ad98fe575ea6a5ac981e4a188e49,training,672
ad3b40cf,no_exact_program,49,0,0.0007311360677704215,,,,,,,abstained,1,0,0.0,0.0,0,,0,,,,,,,,,ARC-AGI-2,f3283f727488ad98fe575ea6a5ac981e4a188e49,training,673
ad7e01d0,unsupported_shape_change,0,0,1.201988197863102e-06,,,,,,,abstained,1,0,0.0,0.0,0,,0,,,,,,,,,ARC-AGI-2,f3283f727488ad98fe575ea6a5ac981e4a188e49,training,674
ae3edfdc,no_exact_program,49,0,0.0007730689831078053,,,,,,,abstained,1,0,0.0,0.0,0,,0,,,,,,,,,ARC-AGI-2,f3283f727488ad98fe575ea6a5ac981e4a188e49,training,675
ae4f1146,unsupported_shape_change,0,0,1.1820811778306961e-06,,,,,,,abstained,1,0,0.0,0.0,0,,0,,,,,,,,,ARC-AGI-2,f3283f727488ad98fe575ea6a5ac981e4a188e49,training,676
ae58858e,no_exact_program,73,0,0.004402757971547544,,,,,,,abstained,1,0,0.0,0.0,0,,0,,,,,,,,,ARC-AGI-2,f3283f727488ad98fe575ea6a5ac981e4a188e49,training,677
aedd82e4,no_exact_program,73,0,0.004260333022102714,,,,,,,abstained,1,0,0.0,0.0,0,,0,,,,,,,,,ARC-AGI-2,f3283f727488ad98fe575ea6a5ac981e4a188e49,training,678
aee291af,unsupported_shape_change,0,0,1.2830132618546486e-06,,,,,,,abstained,1,0,0.0,0.0,0,,0,,,,,,,,,ARC-AGI-2,f3283f727488ad98fe575ea6a5ac981e4a188e49,training,679
af24b4cc,unsupported_shape_change,0,0,1.1899974197149277e-06,,,,,,,abstained,1,0,0.0,0.0,0,,0,,,,,,,,,ARC-AGI-2,f3283f727488ad98fe575ea6a5ac981e4a188e49,training,680
af726779,no_exact_program,49,0,0.0007724389433860779,,,,,,,abstained,3,0,0.0,0.0,0,,0,,,,,,,,,ARC-AGI-2,f3283f727488ad98fe575ea6a5ac981e4a188e49,training,681
af902bf9,no_exact_program,73,0,0.0045503550209105015,,,,,,,abstained,1,0,0.0,0.0,0,,0,,,,,,,,,ARC-AGI-2,f3283f727488ad98fe575ea6a5ac981e4a188e49,training,682
afe3afe9,unsupported_shape_change,0,0,1.2728851288557053e-06,,,,,,,abstained,1,0,0.0,0.0,0,,0,,,,,,,,,ARC-AGI-2,f3283f727488ad98fe575ea6a5ac981e4a188e49,training,683
b0722778,unsupported_shape_change,0,0,1.0129297152161598e-06,,,,,,,abstained,1,0,0.0,0.0,0,,0,,,,,,,,,ARC-AGI-2,f3283f727488ad98fe575ea6a5ac981e4a188e49,training,684
b0c4d837,unsupported_shape_change,0,0,1.0980293154716492e-06,,,,,,,abstained,1,0,0.0,0.0,0,,0,,,,,,,,,ARC-AGI-2,f3283f727488ad98fe575ea6a5ac981e4a188e49,training,685
b0f4d537,unsupported_shape_change,0,0,1.1989613994956017e-06,,,,,,,abstained,1,0,0.0,0.0,0,,0,,,,,,,,,ARC-AGI-2,f3283f727488ad98fe575ea6a5ac981e4a188e49,training,686
b15fca0b,no_exact_program,85,0,0.006876411964185536,,,,,,,abstained,1,0,0.0,0.0,0,,0,,,,,,,,,ARC-AGI-2,f3283f727488ad98fe575ea6a5ac981e4a188e49,training,687
b190f7f5,unsupported_shape_change,0,0,1.2239906936883926e-06,,,,,,,abstained,1,0,0.0,0.0,0,,0,,,,,,,,,ARC-AGI-2,f3283f727488ad98fe575ea6a5ac981e4a188e49,training,688
b1948b0a,selected,73,10,0.007626959937624633,propagate:7:6:2:4:fixed_point,propagate,19.0,8.0,27.0,39.0,solved,1,1,1.0,1.0,1,1.0,16,2.0,2.0,fixed_point,1886.0,1248.0,638.0,9.167508687824011e-05,9.871309157460928e-05,ARC-AGI-2,f3283f727488ad98fe575ea6a5ac981e4a188e49,training,689
b1986d4b,unsupported_shape_change,0,0,1.244945451617241e-06,,,,,,,abstained,1,0,0.0,0.0,0,,0,,,,,,,,,ARC-AGI-2,f3283f727488ad98fe575ea6a5ac981e4a188e49,training,690
b1fc8b8e,unsupported_shape_change,0,0,1.0320218279957771e-06,,,,,,,abstained,2,0,0.0,0.0,0,,0,,,,,,,,,ARC-AGI-2,f3283f727488ad98fe575ea6a5ac981e4a188e49,training,691
b20f7c8b,no_exact_program,49,0,0.0008166169282048941,,,,,,,abstained,1,0,0.0,0.0,0,,0,,,,,,,,,ARC-AGI-2,f3283f727488ad98fe575ea6a5ac981e4a188e49,training,692
b230c067,no_exact_program,49,0,0.0007187009323388338,,,,,,,abstained,1,0,0.0,0.0,0,,0,,,,,,,,,ARC-AGI-2,f3283f727488ad98fe575ea6a5ac981e4a188e49,training,693
b25e450b,no_exact_program,49,0,0.0007312379311770201,,,,,,,abstained,1,0,0.0,0.0,0,,0,,,,,,,,,ARC-AGI-2,f3283f727488ad98fe575ea6a5ac981e4a188e49,training,694
b27ca6d3,no_exact_program,73,0,0.004741550073958933,,,,,,,abstained,1,0,0.0,0.0,0,,0,,,,,,,,,ARC-AGI-2,f3283f727488ad98fe575ea6a5ac981e4a188e49,training,695
b2862040,no_exact_program,73,0,0.004374901996925473,,,,,,,abstained,1,0,0.0,0.0,0,,0,,,,,,,,,ARC-AGI-2,f3283f727488ad98fe575ea6a5ac981e4a188e49,training,696
b2bc3ffd,no_exact_program,49,0,0.0007017150055617094,,,,,,,abstained,1,0,0.0,0.0,0,,0,,,,,,,,,ARC-AGI-2,f3283f727488ad98fe575ea6a5ac981e4a188e49,training,697
b457fec5,no_exact_program,49,0,0.0007912260480225086,,,,,,,abstained,1,0,0.0,0.0,0,,0,,,,,,,,,ARC-AGI-2,f3283f727488ad98fe575ea6a5ac981e4a188e49,training,698
b4a43f3b,unsupported_shape_change,0,0,1.2740492820739746e-06,,,,,,,abstained,1,0,0.0,0.0,0,,0,,,,,,,,,ARC-AGI-2,f3283f727488ad98fe575ea6a5ac981e4a188e49,training,699
b527c5c6,no_exact_program,49,0,0.0008577520493417978,,,,,,,abstained,1,0,0.0,0.0,0,,0,,,,,,,,,ARC-AGI-2,f3283f727488ad98fe575ea6a5ac981e4a188e49,training,700
b548a754,no_exact_program,49,0,0.0007402320625260472,,,,,,,abstained,1,0,0.0,0.0,0,,0,,,,,,,,,ARC-AGI-2,f3283f727488ad98fe575ea6a5ac981e4a188e49,training,701
b5bb5719,no_exact_program,49,0,0.0007045459933578968,,,,,,,abstained,1,0,0.0,0.0,0,,0,,,,,,,,,ARC-AGI-2,f3283f727488ad98fe575ea6a5ac981e4a188e49,training,702
b60334d2,no_exact_program,49,0,0.0007000260520726442,,,,,,,abstained,1,0,0.0,0.0,0,,0,,,,,,,,,ARC-AGI-2,f3283f727488ad98fe575ea6a5ac981e4a188e49,training,703
b6afb2da,no_exact_program,49,0,0.000700121046975255,,,,,,,abstained,1,0,0.0,0.0,0,,0,,,,,,,,,ARC-AGI-2,f3283f727488ad98fe575ea6a5ac981e4a188e49,training,704
b71a7747,unsupported_shape_change,0,0,1.3399403542280197e-06,,,,,,,abstained,1,0,0.0,0.0,0,,0,,,,,,,,,ARC-AGI-2,f3283f727488ad98fe575ea6a5ac981e4a188e49,training,705
b7249182,no_exact_program,49,0,0.0007322399178519845,,,,,,,abstained,1,0,0.0,0.0,0,,0,,,,,,,,,ARC-AGI-2,f3283f727488ad98fe575ea6a5ac981e4a188e49,training,706
b7256dcd,no_exact_program,49,0,0.0006875930121168494,,,,,,,abstained,1,0,0.0,0.0,0,,0,,,,,,,,,ARC-AGI-2,f3283f727488ad98fe575ea6a5ac981e4a188e49,training,707
b745798f,no_exact_program,49,0,0.0007556059863418341,,,,,,,abstained,1,0,0.0,0.0,0,,0,,,,,,,,,ARC-AGI-2,f3283f727488ad98fe575ea6a5ac981e4a188e49,training,708
b74ca5d1,no_exact_program,49,0,0.001008333987556398,,,,,,,abstained,2,0,0.0,0.0,0,,0,,,,,,,,,ARC-AGI-2,f3283f727488ad98fe575ea6a5ac981e4a188e49,training,709
b775ac94,no_exact_program,49,0,0.000838216976262629,,,,,,,abstained,1,0,0.0,0.0,0,,0,,,,,,,,,ARC-AGI-2,f3283f727488ad98fe575ea6a5ac981e4a188e49,training,710
b782dc8a,no_exact_program,49,0,0.0007295330287888646,,,,,,,abstained,1,0,0.0,0.0,0,,0,,,,,,,,,ARC-AGI-2,f3283f727488ad98fe575ea6a5ac981e4a188e49,training,711
b7955b3c,no_exact_program,49,0,0.0007547949207946658,,,,,,,abstained,2,0,0.0,0.0,0,,0,,,,,,,,,ARC-AGI-2,f3283f727488ad98fe575ea6a5ac981e4a188e49,training,712
b7999b51,unsupported_shape_change,0,0,1.2739328667521477e-06,,,,,,,abstained,1,0,0.0,0.0,0,,0,,,,,,,,,ARC-AGI-2,f3283f727488ad98fe575ea6a5ac981e4a188e49,training,713
b7cb93ac,unsupported_shape_change,0,0,1.2080417945981026e-06,,,,,,,abstained,1,0,0.0,0.0,0,,0,,,,,,,,,ARC-AGI-2,f3283f727488ad98fe575ea6a5ac981e4a188e49,training,714
b7f8a4d8,no_exact_program,49,0,0.0009375179652124643,,,,,,,abstained,1,0,0.0,0.0,0,,0,,,,,,,,,ARC-AGI-2,f3283f727488ad98fe575ea6a5ac981e4a188e49,training,715
b7fb29bc,no_exact_program,49,0,0.0007522529922425747,,,,,,,abstained,1,0,0.0,0.0,0,,0,,,,,,,,,ARC-AGI-2,f3283f727488ad98fe575ea6a5ac981e4a188e49,training,716
b8825c91,no_exact_program,49,0,0.0007991589372977614,,,,,,,abstained,1,0,0.0,0.0,0,,0,,,,,,,,,ARC-AGI-2,f3283f727488ad98fe575ea6a5ac981e4a188e49,training,717
b8cdaf2b,no_exact_program,49,0,0.0006961510516703129,,,,,,,abstained,1,0,0.0,0.0,0,,0,,,,,,,,,ARC-AGI-2,f3283f727488ad98fe575ea6a5ac981e4a188e49,training,718
b91ae062,unsupported_shape_change,0,0,1.2440141290426254e-06,,,,,,,abstained,1,0,0.0,0.0,0,,0,,,,,,,,,ARC-AGI-2,f3283f727488ad98fe575ea6a5ac981e4a188e49,training,719
b942fd60,no_exact_program,109,0,0.012846575933508575,,,,,,,abstained,1,0,0.0,0.0,0,,0,,,,,,,,,ARC-AGI-2,f3283f727488ad98fe575ea6a5ac981e4a188e49,training,720
b94a9452,unsupported_shape_change,0,0,1.4309771358966827e-06,,,,,,,abstained,1,0,0.0,0.0,0,,0,,,,,,,,,ARC-AGI-2,f3283f727488ad98fe575ea6a5ac981e4a188e49,training,721
b9630600,no_exact_program,49,0,0.001002024975605309,,,,,,,abstained,1,0,0.0,0.0,0,,0,,,,,,,,,ARC-AGI-2,f3283f727488ad98fe575ea6a5ac981e4a188e49,training,722
b9b7f026,unsupported_shape_change,0,0,1.2969831004738808e-06,,,,,,,abstained,1,0,0.0,0.0,0,,0,,,,,,,,,ARC-AGI-2,f3283f727488ad98fe575ea6a5ac981e4a188e49,training,723
ba1aa698,unsupported_shape_change,0,0,1.074979081749916e-06,,,,,,,abstained,1,0,0.0,0.0,0,,0,,,,,,,,,ARC-AGI-2,f3283f727488ad98fe575ea6a5ac981e4a188e49,training,724
ba26e723,no_exact_program,73,0,0.004365646978840232,,,,,,,abstained,1,0,0.0,0.0,0,,0,,,,,,,,,ARC-AGI-2,f3283f727488ad98fe575ea6a5ac981e4a188e49,training,725
ba97ae07,no_exact_program,49,0,0.0007186159491539001,,,,,,,abstained,1,0,0.0,0.0,0,,0,,,,,,,,,ARC-AGI-2,f3283f727488ad98fe575ea6a5ac981e4a188e49,training,726
ba9d41b8,no_exact_program,49,0,0.0007522300584241748,,,,,,,abstained,1,0,0.0,0.0,0,,0,,,,,,,,,ARC-AGI-2,f3283f727488ad98fe575ea6a5ac981e4a188e49,training,727
bae5c565,no_exact_program,49,0,0.0007204180583357811,,,,,,,abstained,1,0,0.0,0.0,0,,0,,,,,,,,,ARC-AGI-2,f3283f727488ad98fe575ea6a5ac981e4a188e49,training,728
baf41dbf,no_exact_program,49,0,0.000737974070943892,,,,,,,abstained,1,0,0.0,0.0,0,,0,,,,,,,,,ARC-AGI-2,f3283f727488ad98fe575ea6a5ac981e4a188e49,training,729
bb43febb,no_exact_program,73,0,0.004462894052267075,,,,,,,abstained,1,0,0.0,0.0,0,,0,,,,,,,,,ARC-AGI-2,f3283f727488ad98fe575ea6a5ac981e4a188e49,training,730
bb52a14b,no_exact_program,85,0,0.009441438945941627,,,,,,,abstained,1,0,0.0,0.0,0,,0,,,,,,,,,ARC-AGI-2,f3283f727488ad98fe575ea6a5ac981e4a188e49,training,731
bbb1b8b6,unsupported_shape_change,0,0,1.4069955796003342e-06,,,,,,,abstained,2,0,0.0,0.0,0,,0,,,,,,,,,ARC-AGI-2,f3283f727488ad98fe575ea6a5ac981e4a188e49,training,732
bbc9ae5d,unsupported_shape_change,0,0,1.1279480531811714e-06,,,,,,,abstained,1,0,0.0,0.0,0,,0,,,,,,,,,ARC-AGI-2,f3283f727488ad98fe575ea6a5ac981e4a188e49,training,733
bc1d5164,unsupported_shape_change,0,0,1.074979081749916e-06,,,,,,,abstained,1,0,0.0,0.0,0,,0,,,,,,,,,ARC-AGI-2,f3283f727488ad98fe575ea6a5ac981e4a188e49,training,734
bc4146bd,unsupported_shape_change,0,0,9.780051186680794e-07,,,,,,,abstained,1,0,0.0,0.0,0,,0,,,,,,,,,ARC-AGI-2,f3283f727488ad98fe575ea6a5ac981e4a188e49,training,735
bc93ec48,no_exact_program,49,0,0.0007277240511029959,,,,,,,abstained,1,0,0.0,0.0,0,,0,,,,,,,,,ARC-AGI-2,f3283f727488ad98fe575ea6a5ac981e4a188e49,training,736
bcb3040b,no_exact_program,49,0,0.0007349689258262515,,,,,,,abstained,1,0,0.0,0.0,0,,0,,,,,,,,,ARC-AGI-2,f3283f727488ad98fe575ea6a5ac981e4a188e49,training,737
bd14c3bf,no_exact_program,73,0,0.004410389927215874,,,,,,,abstained,1,0,0.0,0.0,0,,0,,,,,,,,,ARC-AGI-2,f3283f727488ad98fe575ea6a5ac981e4a188e49,training,738
bd283c4a,no_exact_program,49,0,0.000714238965883851,,,,,,,abstained,1,0,0.0,0.0,0,,0,,,,,,,,,ARC-AGI-2,f3283f727488ad98fe575ea6a5ac981e4a188e49,training,739
bd4472b8,no_exact_program,49,0,0.0006957619916647673,,,,,,,abstained,1,0,0.0,0.0,0,,0,,,,,,,,,ARC-AGI-2,f3283f727488ad98fe575ea6a5ac981e4a188e49,training,740
bd5af378,no_exact_program,49,0,0.0007173509802669287,,,,,,,abstained,1,0,0.0,0.0,0,,0,,,,,,,,,ARC-AGI-2,f3283f727488ad98fe575ea6a5ac981e4a188e49,training,741
bda2d7a6,no_exact_program,49,0,0.0007294060196727514,,,,,,,abstained,2,0,0.0,0.0,0,,0,,,,,,,,,ARC-AGI-2,f3283f727488ad98fe575ea6a5ac981e4a188e49,training,742
bdad9b1f,no_exact_program,49,0,0.000693025067448616,,,,,,,abstained,1,0,0.0,0.0,0,,0,,,,,,,,,ARC-AGI-2,f3283f727488ad98fe575ea6a5ac981e4a188e49,training,743
be03b35f,unsupported_shape_change,0,0,1.208973117172718e-06,,,,,,,abstained,1,0,0.0,0.0,0,,0,,,,,,,,,ARC-AGI-2,f3283f727488ad98fe575ea6a5ac981e4a188e49,training,744
be94b721,unsupported_shape_change,0,0,1.043081283569336e-06,,,,,,,abstained,1,0,0.0,0.0,0,,0,,,,,,,,,ARC-AGI-2,f3283f727488ad98fe575ea6a5ac981e4a188e49,training,745
beb8660c,no_exact_program,49,0,0.0007008500397205353,,,,,,,abstained,1,0,0.0,0.0,0,,0,,,,,,,,,ARC-AGI-2,f3283f727488ad98fe575ea6a5ac981e4a188e49,training,746
bf32578f,no_exact_program,49,0,0.0007085860706865788,,,,,,,abstained,1,0,0.0,0.0,0,,0,,,,,,,,,ARC-AGI-2,f3283f727488ad98fe575ea6a5ac981e4a188e49,training,747
bf699163,unsupported_shape_change,0,0,1.261010766029358e-06,,,,,,,abstained,1,0,0.0,0.0,0,,0,,,,,,,,,ARC-AGI-2,f3283f727488ad98fe575ea6a5ac981e4a188e49,training,748
bf89d739,no_exact_program,73,0,0.005078637041151524,,,,,,,abstained,1,0,0.0,0.0,0,,0,,,,,,,,,ARC-AGI-2,f3283f727488ad98fe575ea6a5ac981e4a188e49,training,749
c074846d,no_exact_program,49,0,0.0007110700244084001,,,,,,,abstained,2,0,0.0,0.0,0,,0,,,,,,,,,ARC-AGI-2,f3283f727488ad98fe575ea6a5ac981e4a188e49,training,750
c0f76784,no_exact_program,49,0,0.0007316689006984234,,,,,,,abstained,1,0,0.0,0.0,0,,0,,,,,,,,,ARC-AGI-2,f3283f727488ad98fe575ea6a5ac981e4a188e49,training,751
c1990cce,unsupported_shape_change,0,0,1.3289973139762878e-06,,,,,,,abstained,1,0,0.0,0.0,0,,0,,,,,,,,,ARC-AGI-2,f3283f727488ad98fe575ea6a5ac981e4a188e49,training,752
c1d99e64,no_exact_program,97,0,0.007840979029424489,,,,,,,abstained,1,0,0.0,0.0,0,,0,,,,,,,,,ARC-AGI-2,f3283f727488ad98fe575ea6a5ac981e4a188e49,training,753
c3202e5a,unsupported_shape_change,0,0,1.3740500435233116e-06,,,,,,,abstained,1,0,0.0,0.0,0,,0,,,,,,,,,ARC-AGI-2,f3283f727488ad98fe575ea6a5ac981e4a188e49,training,754
c35c1b4c,no_exact_program,49,0,0.0007237920071929693,,,,,,,abstained,1,0,0.0,0.0,0,,0,,,,,,,,,ARC-AGI-2,f3283f727488ad98fe575ea6a5ac981e4a188e49,training,755
c3e719e8,unsupported_shape_change,0,0,1.201988197863102e-06,,,,,,,abstained,1,0,0.0,0.0,0,,0,,,,,,,,,ARC-AGI-2,f3283f727488ad98fe575ea6a5ac981e4a188e49,training,756
c3fa4749,no_exact_program,49,0,0.000902706990018487,,,,,,,abstained,2,0,0.0,0.0,0,,0,,,,,,,,,ARC-AGI-2,f3283f727488ad98fe575ea6a5ac981e4a188e49,training,757
c444b776,no_exact_program,49,0,0.0007545599946752191,,,,,,,abstained,1,0,0.0,0.0,0,,0,,,,,,,,,ARC-AGI-2,f3283f727488ad98fe575ea6a5ac981e4a188e49,training,758
c48954c1,unsupported_shape_change,0,0,1.4050165191292763e-06,,,,,,,abstained,1,0,0.0,0.0,0,,0,,,,,,,,,ARC-AGI-2,f3283f727488ad98fe575ea6a5ac981e4a188e49,training,759
c4d1a9ae,no_exact_program,49,0,0.0007199819665402174,,,,,,,abstained,1,0,0.0,0.0,0,,0,,,,,,,,,ARC-AGI-2,f3283f727488ad98fe575ea6a5ac981e4a188e49,training,760
c59eb873,unsupported_shape_change,0,0,1.2790551409125328e-06,,,,,,,abstained,1,0,0.0,0.0,0,,0,,,,,,,,,ARC-AGI-2,f3283f727488ad98fe575ea6a5ac981e4a188e49,training,761
c6141b15,no_exact_program,49,0,0.0007617009105160832,,,,,,,abstained,1,0,0.0,0.0,0,,0,,,,,,,,,ARC-AGI-2,f3283f727488ad98fe575ea6a5ac981e4a188e49,training,762
c61be7dc,no_exact_program,49,0,0.0007326360791921616,,,,,,,abstained,1,0,0.0,0.0,0,,0,,,,,,,,,ARC-AGI-2,f3283f727488ad98fe575ea6a5ac981e4a188e49,training,763
c62e2108,no_exact_program,49,0,0.00082939094863832,,,,,,,abstained,1,0,0.0,0.0,0,,0,,,,,,,,,ARC-AGI-2,f3283f727488ad98fe575ea6a5ac981e4a188e49,training,764
c64f1187,unsupported_shape_change,0,0,1.3629905879497528e-06,,,,,,,abstained,1,0,0.0,0.0,0,,0,,,,,,,,,ARC-AGI-2,f3283f727488ad98fe575ea6a5ac981e4a188e49,training,765
c658a4bd,unsupported_shape_change,0,0,1.1919764801859856e-06,,,,,,,abstained,1,0,0.0,0.0,0,,0,,,,,,,,,ARC-AGI-2,f3283f727488ad98fe575ea6a5ac981e4a188e49,training,766
c6e1b8da,no_exact_program,49,0,0.0008377769263461232,,,,,,,abstained,1,0,0.0,0.0,0,,0,,,,,,,,,ARC-AGI-2,f3283f727488ad98fe575ea6a5ac981e4a188e49,training,767
c7d4e6ad,no_exact_program,49,0,0.0007090640719980001,,,,,,,abstained,1,0,0.0,0.0,0,,0,,,,,,,,,ARC-AGI-2,f3283f727488ad98fe575ea6a5ac981e4a188e49,training,768
c803e39c,unsupported_shape_change,0,0,1.3220123946666718e-06,,,,,,,abstained,1,0,0.0,0.0,0,,0,,,,,,,,,ARC-AGI-2,f3283f727488ad98fe575ea6a5ac981e4a188e49,training,769
c87289bb,no_exact_program,73,0,0.0054666639771312475,,,,,,,abstained,1,0,0.0,0.0,0,,0,,,,,,,,,ARC-AGI-2,f3283f727488ad98fe575ea6a5ac981e4a188e49,training,770
c8b7cc0f,unsupported_shape_change,0,0,1.3690441846847534e-06,,,,,,,abstained,1,0,0.0,0.0,0,,0,,,,,,,,,ARC-AGI-2,f3283f727488ad98fe575ea6a5ac981e4a188e49,training,771
c8cbb738,unsupported_shape_change,0,0,1.1080410331487656e-06,,,,,,,abstained,1,0,0.0,0.0,0,,0,,,,,,,,,ARC-AGI-2,f3283f727488ad98fe575ea6a5ac981e4a188e49,training,772
c8f0f002,selected,85,11,0.010461287922225893,propagate:1:7:5:4:fixed_point,propagate,19.0,8.0,27.0,39.0,solved,1,1,1.0,1.0,1,1.0,15,3.0,3.0,fixed_point,2652.0,1755.0,897.0,0.0001328950747847557,0.00013924099039286375,ARC-AGI-2,f3283f727488ad98fe575ea6a5ac981e4a188e49,training,773
c909285e,unsupported_shape_change,0,0,1.3739336282014847e-06,,,,,,,abstained,1,0,0.0,0.0,0,,0,,,,,,,,,ARC-AGI-2,f3283f727488ad98fe575ea6a5ac981e4a188e49,training,774
c920a713,unsupported_shape_change,0,0,1.0828953236341476e-06,,,,,,,abstained,1,0,0.0,0.0,0,,0,,,,,,,,,ARC-AGI-2,f3283f727488ad98fe575ea6a5ac981e4a188e49,training,775
c92b942c,unsupported_shape_change,0,0,1.0479707270860672e-06,,,,,,,abstained,1,0,0.0,0.0,0,,0,,,,,,,,,ARC-AGI-2,f3283f727488ad98fe575ea6a5ac981e4a188e49,training,776
c9680e90,no_exact_program,49,0,0.0007106349803507328,,,,,,,abstained,1,0,0.0,0.0,0,,0,,,,,,,,,ARC-AGI-2,f3283f727488ad98fe575ea6a5ac981e4a188e49,training,777
c97c0139,no_exact_program,73,0,0.0054194440599530935,,,,,,,abstained,1,0,0.0,0.0,0,,0,,,,,,,,,ARC-AGI-2,f3283f727488ad98fe575ea6a5ac981e4a188e49,training,778
c9e6f938,unsupported_shape_change,0,0,1.344946213066578e-06,,,,,,,abstained,1,0,0.0,0.0,0,,0,,,,,,,,,ARC-AGI-2,f3283f727488ad98fe575ea6a5ac981e4a188e49,training,779
c9f8e694,no_exact_program,49,0,0.0007386349607259035,,,,,,,abstained,1,0,0.0,0.0,0,,0,,,,,,,,,ARC-AGI-2,f3283f727488ad98fe575ea6a5ac981e4a188e49,training,780
ca8de6ea,unsupported_shape_change,0,0,1.1919764801859856e-06,,,,,,,abstained,1,0,0.0,0.0,0,,0,,,,,,,,,ARC-AGI-2,f3283f727488ad98fe575ea6a5ac981e4a188e49,training,781
caa06a1f,no_exact_program,49,0,0.0007376440335065126,,,,,,,abstained,1,0,0.0,0.0,0,,0,,,,,,,,,ARC-AGI-2,f3283f727488ad98fe575ea6a5ac981e4a188e49,training,782
cad67732,unsupported_shape_change,0,0,1.144944690167904e-06,,,,,,,abstained,1,0,0.0,0.0,0,,0,,,,,,,,,ARC-AGI-2,f3283f727488ad98fe575ea6a5ac981e4a188e49,training,783
cb227835,no_exact_program,73,0,0.005240425001829863,,,,,,,abstained,1,0,0.0,0.0,0,,0,,,,,,,,,ARC-AGI-2,f3283f727488ad98fe575ea6a5ac981e4a188e49,training,784
cbded52d,no_exact_program,49,0,0.0006991239497438073,,,,,,,abstained,1,0,0.0,0.0,0,,0,,,,,,,,,ARC-AGI-2,f3283f727488ad98fe575ea6a5ac981e4a188e49,training,785
cc9053aa,no_exact_program,85,0,0.007208832073956728,,,,,,,abstained,1,0,0.0,0.0,0,,0,,,,,,,,,ARC-AGI-2,f3283f727488ad98fe575ea6a5ac981e4a188e49,training,786
ccd554ac,unsupported_shape_change,0,0,1.3390090316534042e-06,,,,,,,abstained,1,0,0.0,0.0,0,,0,,,,,,,,,ARC-AGI-2,f3283f727488ad98fe575ea6a5ac981e4a188e49,training,787
cce03e0d,unsupported_shape_change,0,0,1.0740477591753006e-06,,,,,,,abstained,1,0,0.0,0.0,0,,0,,,,,,,,,ARC-AGI-2,f3283f727488ad98fe575ea6a5ac981e4a188e49,training,788
cd3c21df,unsupported_shape_change,0,0,1.0050134733319283e-06,,,,,,,abstained,1,0,0.0,0.0,0,,0,,,,,,,,,ARC-AGI-2,f3283f727488ad98fe575ea6a5ac981e4a188e49,training,789
cdecee7f,unsupported_shape_change,0,0,9.08970832824707e-07,,,,,,,abstained,1,0,0.0,0.0,0,,0,,,,,,,,,ARC-AGI-2,f3283f727488ad98fe575ea6a5ac981e4a188e49,training,790
ce039d91,no_exact_program,73,0,0.004315215046517551,,,,,,,abstained,1,0,0.0,0.0,0,,0,,,,,,,,,ARC-AGI-2,f3283f727488ad98fe575ea6a5ac981e4a188e49,training,791
ce22a75a,no_exact_program,49,0,0.0007023180369287729,,,,,,,abstained,1,0,0.0,0.0,0,,0,,,,,,,,,ARC-AGI-2,f3283f727488ad98fe575ea6a5ac981e4a188e49,training,792
ce4f8723,unsupported_shape_change,0,0,1.251930370926857e-06,,,,,,,abstained,1,0,0.0,0.0,0,,0,,,,,,,,,ARC-AGI-2,f3283f727488ad98fe575ea6a5ac981e4a188e49,training,793
ce602527,unsupported_shape_change,0,0,1.144944690167904e-06,,,,,,,abstained,1,0,0.0,0.0,0,,0,,,,,,,,,ARC-AGI-2,f3283f727488ad98fe575ea6a5ac981e4a188e49,training,794
ce8d95cc,unsupported_shape_change,0,0,9.00006853044033e-07,,,,,,,abstained,1,0,0.0,0.0,0,,0,,,,,,,,,ARC-AGI-2,f3283f727488ad98fe575ea6a5ac981e4a188e49,training,795
ce9e57f2,no_exact_program,73,0,0.0042972860392183065,,,,,,,abstained,1,0,0.0,0.0,0,,0,,,,,,,,,ARC-AGI-2,f3283f727488ad98fe575ea6a5ac981e4a188e49,training,796
cf133acc,no_exact_program,49,0,0.0007788370130583644,,,,,,,abstained,1,0,0.0,0.0,0,,0,,,,,,,,,ARC-AGI-2,f3283f727488ad98fe575ea6a5ac981e4a188e49,training,797
cf5fd0ad,unsupported_shape_change,0,0,1.284060999751091e-06,,,,,,,abstained,1,0,0.0,0.0,0,,0,,,,,,,,,ARC-AGI-2,f3283f727488ad98fe575ea6a5ac981e4a188e49,training,798
cf98881b,unsupported_shape_change,0,0,1.0710209608078003e-06,,,,,,,abstained,1,0,0.0,0.0,0,,0,,,,,,,,,ARC-AGI-2,f3283f727488ad98fe575ea6a5ac981e4a188e49,training,799
cfb2ce5a,no_exact_program,49,0,0.0007344270125031471,,,,,,,abstained,1,0,0.0,0.0,0,,0,,,,,,,,,ARC-AGI-2,f3283f727488ad98fe575ea6a5ac981e4a188e49,training,800
d017b73f,unsupported_shape_change,0,0,1.235981471836567e-06,,,,,,,abstained,1,0,0.0,0.0,0,,0,,,,,,,,,ARC-AGI-2,f3283f727488ad98fe575ea6a5ac981e4a188e49,training,801
d037b0a7,no_exact_program,49,0,0.0006942310137674212,,,,,,,abstained,1,0,0.0,0.0,0,,0,,,,,,,,,ARC-AGI-2,f3283f727488ad98fe575ea6a5ac981e4a188e49,training,802
d06dbe63,no_exact_program,73,0,0.005054275970906019,,,,,,,abstained,1,0,0.0,0.0,0,,0,,,,,,,,,ARC-AGI-2,f3283f727488ad98fe575ea6a5ac981e4a188e49,training,803
d07ae81c,no_exact_program,49,0,0.0007553080795332789,,,,,,,abstained,1,0,0.0,0.0,0,,0,,,,,,,,,ARC-AGI-2,f3283f727488ad98fe575ea6a5ac981e4a188e49,training,804
d0f5fe59,unsupported_shape_change,0,0,1.1799857020378113e-06,,,,,,,abstained,1,0,0.0,0.0,0,,0,,,,,,,,,ARC-AGI-2,f3283f727488ad98fe575ea6a5ac981e4a188e49,training,805
d10ecb37,unsupported_shape_change,0,0,1.0789372026920319e-06,,,,,,,abstained,1,0,0.0,0.0,0,,0,,,,,,,,,ARC-AGI-2,f3283f727488ad98fe575ea6a5ac981e4a188e49,training,806
d13f3404,unsupported_shape_change,0,0,1.1159572750329971e-06,,,,,,,abstained,1,0,0.0,0.0,0,,0,,,,,,,,,ARC-AGI-2,f3283f727488ad98fe575ea6a5ac981e4a188e49,training,807
d19f7514,unsupported_shape_change,0,0,9.92906279861927e-07,,,,,,,abstained,1,0,0.0,0.0,0,,0,,,,,,,,,ARC-AGI-2,f3283f727488ad98fe575ea6a5ac981e4a188e49,training,808
d22278a0,no_exact_program,49,0,0.0007514730095863342,,,,,,,abstained,1,0,0.0,0.0,0,,0,,,,,,,,,ARC-AGI-2,f3283f727488ad98fe575ea6a5ac981e4a188e49,training,809
d23f8c26,no_exact_program,49,0,0.0006982260383665562,,,,,,,abstained,1,0,0.0,0.0,0,,0,,,,,,,,,ARC-AGI-2,f3283f727488ad98fe575ea6a5ac981e4a188e49,training,810
d255d7a7,no_exact_program,49,0,0.0007523939711973071,,,,,,,abstained,1,0,0.0,0.0,0,,0,,,,,,,,,ARC-AGI-2,f3283f727488ad98fe575ea6a5ac981e4a188e49,training,811
d282b262,no_exact_program,49,0,0.0007642250275239348,,,,,,,abstained,1,0,0.0,0.0,0,,0,,,,,,,,,ARC-AGI-2,f3283f727488ad98fe575ea6a5ac981e4a188e49,training,812
d2abd087,no_exact_program,49,0,0.0007310110377147794,,,,,,,abstained,1,0,0.0,0.0,0,,0,,,,,,,,,ARC-AGI-2,f3283f727488ad98fe575ea6a5ac981e4a188e49,training,813
d2acf2cb,no_exact_program,49,0,0.0006990249967202544,,,,,,,abstained,1,0,0.0,0.0,0,,0,,,,,,,,,ARC-AGI-2,f3283f727488ad98fe575ea6a5ac981e4a188e49,training,814
d304284e,no_exact_program,49,0,0.0008418940706178546,,,,,,,abstained,1,0,0.0,0.0,0,,0,,,,,,,,,ARC-AGI-2,f3283f727488ad98fe575ea6a5ac981e4a188e49,training,815
d364b489,no_exact_program,49,0,0.0006943030748516321,,,,,,,abstained,1,0,0.0,0.0,0,,0,,,,,,,,,ARC-AGI-2,f3283f727488ad98fe575ea6a5ac981e4a188e49,training,816
d37a1ef5,no_exact_program,73,0,0.00495597196277231,,,,,,,abstained,1,0,0.0,0.0,0,,0,,,,,,,,,ARC-AGI-2,f3283f727488ad98fe575ea6a5ac981e4a188e49,training,817
d406998b,no_exact_program,73,0,0.00423513597343117,,,,,,,abstained,1,0,0.0,0.0,0,,0,,,,,,,,,ARC-AGI-2,f3283f727488ad98fe575ea6a5ac981e4a188e49,training,818
d43fd935,no_exact_program,49,0,0.0007101240335032344,,,,,,,abstained,1,0,0.0,0.0,0,,0,,,,,,,,,ARC-AGI-2,f3283f727488ad98fe575ea6a5ac981e4a188e49,training,819
d4469b4b,unsupported_shape_change,0,0,1.1309748515486717e-06,,,,,,,abstained,2,0,0.0,0.0,0,,0,,,,,,,,,ARC-AGI-2,f3283f727488ad98fe575ea6a5ac981e4a188e49,training,820
d47aa2ff,unsupported_shape_change,0,0,1.059030182659626e-06,,,,,,,abstained,1,0,0.0,0.0,0,,0,,,,,,,,,ARC-AGI-2,f3283f727488ad98fe575ea6a5ac981e4a188e49,training,821
d492a647,no_exact_program,49,0,0.0007279689889401197,,,,,,,abstained,1,0,0.0,0.0,0,,0,,,,,,,,,ARC-AGI-2,f3283f727488ad98fe575ea6a5ac981e4a188e49,training,822
d4a91cb9,no_exact_program,85,0,0.007831080933101475,,,,,,,abstained,1,0,0.0,0.0,0,,0,,,,,,,,,ARC-AGI-2,f3283f727488ad98fe575ea6a5ac981e4a188e49,training,823
d4b1c2b1,unsupported_shape_change,0,0,1.3050157576799393e-06,,,,,,,abstained,1,0,0.0,0.0,0,,0,,,,,,,,,ARC-AGI-2,f3283f727488ad98fe575ea6a5ac981e4a188e49,training,824
d4c90558,unsupported_shape_change,0,0,1.001986674964428e-06,,,,,,,abstained,1,0,0.0,0.0,0,,0,,,,,,,,,ARC-AGI-2,f3283f727488ad98fe575ea6a5ac981e4a188e49,training,825
d4f3cd78,no_exact_program,73,0,0.004688137909397483,,,,,,,abstained,1,0,0.0,0.0,0,,0,,,,,,,,,ARC-AGI-2,f3283f727488ad98fe575ea6a5ac981e4a188e49,training,826
d511f180,no_exact_program,49,0,0.0006855970714241266,,,,,,,abstained,1,0,0.0,0.0,0,,0,,,,,,,,,ARC-AGI-2,f3283f727488ad98fe575ea6a5ac981e4a188e49,training,827
d56f2372,unsupported_shape_change,0,0,1.3010576367378235e-06,,,,,,,abstained,1,0,0.0,0.0,0,,0,,,,,,,,,ARC-AGI-2,f3283f727488ad98fe575ea6a5ac981e4a188e49,training,828
d5c634a2,unsupported_shape_change,0,0,1.1069932952523232e-06,,,,,,,abstained,2,0,0.0,0.0,0,,0,,,,,,,,,ARC-AGI-2,f3283f727488ad98fe575ea6a5ac981e4a188e49,training,829
d5d6de2d,no_exact_program,49,0,0.0007362019969150424,,,,,,,abstained,2,0,0.0,0.0,0,,0,,,,,,,,,ARC-AGI-2,f3283f727488ad98fe575ea6a5ac981e4a188e49,training,830
d631b094,unsupported_shape_change,0,0,1.2540258467197418e-06,,,,,,,abstained,1,0,0.0,0.0,0,,0,,,,,,,,,ARC-AGI-2,f3283f727488ad98fe575ea6a5ac981e4a188e49,training,831
d6542281,no_exact_program,49,0,0.000766996992751956,,,,,,,abstained,2,0,0.0,0.0,0,,0,,,,,,,,,ARC-AGI-2,f3283f727488ad98fe575ea6a5ac981e4a188e49,training,832
d687bc17,no_exact_program,49,0,0.0007355649722740054,,,,,,,abstained,1,0,0.0,0.0,0,,0,,,,,,,,,ARC-AGI-2,f3283f727488ad98fe575ea6a5ac981e4a188e49,training,833
d6ad076f,no_exact_program,133,0,0.01417734008282423,,,,,,,abstained,1,0,0.0,0.0,0,,0,,,,,,,,,ARC-AGI-2,f3283f727488ad98fe575ea6a5ac981e4a188e49,training,834
d6e50e54,no_exact_program,49,0,0.0007202180568128824,,,,,,,abstained,1,0,0.0,0.0,0,,0,,,,,,,,,ARC-AGI-2,f3283f727488ad98fe575ea6a5ac981e4a188e49,training,835
d749d46f,unsupported_shape_change,0,0,1.1309748515486717e-06,,,,,,,abstained,1,0,0.0,0.0,0,,0,,,,,,,,,ARC-AGI-2,f3283f727488ad98fe575ea6a5ac981e4a188e49,training,836
d753a70b,no_exact_program,49,0,0.0007561390521004796,,,,,,,abstained,1,0,0.0,0.0,0,,0,,,,,,,,,ARC-AGI-2,f3283f727488ad98fe575ea6a5ac981e4a188e49,training,837
d89b689b,no_exact_program,49,0,0.0007079410133883357,,,,,,,abstained,1,0,0.0,0.0,0,,0,,,,,,,,,ARC-AGI-2,f3283f727488ad98fe575ea6a5ac981e4a188e49,training,838
d8c310e9,no_exact_program,49,0,0.0006964110070839524,,,,,,,abstained,1,0,0.0,0.0,0,,0,,,,,,,,,ARC-AGI-2,f3283f727488ad98fe575ea6a5ac981e4a188e49,training,839
d90796e8,no_exact_program,49,0,0.0006914830300956964,,,,,,,abstained,1,0,0.0,0.0,0,,0,,,,,,,,,ARC-AGI-2,f3283f727488ad98fe575ea6a5ac981e4a188e49,training,840
d931c21c,no_exact_program,49,0,0.000768710975535214,,,,,,,abstained,1,0,0.0,0.0,0,,0,,,,,,,,,ARC-AGI-2,f3283f727488ad98fe575ea6a5ac981e4a188e49,training,841
d93c6891,no_exact_program,49,0,0.00074889010284096,,,,,,,abstained,1,0,0.0,0.0,0,,0,,,,,,,,,ARC-AGI-2,f3283f727488ad98fe575ea6a5ac981e4a188e49,training,842
d94c3b52,no_exact_program,49,0,0.0008151220390573144,,,,,,,abstained,1,0,0.0,0.0,0,,0,,,,,,,,,ARC-AGI-2,f3283f727488ad98fe575ea6a5ac981e4a188e49,training,843
d968ffd4,no_exact_program,49,0,0.000708637060597539,,,,,,,abstained,2,0,0.0,0.0,0,,0,,,,,,,,,ARC-AGI-2,f3283f727488ad98fe575ea6a5ac981e4a188e49,training,844
d9f24cd1,no_exact_program,73,0,0.00556476297788322,,,,,,,abstained,1,0,0.0,0.0,0,,0,,,,,,,,,ARC-AGI-2,f3283f727488ad98fe575ea6a5ac981e4a188e49,training,845
d9fac9be,unsupported_shape_change,0,0,1.3289973139762878e-06,,,,,,,abstained,1,0,0.0,0.0,0,,0,,,,,,,,,ARC-AGI-2,f3283f727488ad98fe575ea6a5ac981e4a188e49,training,846
da2b0fe3,no_exact_program,97,0,0.007945033954456449,,,,,,,abstained,2,0,0.0,0.0,0,,0,,,,,,,,,ARC-AGI-2,f3283f727488ad98fe575ea6a5ac981e4a188e49,training,847
da6e95e5,unsupported_shape_change,0,0,1.2649688869714737e-06,,,,,,,abstained,2,0,0.0,0.0,0,,0,,,,,,,,,ARC-AGI-2,f3283f727488ad98fe575ea6a5ac981e4a188e49,training,848
dae9d2b5,unsupported_shape_change,0,0,1.0619405657052994e-06,,,,,,,abstained,2,0,0.0,0.0,0,,0,,,,,,,,,ARC-AGI-2,f3283f727488ad98fe575ea6a5ac981e4a188e49,training,849
db118e2a,unsupported_shape_change,0,0,1.0119983926415443e-06,,,,,,,abstained,1,0,0.0,0.0,0,,0,,,,,,,,,ARC-AGI-2,f3283f727488ad98fe575ea6a5ac981e4a188e49,training,850
db3e9e38,no_exact_program,49,0,0.000719027011655271,,,,,,,abstained,1,0,0.0,0.0,0,,0,,,,,,,,,ARC-AGI-2,f3283f727488ad98fe575ea6a5ac981e4a188e49,training,851
db615bd4,no_exact_program,49,0,0.000925955013372004,,,,,,,abstained,1,0,0.0,0.0,0,,0,,,,,,,,,ARC-AGI-2,f3283f727488ad98fe575ea6a5ac981e4a188e49,training,852
db7260a4,no_exact_program,49,0,0.0007337370188906789,,,,,,,abstained,1,0,0.0,0.0,0,,0,,,,,,,,,ARC-AGI-2,f3283f727488ad98fe575ea6a5ac981e4a188e49,training,853
db93a21d,no_exact_program,49,0,0.0008268699748441577,,,,,,,abstained,1,0,0.0,0.0,0,,0,,,,,,,,,ARC-AGI-2,f3283f727488ad98fe575ea6a5ac981e4a188e49,training,854
dbc1a6ce,no_exact_program,73,0,0.0047195060178637505,,,,,,,abstained,1,0,0.0,0.0,0,,0,,,,,,,,,ARC-AGI-2,f3283f727488ad98fe575ea6a5ac981e4a188e49,training,855
dc1df850,selected,109,1,0.011090202024206519,propagate:2:0:1:8:1,propagate,21.0,8.0,29.0,47.0,solved,1,1,1.0,1.0,1,1.0,100,1.0,1.0,max_steps,4700.0,4700.0,0.0,5.70700503885746e-05,6.311200559139252e-05,ARC-AGI-2,f3283f727488ad98fe575ea6a5ac981e4a188e49,training,856
dc2aa30b,no_exact_program,49,0,0.0012259030481800437,,,,,,,abstained,1,0,0.0,0.0,0,,0,,,,,,,,,ARC-AGI-2,f3283f727488ad98fe575ea6a5ac981e4a188e49,training,857
dc2e9a9d,no_exact_program,49,0,0.000844344962388277,,,,,,,abstained,1,0,0.0,0.0,0,,0,,,,,,,,,ARC-AGI-2,f3283f727488ad98fe575ea6a5ac981e4a188e49,training,858
dc433765,no_exact_program,49,0,0.0007514299359172583,,,,,,,abstained,2,0,0.0,0.0,0,,0,,,,,,,,,ARC-AGI-2,f3283f727488ad98fe575ea6a5ac981e4a188e49,training,859
dc46ea44,no_exact_program,49,0,0.0007248119218274951,,,,,,,abstained,1,0,0.0,0.0,0,,0,,,,,,,,,ARC-AGI-2,f3283f727488ad98fe575ea6a5ac981e4a188e49,training,860
dce56571,no_exact_program,49,0,0.0007124110125005245,,,,,,,abstained,1,0,0.0,0.0,0,,0,,,,,,,,,ARC-AGI-2,f3283f727488ad98fe575ea6a5ac981e4a188e49,training,861
dd2401ed,no_exact_program,49,0,0.0007454949663951993,,,,,,,abstained,1,0,0.0,0.0,0,,0,,,,,,,,,ARC-AGI-2,f3283f727488ad98fe575ea6a5ac981e4a188e49,training,862
ddf7fa4f,no_exact_program,49,0,0.0007171219913288951,,,,,,,abstained,1,0,0.0,0.0,0,,0,,,,,,,,,ARC-AGI-2,f3283f727488ad98fe575ea6a5ac981e4a188e49,training,863
de1cd16c,unsupported_shape_change,0,0,1.2050149962306023e-06,,,,,,,abstained,1,0,0.0,0.0,0,,0,,,,,,,,,ARC-AGI-2,f3283f727488ad98fe575ea6a5ac981e4a188e49,training,864
de493100,unsupported_shape_change,0,0,1.1869706213474274e-06,,,,,,,abstained,1,0,0.0,0.0,0,,0,,,,,,,,,ARC-AGI-2,f3283f727488ad98fe575ea6a5ac981e4a188e49,training,865
ded97339,no_exact_program,61,0,0.002852427074685693,,,,,,,abstained,1,0,0.0,0.0,0,,0,,,,,,,,,ARC-AGI-2,f3283f727488ad98fe575ea6a5ac981e4a188e49,training,866
df8cc377,no_exact_program,49,0,0.0007983050309121609,,,,,,,abstained,1,0,0.0,0.0,0,,0,,,,,,,,,ARC-AGI-2,f3283f727488ad98fe575ea6a5ac981e4a188e49,training,867
df978a02,no_exact_program,49,0,0.0007559070363640785,,,,,,,abstained,1,0,0.0,0.0,0,,0,,,,,,,,,ARC-AGI-2,f3283f727488ad98fe575ea6a5ac981e4a188e49,training,868
df9fd884,no_exact_program,49,0,0.0007117519853636622,,,,,,,abstained,1,0,0.0,0.0,0,,0,,,,,,,,,ARC-AGI-2,f3283f727488ad98fe575ea6a5ac981e4a188e49,training,869
e048c9ed,no_exact_program,49,0,0.0007034930167719722,,,,,,,abstained,1,0,0.0,0.0,0,,0,,,,,,,,,ARC-AGI-2,f3283f727488ad98fe575ea6a5ac981e4a188e49,training,870
e0fb7511,no_exact_program,73,0,0.004340264014899731,,,,,,,abstained,1,0,0.0,0.0,0,,0,,,,,,,,,ARC-AGI-2,f3283f727488ad98fe575ea6a5ac981e4a188e49,training,871
e133d23d,unsupported_shape_change,0,0,1.3400567695498466e-06,,,,,,,abstained,1,0,0.0,0.0,0,,0,,,,,,,,,ARC-AGI-2,f3283f727488ad98fe575ea6a5ac981e4a188e49,training,872
e179c5f4,no_exact_program,49,0,0.0006955589633435011,,,,,,,abstained,1,0,0.0,0.0,0,,0,,,,,,,,,ARC-AGI-2,f3283f727488ad98fe575ea6a5ac981e4a188e49,training,873
e1baa8a4,unsupported_shape_change,0,0,1.1699739843606949e-06,,,,,,,abstained,1,0,0.0,0.0,0,,0,,,,,,,,,ARC-AGI-2,f3283f727488ad98fe575ea6a5ac981e4a188e49,training,874
e1d2900e,no_exact_program,49,0,0.0009082519682124257,,,,,,,abstained,1,0,0.0,0.0,0,,0,,,,,,,,,ARC-AGI-2,f3283f727488ad98fe575ea6a5ac981e4a188e49,training,875
e2092e0c,no_exact_program,49,0,0.0007555179763585329,,,,,,,abstained,1,0,0.0,0.0,0,,0,,,,,,,,,ARC-AGI-2,f3283f727488ad98fe575ea6a5ac981e4a188e49,training,876
e21a174a,no_exact_program,49,0,0.0007504780078306794,,,,,,,abstained,2,0,0.0,0.0,0,,0,,,,,,,,,ARC-AGI-2,f3283f727488ad98fe575ea6a5ac981e4a188e49,training,877
e21d9049,no_exact_program,49,0,0.0007227320456877351,,,,,,,abstained,1,0,0.0,0.0,0,,0,,,,,,,,,ARC-AGI-2,f3283f727488ad98fe575ea6a5ac981e4a188e49,training,878
e26a3af2,no_exact_program,49,0,0.0007697659311816096,,,,,,,abstained,1,0,0.0,0.0,0,,0,,,,,,,,,ARC-AGI-2,f3283f727488ad98fe575ea6a5ac981e4a188e49,training,879
e345f17b,unsupported_shape_change,0,0,1.335982233285904e-06,,,,,,,abstained,2,0,0.0,0.0,0,,0,,,,,,,,,ARC-AGI-2,f3283f727488ad98fe575ea6a5ac981e4a188e49,training,880
e3497940,unsupported_shape_change,0,0,1.1880183592438698e-06,,,,,,,abstained,1,0,0.0,0.0,0,,0,,,,,,,,,ARC-AGI-2,f3283f727488ad98fe575ea6a5ac981e4a188e49,training,881
e39e9282,no_exact_program,49,0,0.000736126909032464,,,,,,,abstained,1,0,0.0,0.0,0,,0,,,,,,,,,ARC-AGI-2,f3283f727488ad98fe575ea6a5ac981e4a188e49,training,882
e3f79277,unsupported_shape_change,0,0,1.2939563021063805e-06,,,,,,,abstained,1,0,0.0,0.0,0,,0,,,,,,,,,ARC-AGI-2,f3283f727488ad98fe575ea6a5ac981e4a188e49,training,883
e3fe1151,no_exact_program,49,0,0.0006993539864197373,,,,,,,abstained,1,0,0.0,0.0,0,,0,,,,,,,,,ARC-AGI-2,f3283f727488ad98fe575ea6a5ac981e4a188e49,training,884
e4075551,no_exact_program,49,0,0.0007757559651508927,,,,,,,abstained,1,0,0.0,0.0,0,,0,,,,,,,,,ARC-AGI-2,f3283f727488ad98fe575ea6a5ac981e4a188e49,training,885
e40b9e2f,no_exact_program,49,0,0.0007111190352588892,,,,,,,abstained,1,0,0.0,0.0,0,,0,,,,,,,,,ARC-AGI-2,f3283f727488ad98fe575ea6a5ac981e4a188e49,training,886
e41c6fd3,no_exact_program,49,0,0.0008259030291810632,,,,,,,abstained,1,0,0.0,0.0,0,,0,,,,,,,,,ARC-AGI-2,f3283f727488ad98fe575ea6a5ac981e4a188e49,training,887
e45ef808,no_exact_program,49,0,0.0007039080373942852,,,,,,,abstained,1,0,0.0,0.0,0,,0,,,,,,,,,ARC-AGI-2,f3283f727488ad98fe575ea6a5ac981e4a188e49,training,888
e4888269,no_exact_program,49,0,0.0007460199994966388,,,,,,,abstained,2,0,0.0,0.0,0,,0,,,,,,,,,ARC-AGI-2,f3283f727488ad98fe575ea6a5ac981e4a188e49,training,889
e48d4e1a,no_exact_program,49,0,0.0007441180059686303,,,,,,,abstained,1,0,0.0,0.0,0,,0,,,,,,,,,ARC-AGI-2,f3283f727488ad98fe575ea6a5ac981e4a188e49,training,890
e4941b18,no_exact_program,49,0,0.000702628050930798,,,,,,,abstained,1,0,0.0,0.0,0,,0,,,,,,,,,ARC-AGI-2,f3283f727488ad98fe575ea6a5ac981e4a188e49,training,891
e5062a87,no_exact_program,73,0,0.005047694081440568,,,,,,,abstained,1,0,0.0,0.0,0,,0,,,,,,,,,ARC-AGI-2,f3283f727488ad98fe575ea6a5ac981e4a188e49,training,892
e509e548,no_exact_program,49,0,0.000819559907540679,,,,,,,abstained,1,0,0.0,0.0,0,,0,,,,,,,,,ARC-AGI-2,f3283f727488ad98fe575ea6a5ac981e4a188e49,training,893
e50d258f,unsupported_shape_change,0,0,1.2849923223257065e-06,,,,,,,abstained,1,0,0.0,0.0,0,,0,,,,,,,,,ARC-AGI-2,f3283f727488ad98fe575ea6a5ac981e4a188e49,training,894
e57337a4,unsupported_shape_change,0,0,1.061009243130684e-06,,,,,,,abstained,1,0,0.0,0.0,0,,0,,,,,,,,,ARC-AGI-2,f3283f727488ad98fe575ea6a5ac981e4a188e49,training,895
e5790162,no_exact_program,85,0,0.007377885980531573,,,,,,,abstained,1,0,0.0,0.0,0,,0,,,,,,,,,ARC-AGI-2,f3283f727488ad98fe575ea6a5ac981e4a188e49,training,896
e5c44e8f,no_exact_program,73,0,0.00512653891928494,,,,,,,abstained,1,0,0.0,0.0,0,,0,,,,,,,,,ARC-AGI-2,f3283f727488ad98fe575ea6a5ac981e4a188e49,training,897
e619ca6e,no_exact_program,61,0,0.004642641055397689,,,,,,,abstained,1,0,0.0,0.0,0,,0,,,,,,,,,ARC-AGI-2,f3283f727488ad98fe575ea6a5ac981e4a188e49,training,898
e633a9e5,unsupported_shape_change,0,0,1.2459931895136833e-06,,,,,,,abstained,1,0,0.0,0.0,0,,0,,,,,,,,,ARC-AGI-2,f3283f727488ad98fe575ea6a5ac981e4a188e49,training,899
e6721834,unsupported_shape_change,0,0,1.0540243238210678e-06,,,,,,,abstained,1,0,0.0,0.0,0,,0,,,,,,,,,ARC-AGI-2,f3283f727488ad98fe575ea6a5ac981e4a188e49,training,900
e681b708,no_exact_program,49,0,0.0008906150469556451,,,,,,,abstained,1,0,0.0,0.0,0,,0,,,,,,,,,ARC-AGI-2,f3283f727488ad98fe575ea6a5ac981e4a188e49,training,901
e69241bd,no_exact_program,49,0,0.0007098389323800802,,,,,,,abstained,1,0,0.0,0.0,0,,0,,,,,,,,,ARC-AGI-2,f3283f727488ad98fe575ea6a5ac981e4a188e49,training,902
e6de6e8f,unsupported_shape_change,0,0,1.2030359357595444e-06,,,,,,,abstained,1,0,0.0,0.0,0,,0,,,,,,,,,ARC-AGI-2,f3283f727488ad98fe575ea6a5ac981e4a188e49,training,903
e729b7be,no_exact_program,49,0,0.0007830150425434113,,,,,,,abstained,1,0,0.0,0.0,0,,0,,,,,,,,,ARC-AGI-2,f3283f727488ad98fe575ea6a5ac981e4a188e49,training,904
e73095fd,no_exact_program,73,0,0.0047624120488762856,,,,,,,abstained,1,0,0.0,0.0,0,,0,,,,,,,,,ARC-AGI-2,f3283f727488ad98fe575ea6a5ac981e4a188e49,training,905
e734a0e8,no_exact_program,49,0,0.0007857850287109613,,,,,,,abstained,1,0,0.0,0.0,0,,0,,,,,,,,,ARC-AGI-2,f3283f727488ad98fe575ea6a5ac981e4a188e49,training,906
e74e1818,no_exact_program,49,0,0.0007366340141743422,,,,,,,abstained,1,0,0.0,0.0,0,,0,,,,,,,,,ARC-AGI-2,f3283f727488ad98fe575ea6a5ac981e4a188e49,training,907
e760a62e,no_exact_program,49,0,0.000933081959374249,,,,,,,abstained,1,0,0.0,0.0,0,,0,,,,,,,,,ARC-AGI-2,f3283f727488ad98fe575ea6a5ac981e4a188e49,training,908
e7639916,no_exact_program,73,0,0.004633590928278863,,,,,,,abstained,1,0,0.0,0.0,0,,0,,,,,,,,,ARC-AGI-2,f3283f727488ad98fe575ea6a5ac981e4a188e49,training,909
e76a88a6,no_exact_program,49,0,0.0007049110718071461,,,,,,,abstained,1,0,0.0,0.0,0,,0,,,,,,,,,ARC-AGI-2,f3283f727488ad98fe575ea6a5ac981e4a188e49,training,910
e78887d1,unsupported_shape_change,0,0,1.325039193034172e-06,,,,,,,abstained,1,0,0.0,0.0,0,,0,,,,,,,,,ARC-AGI-2,f3283f727488ad98fe575ea6a5ac981e4a188e49,training,911
e7a25a18,unsupported_shape_change,0,0,1.0459916666150093e-06,,,,,,,abstained,1,0,0.0,0.0,0,,0,,,,,,,,,ARC-AGI-2,f3283f727488ad98fe575ea6a5ac981e4a188e49,training,912
e7b06bea,no_exact_program,49,0,0.0007330429507419467,,,,,,,abstained,1,0,0.0,0.0,0,,0,,,,,,,,,ARC-AGI-2,f3283f727488ad98fe575ea6a5ac981e4a188e49,training,913
e7dd8335,no_exact_program,73,0,0.004248728975653648,,,,,,,abstained,1,0,0.0,0.0,0,,0,,,,,,,,,ARC-AGI-2,f3283f727488ad98fe575ea6a5ac981e4a188e49,training,914
e84fef15,unsupported_shape_change,0,0,1.3499520719051361e-06,,,,,,,abstained,1,0,0.0,0.0,0,,0,,,,,,,,,ARC-AGI-2,f3283f727488ad98fe575ea6a5ac981e4a188e49,training,915
e8593010,no_exact_program,49,0,0.000717481947503984,,,,,,,abstained,1,0,0.0,0.0,0,,0,,,,,,,,,ARC-AGI-2,f3283f727488ad98fe575ea6a5ac981e4a188e49,training,916
e872b94a,unsupported_shape_change,0,0,1.2300442904233932e-06,,,,,,,abstained,1,0,0.0,0.0,0,,0,,,,,,,,,ARC-AGI-2,f3283f727488ad98fe575ea6a5ac981e4a188e49,training,917
e88171ec,no_exact_program,109,0,0.009496501996181905,,,,,,,abstained,1,0,0.0,0.0,0,,0,,,,,,,,,ARC-AGI-2,f3283f727488ad98fe575ea6a5ac981e4a188e49,training,918
e8dc4411,no_exact_program,49,0,0.0007385909557342529,,,,,,,abstained,1,0,0.0,0.0,0,,0,,,,,,,,,ARC-AGI-2,f3283f727488ad98fe575ea6a5ac981e4a188e49,training,919
e9614598,no_exact_program,73,0,0.00488824606873095,,,,,,,abstained,2,0,0.0,0.0,0,,0,,,,,,,,,ARC-AGI-2,f3283f727488ad98fe575ea6a5ac981e4a188e49,training,920
e98196ab,unsupported_shape_change,0,0,1.2230593711137772e-06,,,,,,,abstained,1,0,0.0,0.0,0,,0,,,,,,,,,ARC-AGI-2,f3283f727488ad98fe575ea6a5ac981e4a188e49,training,921
e99362f0,unsupported_shape_change,0,0,1.0740477591753006e-06,,,,,,,abstained,1,0,0.0,0.0,0,,0,,,,,,,,,ARC-AGI-2,f3283f727488ad98fe575ea6a5ac981e4a188e49,training,922
e9ac8c9e,no_exact_program,49,0,0.0007530159782618284,,,,,,,abstained,1,0,0.0,0.0,0,,0,,,,,,,,,ARC-AGI-2,f3283f727488ad98fe575ea6a5ac981e4a188e49,training,923
e9afcf9a,no_exact_program,49,0,0.0006697929929941893,,,,,,,abstained,1,0,0.0,0.0,0,,0,,,,,,,,,ARC-AGI-2,f3283f727488ad98fe575ea6a5ac981e4a188e49,training,924
e9b4f6fc,unsupported_shape_change,0,0,1.161010004580021e-06,,,,,,,abstained,1,0,0.0,0.0,0,,0,,,,,,,,,ARC-AGI-2,f3283f727488ad98fe575ea6a5ac981e4a188e49,training,925
e9bb6954,no_exact_program,49,0,0.0008178609423339367,,,,,,,abstained,1,0,0.0,0.0,0,,0,,,,,,,,,ARC-AGI-2,f3283f727488ad98fe575ea6a5ac981e4a188e49,training,926
e9c9d9a1,no_exact_program,49,0,0.000824047951027751,,,,,,,abstained,1,0,0.0,0.0,0,,0,,,,,,,,,ARC-AGI-2,f3283f727488ad98fe575ea6a5ac981e4a188e49,training,927
e9fc42f2,unsupported_shape_change,0,0,1.1249212548136711e-06,,,,,,,abstained,2,0,0.0,0.0,0,,0,,,,,,,,,ARC-AGI-2,f3283f727488ad98fe575ea6a5ac981e4a188e49,training,928
ea32f347,no_exact_program,49,0,0.0007183239795267582,,,,,,,abstained,1,0,0.0,0.0,0,,0,,,,,,,,,ARC-AGI-2,f3283f727488ad98fe575ea6a5ac981e4a188e49,training,929
ea786f4a,no_exact_program,49,0,0.0006863489979878068,,,,,,,abstained,1,0,0.0,0.0,0,,0,,,,,,,,,ARC-AGI-2,f3283f727488ad98fe575ea6a5ac981e4a188e49,training,930
ea959feb,no_exact_program,49,0,0.0008988119661808014,,,,,,,abstained,1,0,0.0,0.0,0,,0,,,,,,,,,ARC-AGI-2,f3283f727488ad98fe575ea6a5ac981e4a188e49,training,931
ea9794b1,unsupported_shape_change,0,0,1.374981366097927e-06,,,,,,,abstained,1,0,0.0,0.0,0,,0,,,,,,,,,ARC-AGI-2,f3283f727488ad98fe575ea6a5ac981e4a188e49,training,932
eb281b96,unsupported_shape_change,0,0,1.0380754247307777e-06,,,,,,,abstained,1,0,0.0,0.0,0,,0,,,,,,,,,ARC-AGI-2,f3283f727488ad98fe575ea6a5ac981e4a188e49,training,933
eb5a1d5d,unsupported_shape_change,0,0,1.0189833119511604e-06,,,,,,,abstained,1,0,0.0,0.0,0,,0,,,,,,,,,ARC-AGI-2,f3283f727488ad98fe575ea6a5ac981e4a188e49,training,934
ec883f72,no_exact_program,49,0,0.000713945017196238,,,,,,,abstained,1,0,0.0,0.0,0,,0,,,,,,,,,ARC-AGI-2,f3283f727488ad98fe575ea6a5ac981e4a188e49,training,935
ecaa0ec1,no_exact_program,49,0,0.0007347669452428818,,,,,,,abstained,1,0,0.0,0.0,0,,0,,,,,,,,,ARC-AGI-2,f3283f727488ad98fe575ea6a5ac981e4a188e49,training,936
ecb67b6d,no_exact_program,73,0,0.004348458023741841,,,,,,,abstained,1,0,0.0,0.0,0,,0,,,,,,,,,ARC-AGI-2,f3283f727488ad98fe575ea6a5ac981e4a188e49,training,937
ecdecbb3,no_exact_program,49,0,0.000747454003430903,,,,,,,abstained,1,0,0.0,0.0,0,,0,,,,,,,,,ARC-AGI-2,f3283f727488ad98fe575ea6a5ac981e4a188e49,training,938
ed36ccf7,no_exact_program,49,0,0.0006893639219924808,,,,,,,abstained,1,0,0.0,0.0,0,,0,,,,,,,,,ARC-AGI-2,f3283f727488ad98fe575ea6a5ac981e4a188e49,training,939
ed74f2f2,unsupported_shape_change,0,0,1.1640368029475212e-06,,,,,,,abstained,1,0,0.0,0.0,0,,0,,,,,,,,,ARC-AGI-2,f3283f727488ad98fe575ea6a5ac981e4a188e49,training,940
ed98d772,unsupported_shape_change,0,0,1.1129304766654968e-06,,,,,,,abstained,1,0,0.0,0.0,0,,0,,,,,,,,,ARC-AGI-2,f3283f727488ad98fe575ea6a5ac981e4a188e49,training,941
edcc2ff0,no_exact_program,49,0,0.0008138669654726982,,,,,,,abstained,1,0,0.0,0.0,0,,0,,,,,,,,,ARC-AGI-2,f3283f727488ad98fe575ea6a5ac981e4a188e49,training,942
ef135b50,no_exact_program,73,0,0.004494069027714431,,,,,,,abstained,1,0,0.0,0.0,0,,0,,,,,,,,,ARC-AGI-2,f3283f727488ad98fe575ea6a5ac981e4a188e49,training,943
ef26cbf6,no_exact_program,49,0,0.0006902569439262152,,,,,,,abstained,1,0,0.0,0.0,0,,0,,,,,,,,,ARC-AGI-2,f3283f727488ad98fe575ea6a5ac981e4a188e49,training,944
f0100645,no_exact_program,49,0,0.0007047170074656606,,,,,,,abstained,1,0,0.0,0.0,0,,0,,,,,,,,,ARC-AGI-2,f3283f727488ad98fe575ea6a5ac981e4a188e49,training,945
f0afb749,unsupported_shape_change,0,0,1.1869706213474274e-06,,,,,,,abstained,1,0,0.0,0.0,0,,0,,,,,,,,,ARC-AGI-2,f3283f727488ad98fe575ea6a5ac981e4a188e49,training,946
f0df5ff0,selected,157,1,0.024939536000601947,propagate:1:0:1:8:1,propagate,21.0,8.0,29.0,39.0,solved,1,1,1.0,1.0,1,1.0,225,1.0,1.0,max_steps,8775.0,8775.0,0.0,5.862105172127485e-05,6.421096622943878e-05,ARC-AGI-2,f3283f727488ad98fe575ea6a5ac981e4a188e49,training,947
f0f8a26d,no_exact_program,49,0,0.0007098779315128922,,,,,,,abstained,1,0,0.0,0.0,0,,0,,,,,,,,,ARC-AGI-2,f3283f727488ad98fe575ea6a5ac981e4a188e49,training,948
f15e1fac,no_exact_program,73,0,0.006408052984625101,,,,,,,abstained,1,0,0.0,0.0,0,,0,,,,,,,,,ARC-AGI-2,f3283f727488ad98fe575ea6a5ac981e4a188e49,training,949
f18ec8cc,no_exact_program,49,0,0.0007546119159087539,,,,,,,abstained,2,0,0.0,0.0,0,,0,,,,,,,,,ARC-AGI-2,f3283f727488ad98fe575ea6a5ac981e4a188e49,training,950
f1bcbc2c,no_exact_program,49,0,0.0007207340095192194,,,,,,,abstained,1,0,0.0,0.0,0,,0,,,,,,,,,ARC-AGI-2,f3283f727488ad98fe575ea6a5ac981e4a188e49,training,951
f1cefba8,no_exact_program,49,0,0.000770665006712079,,,,,,,abstained,1,0,0.0,0.0,0,,0,,,,,,,,,ARC-AGI-2,f3283f727488ad98fe575ea6a5ac981e4a188e49,training,952
f21745ec,no_exact_program,49,0,0.0008301920024678111,,,,,,,abstained,1,0,0.0,0.0,0,,0,,,,,,,,,ARC-AGI-2,f3283f727488ad98fe575ea6a5ac981e4a188e49,training,953
f25fbde4,unsupported_shape_change,0,0,1.2459931895136833e-06,,,,,,,abstained,1,0,0.0,0.0,0,,0,,,,,,,,,ARC-AGI-2,f3283f727488ad98fe575ea6a5ac981e4a188e49,training,954
f25ffba3,no_exact_program,49,0,0.0006758089875802398,,,,,,,abstained,1,0,0.0,0.0,0,,0,,,,,,,,,ARC-AGI-2,f3283f727488ad98fe575ea6a5ac981e4a188e49,training,955
f2829549,unsupported_shape_change,0,0,1.174979843199253e-06,,,,,,,abstained,1,0,0.0,0.0,0,,0,,,,,,,,,ARC-AGI-2,f3283f727488ad98fe575ea6a5ac981e4a188e49,training,956
f28a3cbb,no_exact_program,49,0,0.0006934470729902387,,,,,,,abstained,1,0,0.0,0.0,0,,0,,,,,,,,,ARC-AGI-2,f3283f727488ad98fe575ea6a5ac981e4a188e49,training,957
f341894c,no_exact_program,49,0,0.0007186660077422857,,,,,,,abstained,1,0,0.0,0.0,0,,0,,,,,,,,,ARC-AGI-2,f3283f727488ad98fe575ea6a5ac981e4a188e49,training,958
f35d900a,no_exact_program,49,0,0.0008042650297284126,,,,,,,abstained,1,0,0.0,0.0,0,,0,,,,,,,,,ARC-AGI-2,f3283f727488ad98fe575ea6a5ac981e4a188e49,training,959
f3b10344,no_exact_program,121,0,0.016362289083190262,,,,,,,abstained,1,0,0.0,0.0,0,,0,,,,,,,,,ARC-AGI-2,f3283f727488ad98fe575ea6a5ac981e4a188e49,training,960
f3cdc58f,no_exact_program,49,0,0.000721875112503767,,,,,,,abstained,1,0,0.0,0.0,0,,0,,,,,,,,,ARC-AGI-2,f3283f727488ad98fe575ea6a5ac981e4a188e49,training,961
f3e14006,no_exact_program,49,0,0.0007772870594635606,,,,,,,abstained,2,0,0.0,0.0,0,,0,,,,,,,,,ARC-AGI-2,f3283f727488ad98fe575ea6a5ac981e4a188e49,training,962
f3e62deb,no_exact_program,49,0,0.0007521940860897303,,,,,,,abstained,2,0,0.0,0.0,0,,0,,,,,,,,,ARC-AGI-2,f3283f727488ad98fe575ea6a5ac981e4a188e49,training,963
f45f5ca7,no_exact_program,49,0,0.0007173540070652962,,,,,,,abstained,1,0,0.0,0.0,0,,0,,,,,,,,,ARC-AGI-2,f3283f727488ad98fe575ea6a5ac981e4a188e49,training,964
f5aa3634,unsupported_shape_change,0,0,1.1899974197149277e-06,,,,,,,abstained,1,0,0.0,0.0,0,,0,,,,,,,,,ARC-AGI-2,f3283f727488ad98fe575ea6a5ac981e4a188e49,training,965
f5b8619d,unsupported_shape_change,0,0,9.849900379776955e-07,,,,,,,abstained,1,0,0.0,0.0,0,,0,,,,,,,,,ARC-AGI-2,f3283f727488ad98fe575ea6a5ac981e4a188e49,training,966
f5c89df1,no_exact_program,49,0,0.0008125860476866364,,,,,,,abstained,1,0,0.0,0.0,0,,0,,,,,,,,,ARC-AGI-2,f3283f727488ad98fe575ea6a5ac981e4a188e49,training,967
f76d97a5,no_exact_program,49,0,0.0006979609606787562,,,,,,,abstained,1,0,0.0,0.0,0,,0,,,,,,,,,ARC-AGI-2,f3283f727488ad98fe575ea6a5ac981e4a188e49,training,968
f823c43c,no_exact_program,49,0,0.0007292419904842973,,,,,,,abstained,1,0,0.0,0.0,0,,0,,,,,,,,,ARC-AGI-2,f3283f727488ad98fe575ea6a5ac981e4a188e49,training,969
f83cb3f6,no_exact_program,49,0,0.0008134699892252684,,,,,,,abstained,1,0,0.0,0.0,0,,0,,,,,,,,,ARC-AGI-2,f3283f727488ad98fe575ea6a5ac981e4a188e49,training,970
f8a8fe49,no_exact_program,49,0,0.0007402370683848858,,,,,,,abstained,1,0,0.0,0.0,0,,0,,,,,,,,,ARC-AGI-2,f3283f727488ad98fe575ea6a5ac981e4a188e49,training,971
f8b3ba0a,unsupported_shape_change,0,0,1.1599622666835785e-06,,,,,,,abstained,1,0,0.0,0.0,0,,0,,,,,,,,,ARC-AGI-2,f3283f727488ad98fe575ea6a5ac981e4a188e49,training,972
f8be4b64,no_exact_program,49,0,0.0008491629268974066,,,,,,,abstained,1,0,0.0,0.0,0,,0,,,,,,,,,ARC-AGI-2,f3283f727488ad98fe575ea6a5ac981e4a188e49,training,973
f8c80d96,no_exact_program,49,0,0.0007373329717665911,,,,,,,abstained,1,0,0.0,0.0,0,,0,,,,,,,,,ARC-AGI-2,f3283f727488ad98fe575ea6a5ac981e4a188e49,training,974
f8cc533f,no_exact_program,49,0,0.0007698920089751482,,,,,,,abstained,2,0,0.0,0.0,0,,0,,,,,,,,,ARC-AGI-2,f3283f727488ad98fe575ea6a5ac981e4a188e49,training,975
f8f52ecc,no_exact_program,49,0,0.0007735170656815171,,,,,,,abstained,2,0,0.0,0.0,0,,0,,,,,,,,,ARC-AGI-2,f3283f727488ad98fe575ea6a5ac981e4a188e49,training,976
f8ff0b80,unsupported_shape_change,0,0,1.1780066415667534e-06,,,,,,,abstained,1,0,0.0,0.0,0,,0,,,,,,,,,ARC-AGI-2,f3283f727488ad98fe575ea6a5ac981e4a188e49,training,977
f9012d9b,unsupported_shape_change,0,0,9.069917723536491e-07,,,,,,,abstained,1,0,0.0,0.0,0,,0,,,,,,,,,ARC-AGI-2,f3283f727488ad98fe575ea6a5ac981e4a188e49,training,978
f9a67cb5,no_exact_program,73,0,0.006139472010545433,,,,,,,abstained,1,0,0.0,0.0,0,,0,,,,,,,,,ARC-AGI-2,f3283f727488ad98fe575ea6a5ac981e4a188e49,training,979
f9d67f8b,no_exact_program,49,0,0.0010830899700522423,,,,,,,abstained,1,0,0.0,0.0,0,,0,,,,,,,,,ARC-AGI-2,f3283f727488ad98fe575ea6a5ac981e4a188e49,training,980
fafd9572,no_exact_program,49,0,0.000725381076335907,,,,,,,abstained,1,0,0.0,0.0,0,,0,,,,,,,,,ARC-AGI-2,f3283f727488ad98fe575ea6a5ac981e4a188e49,training,981
fafffa47,unsupported_shape_change,0,0,1.2059463188052177e-06,,,,,,,abstained,1,0,0.0,0.0,0,,0,,,,,,,,,ARC-AGI-2,f3283f727488ad98fe575ea6a5ac981e4a188e49,training,982
fb791726,unsupported_shape_change,0,0,1.0259682312607765e-06,,,,,,,abstained,1,0,0.0,0.0,0,,0,,,,,,,,,ARC-AGI-2,f3283f727488ad98fe575ea6a5ac981e4a188e49,training,983
fbf15a0b,unsupported_shape_change,0,0,1.077074557542801e-06,,,,,,,abstained,2,0,0.0,0.0,0,,0,,,,,,,,,ARC-AGI-2,f3283f727488ad98fe575ea6a5ac981e4a188e49,training,984
fc10701f,no_exact_program,49,0,0.0007342050084844232,,,,,,,abstained,1,0,0.0,0.0,0,,0,,,,,,,,,ARC-AGI-2,f3283f727488ad98fe575ea6a5ac981e4a188e49,training,985
fc4aaf52,no_exact_program,49,0,0.0007782450411468744,,,,,,,abstained,1,0,0.0,0.0,0,,0,,,,,,,,,ARC-AGI-2,f3283f727488ad98fe575ea6a5ac981e4a188e49,training,986
fc754716,no_exact_program,49,0,0.0007052409928292036,,,,,,,abstained,1,0,0.0,0.0,0,,0,,,,,,,,,ARC-AGI-2,f3283f727488ad98fe575ea6a5ac981e4a188e49,training,987
fcb5c309,unsupported_shape_change,0,0,1.2329546734690666e-06,,,,,,,abstained,1,0,0.0,0.0,0,,0,,,,,,,,,ARC-AGI-2,f3283f727488ad98fe575ea6a5ac981e4a188e49,training,988
fcc82909,no_exact_program,145,0,0.01864776702132076,,,,,,,abstained,1,0,0.0,0.0,0,,0,,,,,,,,,ARC-AGI-2,f3283f727488ad98fe575ea6a5ac981e4a188e49,training,989
fd02da9e,no_exact_program,49,0,0.0007028189720585942,,,,,,,abstained,1,0,0.0,0.0,0,,0,,,,,,,,,ARC-AGI-2,f3283f727488ad98fe575ea6a5ac981e4a188e49,training,990
fd096ab6,no_exact_program,49,0,0.0008105279412120581,,,,,,,abstained,1,0,0.0,0.0,0,,0,,,,,,,,,ARC-AGI-2,f3283f727488ad98fe575ea6a5ac981e4a188e49,training,991
fd4b2b02,no_exact_program,49,0,0.0008409039583057165,,,,,,,abstained,1,0,0.0,0.0,0,,0,,,,,,,,,ARC-AGI-2,f3283f727488ad98fe575ea6a5ac981e4a188e49,training,992
fe45cba4,no_exact_program,49,0,0.0007042189827188849,,,,,,,abstained,1,0,0.0,0.0,0,,0,,,,,,,,,ARC-AGI-2,f3283f727488ad98fe575ea6a5ac981e4a188e49,training,993
fe9372f3,no_exact_program,49,0,0.0007020470220595598,,,,,,,abstained,1,0,0.0,0.0,0,,0,,,,,,,,,ARC-AGI-2,f3283f727488ad98fe575ea6a5ac981e4a188e49,training,994
fea12743,no_exact_program,49,0,0.00080756691750139,,,,,,,abstained,1,0,0.0,0.0,0,,0,,,,,,,,,ARC-AGI-2,f3283f727488ad98fe575ea6a5ac981e4a188e49,training,995
feca6190,unsupported_shape_change,0,0,1.1869706213474274e-06,,,,,,,abstained,1,0,0.0,0.0,0,,0,,,,,,,,,ARC-AGI-2,f3283f727488ad98fe575ea6a5ac981e4a188e49,training,996
ff2825db,no_exact_program,49,0,0.0007293280214071274,,,,,,,abstained,2,0,0.0,0.0,0,,0,,,,,,,,,ARC-AGI-2,f3283f727488ad98fe575ea6a5ac981e4a188e49,training,997
ff28f65a,unsupported_shape_change,0,0,1.250067725777626e-06,,,,,,,abstained,3,0,0.0,0.0,0,,0,,,,,,,,,ARC-AGI-2,f3283f727488ad98fe575ea6a5ac981e4a188e49,training,998
ff72ca3e,no_exact_program,85,0,0.0073782430263236165,,,,,,,abstained,1,0,0.0,0.0,0,,0,,,,,,,,,ARC-AGI-2,f3283f727488ad98fe575ea6a5ac981e4a188e49,training,999
ff805c23,unsupported_shape_change,0,0,1.2030359357595444e-06,,,,,,,abstained,1,0,0.0,0.0,0,,0,,,,,,,,,ARC-AGI-2,f3283f727488ad98fe575ea6a5ac981e4a188e49,training,1000
