truth_mask,minimum_formula_gates,parity4_minimum_formula_gates,no_more_complex_than_parity
43690,0,3,1.0
52428,0,3,1.0
61680,0,3,1.0
65280,0,3,1.0
21845,1,3,1.0
26214,1,3,1.0
23130,1,3,1.0
21930,1,3,1.0
13107,1,3,1.0
15420,1,3,1.0
13260,1,3,1.0
3855,1,3,1.0
4080,1,3,1.0
255,1,3,1.0
39321,2,3,1.0
27242,2,3,1.0
22102,2,3,1.0
38550,2,3,1.0
38293,2,3,1.0
26282,2,3,1.0
21862,2,3,1.0
39270,2,3,1.0
39253,2,3,1.0
42405,2,3,1.0
23210,2,3,1.0
21850,2,3,1.0
42330,2,3,1.0
42325,2,3,1.0
43605,2,3,1.0
27756,2,3,1.0
13878,2,3,1.0
37779,2,3,1.0
26316,2,3,1.0
13158,2,3,1.0
39219,2,3,1.0
50115,2,3,1.0
15564,2,3,1.0
13116,2,3,1.0
49980,2,3,1.0
49971,2,3,1.0
52275,2,3,1.0
30840,2,3,1.0
7710,2,3,1.0
34695,2,3,1.0
23280,2,3,1.0
3930,2,3,1.0
42255,2,3,1.0
15600,2,3,1.0
3900,2,3,1.0
49935,2,3,1.0
61455,2,3,1.0
30600,2,3,1.0
4590,2,3,1.0
34935,2,3,1.0
24480,2,3,1.0
1530,2,3,1.0
41055,2,3,1.0
16320,2,3,1.0
1020,2,3,1.0
49215,2,3,1.0
50886,3,3,1.0
40092,3,3,1.0
58082,3,3,1.0
29812,3,3,1.0
7453,3,3,1.0
14649,3,3,1.0
52326,3,3,1.0
39372,3,3,1.0
60962,3,3,1.0
30532,3,3,1.0
4573,3,3,1.0
13209,3,3,1.0
42662,3,3,1.0
39578,3,3,1.0
22873,3,3,1.0
43622,3,3,1.0
39338,3,3,1.0
21913,3,3,1.0
25957,3,3,1.0
26985,3,3,1.0
27306,3,3,1.0
22118,3,3,1.0
38502,3,3,1.0
38229,3,3,1.0
26218,3,3,1.0
21846,3,3,1.0
39318,3,3,1.0
39317,3,3,1.0
42602,3,3,1.0
25942,3,3,1.0
27030,3,3,1.0
22933,3,3,1.0
42598,3,3,1.0
25941,3,3,1.0
27033,3,3,1.0
22937,3,3,1.0
26197,3,3,1.0
26265,3,3,1.0
53970,3,3,1.0
46260,3,3,1.0
51914,3,3,1.0
23644,3,3,1.0
13621,3,3,1.0
11565,3,3,1.0
61530,3,3,1.0
42480,3,3,1.0
64010,3,3,1.0
24400,3,3,1.0
1525,3,3,1.0
4005,3,3,1.0
22106,3,3,1.0
38490,3,3,1.0
23146,3,3,1.0
42390,3,3,1.0
42389,3,3,1.0
39530,3,3,1.0
22870,3,3,1.0
26005,3,3,1.0
39514,3,3,1.0
22869,3,3,1.0
27045,3,3,1.0
26021,3,3,1.0
43610,3,3,1.0
42410,3,3,1.0
21925,3,3,1.0
23125,3,3,1.0
23205,3,3,1.0
56610,3,3,1.0
47940,3,3,1.0
52394,3,3,1.0
21964,3,3,1.0
13141,3,3,1.0
8925,3,3,1.0
62730,3,3,1.0
44880,3,3,1.0
61610,3,3,1.0
22000,3,3,1.0
3925,3,3,1.0
2805,3,3,1.0
21866,3,3,1.0
38250,3,3,1.0
22186,3,3,1.0
43350,3,3,1.0
43349,3,3,1.0
38570,3,3,1.0
21910,3,3,1.0
26965,3,3,1.0
38314,3,3,1.0
21909,3,3,1.0
27285,3,3,1.0
27221,3,3,1.0
43433,3,3,1.0
43673,3,3,1.0
43685,3,3,1.0
58596,3,3,1.0
29298,3,3,1.0
6939,3,3,1.0
60996,3,3,1.0
30498,3,3,1.0
4539,3,3,1.0
25443,3,3,1.0
27852,3,3,1.0
13926,3,3,1.0
37683,3,3,1.0
26220,3,3,1.0
13110,3,3,1.0
39315,3,3,1.0
50796,3,3,1.0
25398,3,3,1.0
14739,3,3,1.0
50790,3,3,1.0
25395,3,3,1.0
14745,3,3,1.0
26163,3,3,1.0
44204,3,3,1.0
14906,3,3,1.0
21331,3,3,1.0
19275,3,3,1.0
13884,3,3,1.0
38460,3,3,1.0
15468,3,3,1.0
50070,3,3,1.0
50067,3,3,1.0
40044,3,3,1.0
14646,3,3,1.0
25491,3,3,1.0
39996,3,3,1.0
14643,3,3,1.0
27075,3,3,1.0
25539,3,3,1.0
61500,3,3,1.0
50160,3,3,1.0
64524,3,3,1.0
16176,3,3,1.0
1011,3,3,1.0
4035,3,3,1.0
52284,3,3,1.0
50124,3,3,1.0
13251,3,3,1.0
15411,3,3,1.0
15555,3,3,1.0
43724,3,3,1.0
13226,3,3,1.0
21811,3,3,1.0
17595,3,3,1.0
13164,3,3,1.0
37740,3,3,1.0
14028,3,3,1.0
51510,3,3,1.0
51507,3,3,1.0
38604,3,3,1.0
13206,3,3,1.0
26931,3,3,1.0
37836,3,3,1.0
13203,3,3,1.0
27795,3,3,1.0
27699,3,3,1.0
62220,3,3,1.0
53040,3,3,1.0
61644,3,3,1.0
13296,3,3,1.0
3891,3,3,1.0
3315,3,3,1.0
51657,3,3,1.0
52377,3,3,1.0
52419,3,3,1.0
55512,3,3,1.0
20046,3,3,1.0
10023,3,3,1.0
30960,3,3,1.0
7770,3,3,1.0
34575,3,3,1.0
23160,3,3,1.0
3870,3,3,1.0
42375,3,3,1.0
53880,3,3,1.0
19230,3,3,1.0
11655,3,3,1.0
53850,3,3,1.0
19215,3,3,1.0
11685,3,3,1.0
64080,3,3,1.0
24330,3,3,1.0
1455,3,3,1.0
23055,3,3,1.0
47288,3,3,1.0
11822,3,3,1.0
18247,3,3,1.0
7740,3,3,1.0
15480,3,3,1.0
50055,3,3,1.0
46200,3,3,1.0
11550,3,3,1.0
19335,3,3,1.0
46140,3,3,1.0
11535,3,3,1.0
19395,3,3,1.0
64560,3,3,1.0
16140,3,3,1.0
975,3,3,1.0
15375,3,3,1.0
3960,3,3,1.0
34680,3,3,1.0
7920,3,3,1.0
57630,3,3,1.0
57615,3,3,1.0
38640,3,3,1.0
3990,3,3,1.0
26895,3,3,1.0
34800,3,3,1.0
3975,3,3,1.0
30855,3,3,1.0
30735,3,3,1.0
43760,3,3,1.0
4010,3,3,1.0
21775,3,3,1.0
20655,3,3,1.0
52464,3,3,1.0
4044,3,3,1.0
13071,3,3,1.0
12495,3,3,1.0
57825,3,3,1.0
61605,3,3,1.0
61635,3,3,1.0
32640,3,3,1.0
5610,3,3,1.0
32895,3,3,1.0
22440,3,3,1.0
510,3,3,1.0
43095,3,3,1.0
55080,3,3,1.0
16830,3,3,1.0
10455,3,3,1.0
54570,3,3,1.0
16575,3,3,1.0
10965,3,3,1.0
56712,3,3,1.0
17646,3,3,1.0
8823,3,3,1.0
62880,3,3,1.0
20730,3,3,1.0
2655,3,3,1.0
5100,3,3,1.0
14280,3,3,1.0
51255,3,3,1.0
46920,3,3,1.0
8670,3,3,1.0
18615,3,3,1.0
45900,3,3,1.0
8415,3,3,1.0
19635,3,3,1.0
48008,3,3,1.0
8942,3,3,1.0
17527,3,3,1.0
62400,3,3,1.0
12540,3,3,1.0
3135,3,3,1.0
2040,3,3,1.0
8160,3,3,1.0
57375,3,3,1.0
40800,3,3,1.0
2550,3,3,1.0
24735,3,3,1.0
36720,3,3,1.0
2295,3,3,1.0
28815,3,3,1.0
44960,3,3,1.0
2810,3,3,1.0
20575,3,3,1.0
53184,3,3,1.0
3324,3,3,1.0
12351,3,3,1.0
60945,3,3,1.0
64005,3,3,1.0
64515,3,3,1.0
36237,3,3,1.0
35037,3,3,1.0
35723,3,3,1.0
35003,3,3,1.0
45489,3,3,1.0
41205,3,3,1.0
41891,3,3,1.0
41135,3,3,1.0
47889,3,3,1.0
44805,3,3,1.0
43571,3,3,1.0
43535,3,3,1.0
53713,3,3,1.0
50629,3,3,1.0
49395,3,3,1.0
49359,3,3,1.0
56593,3,3,1.0
52309,3,3,1.0
52995,3,3,1.0
52239,3,3,1.0
62725,3,3,1.0
61525,3,3,1.0
62211,3,3,1.0
61491,3,3,1.0
40140,4,3,0.0
52422,4,3,0.0
39324,4,3,0.0
13113,4,3,0.0
27846,4,3,0.0
51612,4,3,0.0
12002,4,3,0.0
18292,4,3,0.0
53533,4,3,0.0
37689,4,3,0.0
51609,4,3,0.0
39594,4,3,0.0
43686,4,3,0.0
39322,4,3,0.0
21849,4,3,0.0
27302,4,3,0.0
43418,4,3,0.0
38233,4,3,0.0
43417,4,3,0.0
40086,4,3,0.0
57962,4,3,0.0
29782,4,3,0.0
15510,4,3,0.0
7573,4,3,0.0
38598,4,3,0.0
42722,4,3,0.0
25972,4,3,0.0
26940,4,3,0.0
22813,4,3,0.0
26937,4,3,0.0
59946,4,3,0.0
30278,4,3,0.0
14022,4,3,0.0
5589,4,3,0.0
28258,4,3,0.0
22356,4,3,0.0
37788,4,3,0.0
37277,4,3,0.0
9958,4,3,0.0
17781,4,3,0.0
51513,4,3,0.0
55577,4,3,0.0
13974,4,3,0.0
37785,4,3,0.0
11942,4,3,0.0
18277,4,3,0.0
50025,4,3,0.0
53593,4,3,0.0
51561,4,3,0.0
39574,4,3,0.0
23190,4,3,0.0
38566,4,3,0.0
26970,4,3,0.0
26969,4,3,0.0
43626,4,3,0.0
22182,4,3,0.0
27238,4,3,0.0
38298,4,3,0.0
38297,4,3,0.0
26278,4,3,0.0
43353,4,3,0.0
39257,4,3,0.0
22166,4,3,0.0
42345,4,3,0.0
43369,4,3,0.0
26198,4,3,0.0
26262,4,3,0.0
42666,4,3,0.0
25958,4,3,0.0
26982,4,3,0.0
21861,4,3,0.0
39273,4,3,0.0
22101,4,3,0.0
38553,4,3,0.0
22117,4,3,0.0
38505,4,3,0.0
39366,4,3,0.0
58922,4,3,0.0
30022,4,3,0.0
14790,4,3,0.0
6613,4,3,0.0
40038,4,3,0.0
44642,4,3,0.0
26452,4,3,0.0
25500,4,3,0.0
20893,4,3,0.0
25497,4,3,0.0
58026,4,3,0.0
29798,4,3,0.0
15462,4,3,0.0
7509,4,3,0.0
26338,4,3,0.0
21876,4,3,0.0
39228,4,3,0.0
39197,4,3,0.0
11878,4,3,0.0
18261,4,3,0.0
50073,4,3,0.0
53657,4,3,0.0
14694,4,3,0.0
39225,4,3,0.0
10982,4,3,0.0
18037,4,3,0.0
50745,4,3,0.0
54553,4,3,0.0
50841,4,3,0.0
39334,4,3,0.0
22950,4,3,0.0
39526,4,3,0.0
26010,4,3,0.0
26009,4,3,0.0
23142,4,3,0.0
39258,4,3,0.0
42393,4,3,0.0
22886,4,3,0.0
42585,4,3,0.0
42649,4,3,0.0
26213,4,3,0.0
26217,4,3,0.0
46320,4,3,0.0
61650,4,3,0.0
42420,4,3,0.0
3885,4,3,0.0
30930,4,3,0.0
57780,4,3,0.0
15050,4,3,0.0
21340,4,3,0.0
50485,4,3,0.0
34605,4,3,0.0
57765,4,3,0.0
46230,4,3,0.0
51818,4,3,0.0
23638,4,3,0.0
13717,4,3,0.0
38610,4,3,0.0
39626,4,3,0.0
22876,4,3,0.0
25909,4,3,0.0
26925,4,3,0.0
24146,4,3,0.0
7890,4,3,0.0
31306,4,3,0.0
34740,4,3,0.0
34229,4,3,0.0
6874,4,3,0.0
20829,4,3,0.0
57645,4,3,0.0
58661,4,3,0.0
7830,4,3,0.0
34725,4,3,0.0
15002,4,3,0.0
21337,4,3,0.0
50533,4,3,0.0
57705,4,3,0.0
23126,4,3,0.0
22874,4,3,0.0
23194,4,3,0.0
42341,4,3,0.0
42646,4,3,0.0
38554,4,3,0.0
42406,4,3,0.0
26981,4,3,0.0
22170,4,3,0.0
27226,4,3,0.0
38310,4,3,0.0
38309,4,3,0.0
27290,4,3,0.0
38245,4,3,0.0
43365,4,3,0.0
38565,4,3,0.0
22105,4,3,0.0
43674,4,3,0.0
43430,4,3,0.0
43429,4,3,0.0
42450,4,3,0.0
55850,4,3,0.0
23890,4,3,0.0
11730,4,3,0.0
9685,4,3,0.0
46170,4,3,0.0
47690,4,3,0.0
23380,4,3,0.0
19380,4,3,0.0
17845,4,3,0.0
19365,4,3,0.0
51882,4,3,0.0
23642,4,3,0.0
15450,4,3,0.0
13653,4,3,0.0
23242,4,3,0.0
21852,4,3,0.0
42300,4,3,0.0
42293,4,3,0.0
14938,4,3,0.0
21333,4,3,0.0
50085,4,3,0.0
50597,4,3,0.0
11610,4,3,0.0
42285,4,3,0.0
10970,4,3,0.0
21085,4,3,0.0
53805,4,3,0.0
54565,4,3,0.0
53925,4,3,0.0
42394,4,3,0.0
42586,4,3,0.0
22949,4,3,0.0
26202,4,3,0.0
42342,4,3,0.0
39333,4,3,0.0
25946,4,3,0.0
39525,4,3,0.0
39589,4,3,0.0
23129,4,3,0.0
23145,4,3,0.0
48960,4,3,0.0
64770,4,3,0.0
43860,4,3,0.0
765,4,3,0.0
32130,4,3,0.0
60180,4,3,0.0
15530,4,3,0.0
21820,4,3,0.0
50005,4,3,0.0
33405,4,3,0.0
59925,4,3,0.0
47430,4,3,0.0
50858,4,3,0.0
21958,4,3,0.0
14677,4,3,0.0
40290,4,3,0.0
40106,4,3,0.0
21916,4,3,0.0
25429,4,3,0.0
25245,4,3,0.0
21986,4,3,0.0
7650,4,3,0.0
29866,4,3,0.0
35700,4,3,0.0
35669,4,3,0.0
7594,4,3,0.0
21789,4,3,0.0
57885,4,3,0.0
57941,4,3,0.0
6630,4,3,0.0
35445,4,3,0.0
14762,4,3,0.0
21817,4,3,0.0
50773,4,3,0.0
58905,4,3,0.0
21926,4,3,0.0
21914,4,3,0.0
22954,4,3,0.0
42581,4,3,0.0
26026,4,3,0.0
39509,4,3,0.0
27050,4,3,0.0
21865,4,3,0.0
38485,4,3,0.0
43366,4,3,0.0
39274,4,3,0.0
43606,4,3,0.0
26261,4,3,0.0
22890,4,3,0.0
39510,4,3,0.0
42645,4,3,0.0
44370,4,3,0.0
53930,4,3,0.0
21970,4,3,0.0
11605,4,3,0.0
46410,4,3,0.0
46250,4,3,0.0
21940,4,3,0.0
19285,4,3,0.0
19125,4,3,0.0
21962,4,3,0.0
13770,4,3,0.0
23722,4,3,0.0
41820,4,3,0.0
41813,4,3,0.0
13738,4,3,0.0
21813,4,3,0.0
51765,4,3,0.0
51797,4,3,0.0
9690,4,3,0.0
41565,4,3,0.0
11690,4,3,0.0
21805,4,3,0.0
53845,4,3,0.0
55845,4,3,0.0
43354,4,3,0.0
42346,4,3,0.0
23189,4,3,0.0
25962,4,3,0.0
42582,4,3,0.0
39573,4,3,0.0
43434,4,3,0.0
43670,4,3,0.0
43669,4,3,0.0
21929,4,3,0.0
22185,4,3,0.0
43689,4,3,0.0
39593,4,3,0.0
42665,4,3,0.0
43625,4,3,0.0
23756,4,3,0.0
52426,4,3,0.0
13109,4,3,0.0
59624,4,3,0.0
54484,4,3,0.0
5911,4,3,0.0
29936,4,3,0.0
61666,4,3,0.0
3869,4,3,0.0
61064,4,3,0.0
56644,4,3,0.0
4471,4,3,0.0
64160,4,3,0.0
62800,4,3,0.0
1375,4,3,0.0
32576,4,3,0.0
65026,4,3,0.0
509,4,3,0.0
36494,4,3,0.0
29041,4,3,0.0
45746,4,3,0.0
19789,4,3,0.0
48770,4,3,0.0
55060,4,3,0.0
16765,4,3,0.0
49024,4,3,0.0
54549,4,3,0.0
16511,4,3,0.0
27225,4,3,0.0
27237,4,3,0.0
35054,4,3,0.0
30481,4,3,0.0
47330,4,3,0.0
53620,4,3,0.0
18205,4,3,0.0
47906,4,3,0.0
17629,4,3,0.0
39590,4,3,0.0
38230,4,3,0.0
25945,4,3,0.0
26201,4,3,0.0
47344,4,3,0.0
53589,4,3,0.0
18191,4,3,0.0
26025,4,3,0.0
25961,4,3,0.0
26277,4,3,0.0
44234,4,3,0.0
50524,4,3,0.0
21301,4,3,0.0
41210,4,3,0.0
24325,4,3,0.0
44810,4,3,0.0
20725,4,3,0.0
42650,4,3,0.0
22885,4,3,0.0
23141,4,3,0.0
43370,4,3,0.0
22165,4,3,0.0
22181,4,3,0.0
44236,4,3,0.0
50517,4,3,0.0
21299,4,3,0.0
22953,4,3,0.0
22889,4,3,0.0
23193,4,3,0.0
22169,4,3,0.0
20196,4,3,0.0
10098,4,3,0.0
45339,4,3,0.0
52332,4,3,0.0
27750,4,3,0.0
26310,4,3,0.0
58476,4,3,0.0
29238,4,3,0.0
7059,4,3,0.0
50916,4,3,0.0
25458,4,3,0.0
14619,4,3,0.0
60492,4,3,0.0
30246,4,3,0.0
5043,4,3,0.0
28260,4,3,0.0
14130,4,3,0.0
37275,4,3,0.0
18150,4,3,0.0
9075,4,3,0.0
47385,4,3,0.0
20166,4,3,0.0
10083,4,3,0.0
45369,4,3,0.0
26166,4,3,0.0
50892,4,3,0.0
25446,4,3,0.0
13155,4,3,0.0
13875,4,3,0.0
13923,4,3,0.0
58956,4,3,0.0
29478,4,3,0.0
6579,4,3,0.0
52836,4,3,0.0
26418,4,3,0.0
12699,4,3,0.0
58572,4,3,0.0
29286,4,3,0.0
6963,4,3,0.0
26340,4,3,0.0
13170,4,3,0.0
39195,4,3,0.0
20070,4,3,0.0
10035,4,3,0.0
45465,4,3,0.0
19686,4,3,0.0
9843,4,3,0.0
45849,4,3,0.0
26211,4,3,0.0
15414,4,3,0.0
14652,4,3,0.0
15516,4,3,0.0
50019,4,3,0.0
53910,4,3,0.0
44140,4,3,0.0
14902,4,3,0.0
21395,4,3,0.0
38580,4,3,0.0
50130,4,3,0.0
40108,4,3,0.0
14650,4,3,0.0
25427,4,3,0.0
26955,4,3,0.0
15924,4,3,0.0
7860,4,3,0.0
31788,4,3,0.0
34770,4,3,0.0
33747,4,3,0.0
23724,4,3,0.0
13626,4,3,0.0
41811,4,3,0.0
7356,4,3,0.0
12603,4,3,0.0
57675,4,3,0.0
58179,4,3,0.0
34755,4,3,0.0
23708,4,3,0.0
13625,4,3,0.0
41827,4,3,0.0
50838,4,3,0.0
38556,4,3,0.0
50118,4,3,0.0
26979,4,3,0.0
13980,4,3,0.0
27708,4,3,0.0
37830,4,3,0.0
37827,4,3,0.0
27804,4,3,0.0
37731,4,3,0.0
51555,4,3,0.0
38595,4,3,0.0
13881,4,3,0.0
54000,4,3,0.0
61620,4,3,0.0
3915,4,3,0.0
30900,4,3,0.0
57810,4,3,0.0
34635,4,3,0.0
57795,4,3,0.0
52380,4,3,0.0
51654,4,3,0.0
51651,4,3,0.0
50100,4,3,0.0
48204,4,3,0.0
15156,4,3,0.0
17331,4,3,0.0
53820,4,3,0.0
56364,4,3,0.0
15666,4,3,0.0
9171,4,3,0.0
11715,4,3,0.0
14908,4,3,0.0
23100,4,3,0.0
15532,4,3,0.0
13114,4,3,0.0
50010,4,3,0.0
50003,4,3,0.0
23612,4,3,0.0
13619,4,3,0.0
42435,4,3,0.0
41923,4,3,0.0
19260,4,3,0.0
49995,4,3,0.0
19644,4,3,0.0
13371,4,3,0.0
46155,4,3,0.0
45891,4,3,0.0
46275,4,3,0.0
50076,4,3,0.0
50748,4,3,0.0
14787,4,3,0.0
26172,4,3,0.0
50022,4,3,0.0
39363,4,3,0.0
25404,4,3,0.0
40035,4,3,0.0
40131,4,3,0.0
15417,4,3,0.0
15465,4,3,0.0
13254,4,3,0.0
13212,4,3,0.0
14796,4,3,0.0
50739,4,3,0.0
55590,4,3,0.0
42700,4,3,0.0
13222,4,3,0.0
22835,4,3,0.0
39780,4,3,0.0
52530,4,3,0.0
39628,4,3,0.0
13210,4,3,0.0
25907,4,3,0.0
25755,4,3,0.0
13284,4,3,0.0
7140,4,3,0.0
29388,4,3,0.0
36210,4,3,0.0
36147,4,3,0.0
23244,4,3,0.0
13146,4,3,0.0
42291,4,3,0.0
7116,4,3,0.0
13083,4,3,0.0
58395,4,3,0.0
58419,4,3,0.0
35955,4,3,0.0
22988,4,3,0.0
13145,4,3,0.0
42547,4,3,0.0
25548,4,3,0.0
39987,4,3,0.0
27084,4,3,0.0
13161,4,3,0.0
38451,4,3,0.0
51558,4,3,0.0
39276,4,3,0.0
52278,4,3,0.0
26259,4,3,0.0
14700,4,3,0.0
39990,4,3,0.0
50835,4,3,0.0
57120,4,3,0.0
64260,4,3,0.0
1275,4,3,0.0
31620,4,3,0.0
60690,4,3,0.0
33915,4,3,0.0
60435,4,3,0.0
52020,4,3,0.0
46284,4,3,0.0
13236,4,3,0.0
19251,4,3,0.0
54060,4,3,0.0
53964,4,3,0.0
13266,4,3,0.0
11571,4,3,0.0
11475,4,3,0.0
13228,4,3,0.0
21420,4,3,0.0
15052,4,3,0.0
50490,4,3,0.0
50483,4,3,0.0
21452,4,3,0.0
13139,4,3,0.0
44115,4,3,0.0
44083,4,3,0.0
17340,4,3,0.0
50235,4,3,0.0
19404,4,3,0.0
13131,4,3,0.0
46131,4,3,0.0
48195,4,3,0.0
51516,4,3,0.0
50028,4,3,0.0
15507,4,3,0.0
25452,4,3,0.0
50742,4,3,0.0
40083,4,3,0.0
51660,4,3,0.0
52374,4,3,0.0
52371,4,3,0.0
13257,4,3,0.0
14025,4,3,0.0
52425,4,3,0.0
40137,4,3,0.0
50889,4,3,0.0
52329,4,3,0.0
15018,4,3,0.0
43692,4,3,0.0
21843,4,3,0.0
27705,4,3,0.0
27747,4,3,0.0
40134,4,3,0.0
37686,4,3,0.0
25401,4,3,0.0
26169,4,3,0.0
25545,4,3,0.0
25449,4,3,0.0
26307,4,3,0.0
11051,4,3,0.0
29424,4,3,0.0
61668,4,3,0.0
3867,4,3,0.0
55524,4,3,0.0
45426,4,3,0.0
10011,4,3,0.0
55536,4,3,0.0
45363,4,3,0.0
9999,4,3,0.0
32544,4,3,0.0
65028,4,3,0.0
507,4,3,0.0
56964,4,3,0.0
46866,4,3,0.0
8571,4,3,0.0
57216,4,3,0.0
45843,4,3,0.0
8319,4,3,0.0
8891,4,3,0.0
64704,4,3,0.0
62256,4,3,0.0
831,4,3,0.0
51884,4,3,0.0
41786,4,3,0.0
13651,4,3,0.0
50844,4,3,0.0
14691,4,3,0.0
15459,4,3,0.0
51564,4,3,0.0
13971,4,3,0.0
14019,4,3,0.0
49404,4,3,0.0
16131,4,3,0.0
53004,4,3,0.0
12531,4,3,0.0
41779,4,3,0.0
14793,4,3,0.0
14697,4,3,0.0
15513,4,3,0.0
13977,4,3,0.0
61560,4,3,0.0
30810,4,3,0.0
23250,4,3,0.0
23070,4,3,0.0
19290,4,3,0.0
55416,4,3,0.0
19998,4,3,0.0
10119,4,3,0.0
53976,4,3,0.0
19278,4,3,0.0
11559,4,3,0.0
63600,4,3,0.0
24090,4,3,0.0
1935,4,3,0.0
31320,4,3,0.0
7950,4,3,0.0
34215,4,3,0.0
29400,4,3,0.0
6990,4,3,0.0
36135,4,3,0.0
21210,4,3,0.0
2895,4,3,0.0
44325,4,3,0.0
29394,4,3,0.0
6987,4,3,0.0
36141,4,3,0.0
7695,4,3,0.0
7755,4,3,0.0
55920,4,3,0.0
20250,4,3,0.0
9615,4,3,0.0
62040,4,3,0.0
23310,4,3,0.0
3495,4,3,0.0
20058,4,3,0.0
23256,4,3,0.0
3918,4,3,0.0
42279,4,3,0.0
29274,4,3,0.0
6927,4,3,0.0
36261,4,3,0.0
28890,4,3,0.0
6735,4,3,0.0
36645,4,3,0.0
23115,4,3,0.0
15390,4,3,0.0
11580,4,3,0.0
15540,4,3,0.0
30780,4,3,0.0
47224,4,3,0.0
11806,4,3,0.0
18311,4,3,0.0
46264,4,3,0.0
11566,4,3,0.0
19271,4,3,0.0
15900,4,3,0.0
31800,4,3,0.0
33735,4,3,0.0
29880,4,3,0.0
7470,4,3,0.0
35655,4,3,0.0
13500,4,3,0.0
3375,4,3,0.0
52035,4,3,0.0
29876,4,3,0.0
7469,4,3,0.0
35659,4,3,0.0
7725,4,3,0.0
48240,4,3,0.0
12060,4,3,0.0
17295,4,3,0.0
62520,4,3,0.0
15630,4,3,0.0
3015,4,3,0.0
11836,4,3,0.0
15544,4,3,0.0
3886,4,3,0.0
49991,4,3,0.0
29756,4,3,0.0
7439,4,3,0.0
35779,4,3,0.0
28860,4,3,0.0
7215,4,3,0.0
36675,4,3,0.0
15405,4,3,0.0
4050,4,3,0.0
4020,4,3,0.0
11760,4,3,0.0
53775,4,3,0.0
19440,4,3,0.0
46095,4,3,0.0
27120,4,3,0.0
3945,4,3,0.0
38415,4,3,0.0
58650,4,3,0.0
39664,4,3,0.0
3994,4,3,0.0
25871,4,3,0.0
42840,4,3,0.0
61710,4,3,0.0
42736,4,3,0.0
4006,4,3,0.0
22799,4,3,0.0
22695,4,3,0.0
4056,4,3,0.0
10200,4,3,0.0
20208,4,3,0.0
45390,4,3,0.0
45327,4,3,0.0
26352,4,3,0.0
3942,4,3,0.0
39183,4,3,0.0
10224,4,3,0.0
3879,4,3,0.0
55335,4,3,0.0
55311,4,3,0.0
45135,4,3,0.0
26096,4,3,0.0
3941,4,3,0.0
39439,4,3,0.0
57690,4,3,0.0
42360,4,3,0.0
61470,4,3,0.0
23175,4,3,0.0
11640,4,3,0.0
46110,4,3,0.0
53895,4,3,0.0
58140,4,3,0.0
40176,4,3,0.0
3996,4,3,0.0
25359,4,3,0.0
51000,4,3,0.0
50928,4,3,0.0
4038,4,3,0.0
14607,4,3,0.0
14535,4,3,0.0
4024,4,3,0.0
18360,4,3,0.0
12016,4,3,0.0
53550,4,3,0.0
53519,4,3,0.0
18416,4,3,0.0
3911,4,3,0.0
47175,4,3,0.0
47119,4,3,0.0
53295,4,3,0.0
25584,4,3,0.0
3939,4,3,0.0
39951,4,3,0.0
57660,4,3,0.0
50040,4,3,0.0
15495,4,3,0.0
19320,4,3,0.0
53790,4,3,0.0
46215,4,3,0.0
63240,4,3,0.0
61200,4,3,0.0
4335,4,3,0.0
28560,4,3,0.0
63750,4,3,0.0
36975,4,3,0.0
63495,4,3,0.0
57840,4,3,0.0
61590,4,3,0.0
61575,4,3,0.0
4065,4,3,0.0
7905,4,3,0.0
61665,4,3,0.0
46305,4,3,0.0
53985,4,3,0.0
61545,4,3,0.0
30765,4,3,0.0
30795,4,3,0.0
11946,4,3,0.0
43704,4,3,0.0
21831,4,3,0.0
46290,4,3,0.0
34590,4,3,0.0
19245,4,3,0.0
23085,4,3,0.0
19425,4,3,0.0
19305,4,3,0.0
23235,4,3,0.0
20172,4,3,0.0
52440,4,3,0.0
13095,4,3,0.0
58584,4,3,0.0
36174,4,3,0.0
6951,4,3,0.0
36111,4,3,0.0
53940,4,3,0.0
11595,4,3,0.0
15435,4,3,0.0
58040,4,3,0.0
35630,4,3,0.0
7495,4,3,0.0
57720,4,3,0.0
7815,4,3,0.0
7875,4,3,0.0
11745,4,3,0.0
11625,4,3,0.0
35599,4,3,0.0
15525,4,3,0.0
7845,4,3,0.0
32520,4,3,0.0
65040,4,3,0.0
495,4,3,0.0
63120,4,3,0.0
40710,4,3,0.0
2415,4,3,0.0
63360,4,3,0.0
36615,4,3,0.0
2175,4,3,0.0
2735,4,3,0.0
3279,4,3,0.0
30090,4,3,0.0
23970,4,3,0.0
20910,4,3,0.0
17850,4,3,0.0
5355,4,3,0.0
55176,4,3,0.0
16878,4,3,0.0
10359,4,3,0.0
56616,4,3,0.0
17598,4,3,0.0
8919,4,3,0.0
20970,4,3,0.0
30120,4,3,0.0
4350,4,3,0.0
35415,4,3,0.0
32040,4,3,0.0
5310,4,3,0.0
33495,4,3,0.0
23850,4,3,0.0
1215,4,3,0.0
41685,4,3,0.0
32034,4,3,0.0
5307,4,3,0.0
33501,4,3,0.0
55200,4,3,0.0
16890,4,3,0.0
10335,4,3,0.0
62760,4,3,0.0
20670,4,3,0.0
2775,4,3,0.0
17898,4,3,0.0
23976,4,3,0.0
1278,4,3,0.0
41559,4,3,0.0
29994,4,3,0.0
4287,4,3,0.0
35541,4,3,0.0
32010,4,3,0.0
5295,4,3,0.0
33525,4,3,0.0
21675,4,3,0.0
12750,4,3,0.0
9180,4,3,0.0
15300,4,3,0.0
29580,4,3,0.0
4845,4,3,0.0
46984,4,3,0.0
8686,4,3,0.0
18551,4,3,0.0
47944,4,3,0.0
8926,4,3,0.0
17591,4,3,0.0
12780,4,3,0.0
29640,4,3,0.0
35895,4,3,0.0
31560,4,3,0.0
4830,4,3,0.0
33975,4,3,0.0
15180,4,3,0.0
735,4,3,0.0
50355,4,3,0.0
31556,4,3,0.0
4829,4,3,0.0
33979,4,3,0.0
47040,4,3,0.0
8700,4,3,0.0
18495,4,3,0.0
62280,4,3,0.0
12510,4,3,0.0
3255,4,3,0.0
9196,4,3,0.0
15304,4,3,0.0
766,4,3,0.0
50231,4,3,0.0
29516,4,3,0.0
4319,4,3,0.0
36019,4,3,0.0
31500,4,3,0.0
4815,4,3,0.0
34035,4,3,0.0
13005,4,3,0.0
3570,4,3,0.0
3060,4,3,0.0
12240,4,3,0.0
20400,4,3,0.0
1785,4,3,0.0
40864,4,3,0.0
2554,4,3,0.0
24671,4,3,0.0
44896,4,3,0.0
2806,4,3,0.0
20639,4,3,0.0
3576,4,3,0.0
20448,4,3,0.0
45087,4,3,0.0
28512,4,3,0.0
1782,4,3,0.0
37023,4,3,0.0
12144,4,3,0.0
759,4,3,0.0
53391,4,3,0.0
28496,4,3,0.0
1781,4,3,0.0
37039,4,3,0.0
40896,4,3,0.0
2556,4,3,0.0
24639,4,3,0.0
53088,4,3,0.0
3318,4,3,0.0
12447,4,3,0.0
3064,4,3,0.0
12256,4,3,0.0
53279,4,3,0.0
20336,4,3,0.0
1271,4,3,0.0
45199,4,3,0.0
28464,4,3,0.0
1779,4,3,0.0
37071,4,3,0.0
3825,4,3,0.0
65025,4,3,0.0
48705,4,3,0.0
56865,4,3,0.0
62985,4,3,0.0
29325,4,3,0.0
29835,4,3,0.0
48450,4,3,0.0
33150,4,3,0.0
17085,4,3,0.0
21165,4,3,0.0
20145,4,3,0.0
18105,4,3,0.0
23715,4,3,0.0
10986,4,3,0.0
43944,4,3,0.0
21591,4,3,0.0
56100,4,3,0.0
9435,4,3,0.0
13515,4,3,0.0
59160,4,3,0.0
6375,4,3,0.0
7395,4,3,0.0
60200,4,3,0.0
33470,4,3,0.0
5335,4,3,0.0
11985,4,3,0.0
9945,4,3,0.0
15045,4,3,0.0
6885,4,3,0.0
32959,4,3,0.0
19692,4,3,0.0
52680,4,3,0.0
12855,4,3,0.0
60744,4,3,0.0
34014,4,3,0.0
4791,4,3,0.0
32991,4,3,0.0
28920,4,3,0.0
61920,4,3,0.0
3615,4,3,0.0
63840,4,3,0.0
37110,4,3,0.0
1695,4,3,0.0
33015,4,3,0.0
29304,4,3,0.0
63656,4,3,0.0
29816,4,3,0.0
63688,4,3,0.0
30504,4,3,0.0
64136,4,3,0.0
30536,4,3,0.0
64648,4,3,0.0
58446,4,3,0.0
7089,4,3,0.0
57902,4,3,0.0
7633,4,3,0.0
60128,4,3,0.0
5407,4,3,0.0
7758,4,3,0.0
57777,4,3,0.0
44558,4,3,0.0
20977,4,3,0.0
60640,4,3,0.0
4895,4,3,0.0
7726,4,3,0.0
57809,4,3,0.0
52750,4,3,0.0
12785,4,3,0.0
61088,4,3,0.0
4447,4,3,0.0
5358,4,3,0.0
60177,4,3,0.0
41198,4,3,0.0
24337,4,3,0.0
61120,4,3,0.0
4415,4,3,0.0
4846,4,3,0.0
60689,4,3,0.0
49390,4,3,0.0
16145,4,3,0.0
55437,4,3,0.0
47243,4,3,0.0
36231,4,3,0.0
1879,4,3,0.0
35719,4,3,0.0
1847,4,3,0.0
35031,4,3,0.0
1399,4,3,0.0
34999,4,3,0.0
887,4,3,0.0
20076,4,3,0.0
60584,4,3,0.0
23660,4,3,0.0
24360,4,3,0.0
24416,4,3,0.0
64672,4,3,0.0
55410,4,3,0.0
10125,4,3,0.0
60104,4,3,0.0
5431,4,3,0.0
13938,4,3,0.0
51597,4,3,0.0
47666,4,3,0.0
17869,4,3,0.0
13882,4,3,0.0
51653,4,3,0.0
62002,4,3,0.0
3533,4,3,0.0
51770,4,3,0.0
13765,4,3,0.0
5370,4,3,0.0
60165,4,3,0.0
35066,4,3,0.0
30469,4,3,0.0
64192,4,3,0.0
1343,4,3,0.0
1786,4,3,0.0
63749,4,3,0.0
49402,4,3,0.0
16133,4,3,0.0
58545,4,3,0.0
45459,4,3,0.0
4951,4,3,0.0
41875,4,3,0.0
44195,4,3,0.0
41175,4,3,0.0
41119,4,3,0.0
863,4,3,0.0
18156,4,3,0.0
22220,4,3,0.0
21240,4,3,0.0
22256,4,3,0.0
55170,4,3,0.0
10365,4,3,0.0
14178,4,3,0.0
51357,4,3,0.0
45986,4,3,0.0
19549,4,3,0.0
13162,4,3,0.0
52373,4,3,0.0
62242,4,3,0.0
3293,4,3,0.0
8010,4,3,0.0
57525,4,3,0.0
36746,4,3,0.0
28789,4,3,0.0
3946,4,3,0.0
61589,4,3,0.0
53002,4,3,0.0
12533,4,3,0.0
50090,4,3,0.0
15445,4,3,0.0
60225,4,3,0.0
47379,4,3,0.0
43315,4,3,0.0
44295,4,3,0.0
43279,4,3,0.0
43715,4,3,0.0
11882,4,3,0.0
14954,4,3,0.0
16200,4,3,0.0
16224,4,3,0.0
22132,4,3,0.0
43403,4,3,0.0
56404,4,3,0.0
9131,4,3,0.0
22108,4,3,0.0
43427,4,3,0.0
62548,4,3,0.0
2987,4,3,0.0
47220,4,3,0.0
18315,4,3,0.0
44124,4,3,0.0
21411,4,3,0.0
4860,4,3,0.0
60675,4,3,0.0
35068,4,3,0.0
30467,4,3,0.0
1788,4,3,0.0
63747,4,3,0.0
41212,4,3,0.0
24323,4,3,0.0
53653,4,3,0.0
50581,4,3,0.0
58065,4,3,0.0
51909,4,3,0.0
49335,4,3,0.0
49311,4,3,0.0
9962,4,3,0.0
13994,4,3,0.0
13560,4,3,0.0
14064,4,3,0.0
22372,4,3,0.0
43163,4,3,0.0
54724,4,3,0.0
10811,4,3,0.0
21868,4,3,0.0
43667,4,3,0.0
62788,4,3,0.0
2747,4,3,0.0
46980,4,3,0.0
18555,4,3,0.0
7980,4,3,0.0
57555,4,3,0.0
36748,4,3,0.0
28787,4,3,0.0
3948,4,3,0.0
61587,4,3,0.0
44812,4,3,0.0
20723,4,3,0.0
42444,4,3,0.0
23091,4,3,0.0
55573,4,3,0.0
51541,4,3,0.0
60705,4,3,0.0
51975,4,3,0.0
51471,4,3,0.0
52389,4,3,0.0
6890,4,3,0.0
7850,4,3,0.0
7404,4,3,0.0
7884,4,3,0.0
22360,4,3,0.0
43175,4,3,0.0
54736,4,3,0.0
10799,4,3,0.0
21880,4,3,0.0
43655,4,3,0.0
56656,4,3,0.0
8879,4,3,0.0
14136,4,3,0.0
51399,4,3,0.0
46000,4,3,0.0
19535,4,3,0.0
13176,4,3,0.0
52359,4,3,0.0
47920,4,3,0.0
17615,4,3,0.0
40848,4,3,0.0
24687,4,3,0.0
39408,4,3,0.0
26127,4,3,0.0
58645,4,3,0.0
57685,4,3,0.0
58131,4,3,0.0
57651,4,3,0.0
63753,4,3,0.0
61593,4,3,0.0
36312,5,3,0.0
27362,5,3,0.0
38173,5,3,0.0
18262,5,3,0.0
42542,5,3,0.0
25927,5,3,0.0
22993,5,3,0.0
55452,5,3,0.0
27726,5,3,0.0
51672,5,3,0.0
37809,5,3,0.0
56460,5,3,0.0
50382,5,3,0.0
40344,5,3,0.0
15153,5,3,0.0
35289,5,3,0.0
36297,5,3,0.0
39369,5,3,0.0
40089,5,3,0.0
29767,5,3,0.0
28322,5,3,0.0
37213,5,3,0.0
17782,5,3,0.0
41582,5,3,0.0
25687,5,3,0.0
23953,5,3,0.0
55692,5,3,0.0
25806,5,3,0.0
52632,5,3,0.0
39729,5,3,0.0
55500,5,3,0.0
52302,5,3,0.0
39384,5,3,0.0
13233,5,3,0.0
36249,5,3,0.0
36057,5,3,0.0
35768,5,3,0.0
47258,5,3,0.0
27182,5,3,0.0
43448,5,3,0.0
38353,5,3,0.0
47754,5,3,0.0
41646,5,3,0.0
39832,5,3,0.0
23889,5,3,0.0
35257,5,3,0.0
35753,5,3,0.0
39337,5,3,0.0
39577,5,3,0.0
47498,5,3,0.0
25262,5,3,0.0
43928,5,3,0.0
40273,5,3,0.0
47274,5,3,0.0
43566,5,3,0.0
39352,5,3,0.0
21969,5,3,0.0
35737,5,3,0.0
35513,5,3,0.0
37782,5,3,0.0
38454,5,3,0.0
27081,5,3,0.0
27000,5,3,0.0
50145,5,3,0.0
38046,5,3,0.0
54918,5,3,0.0
58022,5,3,0.0
7513,5,3,0.0
10617,5,3,0.0
62982,5,3,0.0
25198,5,3,0.0
40337,5,3,0.0
58918,5,3,0.0
2553,5,3,0.0
6617,5,3,0.0
46614,5,3,0.0
39825,5,3,0.0
18921,5,3,0.0
26988,5,3,0.0
50121,5,3,0.0
25322,5,3,0.0
21622,5,3,0.0
40213,5,3,0.0
59042,5,3,0.0
30052,5,3,0.0
6493,5,3,0.0
18038,5,3,0.0
30021,5,3,0.0
44582,5,3,0.0
26437,5,3,0.0
20953,5,3,0.0
29797,5,3,0.0
42465,5,3,0.0
37534,5,3,0.0
46726,5,3,0.0
18809,5,3,0.0
54806,5,3,0.0
10729,5,3,0.0
38294,5,3,0.0
38486,5,3,0.0
27049,5,3,0.0
26986,5,3,0.0
42409,5,3,0.0
44706,5,3,0.0
26468,5,3,0.0
26910,5,3,0.0
5862,5,3,0.0
37278,5,3,0.0
59673,5,3,0.0
30870,5,3,0.0
30342,5,3,0.0
38808,5,3,0.0
35193,5,3,0.0
34665,5,3,0.0
57750,5,3,0.0
27105,5,3,0.0
58902,5,3,0.0
40593,5,3,0.0
6633,5,3,0.0
7785,5,3,0.0
26934,5,3,0.0
27798,5,3,0.0
37737,5,3,0.0
51606,5,3,0.0
59942,5,3,0.0
30277,5,3,0.0
5593,5,3,0.0
13929,5,3,0.0
26966,5,3,0.0
27286,5,3,0.0
38249,5,3,0.0
43414,5,3,0.0
22121,5,3,0.0
38547,5,3,0.0
22087,5,3,0.0
38549,5,3,0.0
39222,5,3,0.0
37734,5,3,0.0
27801,5,3,0.0
26520,5,3,0.0
52785,5,3,0.0
39246,5,3,0.0
55398,5,3,0.0
10137,5,3,0.0
61542,5,3,0.0
26158,5,3,0.0
39377,5,3,0.0
57958,5,3,0.0
3993,5,3,0.0
7577,5,3,0.0
45414,5,3,0.0
39345,5,3,0.0
20121,5,3,0.0
18278,5,3,0.0
29781,5,3,0.0
26268,5,3,0.0
52281,5,3,0.0
28202,5,3,0.0
22342,5,3,0.0
37333,5,3,0.0
60002,5,3,0.0
30292,5,3,0.0
5533,5,3,0.0
41702,5,3,0.0
25717,5,3,0.0
23833,5,3,0.0
44625,5,3,0.0
39214,5,3,0.0
47206,5,3,0.0
18329,5,3,0.0
53606,5,3,0.0
11929,5,3,0.0
39254,5,3,0.0
38246,5,3,0.0
27289,5,3,0.0
26266,5,3,0.0
43609,5,3,0.0
24990,5,3,0.0
7782,5,3,0.0
39198,5,3,0.0
57753,5,3,0.0
31110,5,3,0.0
30822,5,3,0.0
39288,5,3,0.0
34713,5,3,0.0
34425,5,3,0.0
59670,5,3,0.0
28305,5,3,0.0
57702,5,3,0.0
39393,5,3,0.0
7833,5,3,0.0
5865,5,3,0.0
25494,5,3,0.0
27078,5,3,0.0
38457,5,3,0.0
26006,5,3,0.0
27046,5,3,0.0
38489,5,3,0.0
43746,5,3,0.0
26228,5,3,0.0
39267,5,3,0.0
21607,5,3,0.0
39269,5,3,0.0
25703,5,3,0.0
26183,5,3,0.0
47164,5,3,0.0
15406,5,3,0.0
50129,5,3,0.0
10862,5,3,0.0
18007,5,3,0.0
54673,5,3,0.0
60066,5,3,0.0
30308,5,3,0.0
13932,5,3,0.0
5469,5,3,0.0
58978,5,3,0.0
30036,5,3,0.0
14748,5,3,0.0
6557,5,3,0.0
9838,5,3,0.0
17751,5,3,0.0
51603,5,3,0.0
55697,5,3,0.0
45964,5,3,0.0
13006,5,3,0.0
52529,5,3,0.0
9902,5,3,0.0
17767,5,3,0.0
55633,5,3,0.0
55386,5,3,0.0
23118,5,3,0.0
42417,5,3,0.0
29262,5,3,0.0
7128,5,3,0.0
36273,5,3,0.0
7065,5,3,0.0
54666,5,3,0.0
21678,5,3,0.0
43857,5,3,0.0
29742,5,3,0.0
7608,5,3,0.0
35793,5,3,0.0
6585,5,3,0.0
22122,5,3,0.0
22938,5,3,0.0
43413,5,3,0.0
41706,5,3,0.0
25718,5,3,0.0
27702,5,3,0.0
23829,5,3,0.0
28198,5,3,0.0
22341,5,3,0.0
37833,5,3,0.0
37337,5,3,0.0
38601,5,3,0.0
44586,5,3,0.0
26438,5,3,0.0
25542,5,3,0.0
20949,5,3,0.0
25318,5,3,0.0
21621,5,3,0.0
39993,5,3,0.0
40217,5,3,0.0
40041,5,3,0.0
27222,5,3,0.0
38313,5,3,0.0
38569,5,3,0.0
26022,5,3,0.0
39513,5,3,0.0
39529,5,3,0.0
27338,5,3,0.0
38197,5,3,0.0
21334,5,3,0.0
39482,5,3,0.0
22867,5,3,0.0
26053,5,3,0.0
58548,5,3,0.0
30834,5,3,0.0
57828,5,3,0.0
34701,5,3,0.0
62640,5,3,0.0
53490,5,3,0.0
46500,5,3,0.0
12045,5,3,0.0
45540,5,3,0.0
41445,5,3,0.0
45537,5,3,0.0
46245,5,3,0.0
23635,5,3,0.0
31370,5,3,0.0
34165,5,3,0.0
20830,5,3,0.0
35450,5,3,0.0
22615,5,3,0.0
30085,5,3,0.0
58800,5,3,0.0
22770,5,3,0.0
61860,5,3,0.0
42765,5,3,0.0
58608,5,3,0.0
61554,5,3,0.0
42468,5,3,0.0
3981,5,3,0.0
45477,5,3,0.0
45285,5,3,0.0
34710,5,3,0.0
38430,5,3,0.0
19178,5,3,0.0
21598,5,3,0.0
46357,5,3,0.0
55946,5,3,0.0
23896,5,3,0.0
9589,5,3,0.0
21086,5,3,0.0
55834,5,3,0.0
9701,5,3,0.0
47642,5,3,0.0
23377,5,3,0.0
17893,5,3,0.0
38070,5,3,0.0
54930,5,3,0.0
51866,5,3,0.0
13669,5,3,0.0
10605,5,3,0.0
56850,5,3,0.0
19066,5,3,0.0
46469,5,3,0.0
8685,5,3,0.0
40470,5,3,0.0
42885,5,3,0.0
25065,5,3,0.0
23641,5,3,0.0
23384,5,3,0.0
27194,5,3,0.0
38341,5,3,0.0
34486,5,3,0.0
40594,5,3,0.0
42916,5,3,0.0
24941,5,3,0.0
42661,5,3,0.0
59930,5,3,0.0
24145,5,3,0.0
5605,5,3,0.0
5850,5,3,0.0
34230,5,3,0.0
59685,5,3,0.0
24210,5,3,0.0
38820,5,3,0.0
41325,5,3,0.0
55830,5,3,0.0
46725,5,3,0.0
9705,5,3,0.0
38535,5,3,0.0
22099,5,3,0.0
41900,5,3,0.0
44198,5,3,0.0
43436,5,3,0.0
35514,5,3,0.0
41389,5,3,0.0
41897,5,3,0.0
44450,5,3,0.0
19130,5,3,0.0
43940,5,3,0.0
46405,5,3,0.0
44202,5,3,0.0
43578,5,3,0.0
42412,5,3,0.0
21957,5,3,0.0
41893,5,3,0.0
41645,5,3,0.0
42270,5,3,0.0
34650,5,3,0.0
30885,5,3,0.0
21338,5,3,0.0
23098,5,3,0.0
42437,5,3,0.0
51802,5,3,0.0
23637,5,3,0.0
13733,5,3,0.0
23460,5,3,0.0
61965,5,3,0.0
42354,5,3,0.0
58458,5,3,0.0
7077,5,3,0.0
52314,5,3,0.0
13221,5,3,0.0
36186,5,3,0.0
42381,5,3,0.0
29349,5,3,0.0
23220,5,3,0.0
61485,5,3,0.0
31274,5,3,0.0
22354,5,3,0.0
34261,5,3,0.0
59978,5,3,0.0
24148,5,3,0.0
5557,5,3,0.0
35546,5,3,0.0
22621,5,3,0.0
29989,5,3,0.0
18870,5,3,0.0
13914,5,3,0.0
42294,5,3,0.0
51621,5,3,0.0
28050,5,3,0.0
27738,5,3,0.0
42348,5,3,0.0
37797,5,3,0.0
37485,5,3,0.0
31365,5,3,0.0
51546,5,3,0.0
42441,5,3,0.0
13989,5,3,0.0
19350,5,3,0.0
27090,5,3,0.0
38445,5,3,0.0
42326,5,3,0.0
38234,5,3,0.0
27301,5,3,0.0
22934,5,3,0.0
27034,5,3,0.0
23206,5,3,0.0
38501,5,3,0.0
47685,5,3,0.0
42298,5,3,0.0
44122,5,3,0.0
21413,5,3,0.0
50522,5,3,0.0
15013,5,3,0.0
43621,5,3,0.0
43722,5,3,0.0
23132,5,3,0.0
42315,5,3,0.0
21595,5,3,0.0
42329,5,3,0.0
22619,5,3,0.0
23123,5,3,0.0
44092,5,3,0.0
15418,5,3,0.0
50117,5,3,0.0
10874,5,3,0.0
21079,5,3,0.0
54661,5,3,0.0
60042,5,3,0.0
24152,5,3,0.0
7800,5,3,0.0
5493,5,3,0.0
55882,5,3,0.0
23892,5,3,0.0
11700,5,3,0.0
9653,5,3,0.0
6778,5,3,0.0
20823,5,3,0.0
57735,5,3,0.0
58757,5,3,0.0
36784,5,3,0.0
3826,5,3,0.0
61709,5,3,0.0
6842,5,3,0.0
20827,5,3,0.0
58693,5,3,0.0
58470,5,3,0.0
26226,5,3,0.0
39309,5,3,0.0
20082,5,3,0.0
10212,5,3,0.0
45453,5,3,0.0
10149,5,3,0.0
35562,5,3,0.0
22622,5,3,0.0
30750,5,3,0.0
29973,5,3,0.0
31258,5,3,0.0
22353,5,3,0.0
34785,5,3,0.0
34277,5,3,0.0
38625,5,3,0.0
47658,5,3,0.0
23378,5,3,0.0
19410,5,3,0.0
17877,5,3,0.0
19162,5,3,0.0
21597,5,3,0.0
46125,5,3,0.0
46373,5,3,0.0
46185,5,3,0.0
54690,5,3,0.0
21690,5,3,0.0
43845,5,3,0.0
23610,5,3,0.0
13740,5,3,0.0
41925,5,3,0.0
9645,5,3,0.0
42597,5,3,0.0
42601,5,3,0.0
27818,5,3,0.0
37717,5,3,0.0
21814,5,3,0.0
37802,5,3,0.0
21907,5,3,0.0
27733,5,3,0.0
21955,5,3,0.0
60228,5,3,0.0
30594,5,3,0.0
60948,5,3,0.0
34941,5,3,0.0
64320,5,3,0.0
57090,5,3,0.0
47700,5,3,0.0
8445,5,3,0.0
48660,5,3,0.0
44565,5,3,0.0
48657,5,3,0.0
30890,5,3,0.0
34645,5,3,0.0
21790,5,3,0.0
34730,5,3,0.0
21895,5,3,0.0
30805,5,3,0.0
60240,5,3,0.0
24450,5,3,0.0
64020,5,3,0.0
41085,5,3,0.0
61248,5,3,0.0
63234,5,3,0.0
44628,5,3,0.0
2301,5,3,0.0
47637,5,3,0.0
48645,5,3,0.0
35190,5,3,0.0
37230,5,3,0.0
20138,5,3,0.0
21838,5,3,0.0
45397,5,3,0.0
55466,5,3,0.0
21976,5,3,0.0
10069,5,3,0.0
21806,5,3,0.0
53674,5,3,0.0
11861,5,3,0.0
45482,5,3,0.0
21937,5,3,0.0
20053,5,3,0.0
51626,5,3,0.0
21961,5,3,0.0
13909,5,3,0.0
18346,5,3,0.0
47189,5,3,0.0
39750,5,3,0.0
55650,5,3,0.0
9885,5,3,0.0
53730,5,3,0.0
11805,5,3,0.0
37350,5,3,0.0
43125,5,3,0.0
28185,5,3,0.0
21944,5,3,0.0
57770,5,3,0.0
21985,5,3,0.0
7765,5,3,0.0
7530,5,3,0.0
35670,5,3,0.0
58005,5,3,0.0
23010,5,3,0.0
39540,5,3,0.0
42525,5,3,0.0
53670,5,3,0.0
47205,5,3,0.0
11865,5,3,0.0
25514,5,3,0.0
40021,5,3,0.0
35686,5,3,0.0
39394,5,3,0.0
43636,5,3,0.0
26141,5,3,0.0
39015,5,3,0.0
21859,5,3,0.0
41310,5,3,0.0
34170,5,3,0.0
21818,5,3,0.0
21418,5,3,0.0
44117,5,3,0.0
50602,5,3,0.0
14933,5,3,0.0
29354,5,3,0.0
21874,5,3,0.0
36181,5,3,0.0
58538,5,3,0.0
21988,5,3,0.0
6997,5,3,0.0
36266,5,3,0.0
21901,5,3,0.0
29269,5,3,0.0
42834,5,3,0.0
58698,5,3,0.0
6837,5,3,0.0
50634,5,3,0.0
14901,5,3,0.0
34266,5,3,0.0
43101,5,3,0.0
31269,5,3,0.0
13674,5,3,0.0
41814,5,3,0.0
51861,5,3,0.0
26058,5,3,0.0
42588,5,3,0.0
39477,5,3,0.0
50586,5,3,0.0
44121,5,3,0.0
14949,5,3,0.0
21932,5,3,0.0
19370,5,3,0.0
46165,5,3,0.0
41818,5,3,0.0
42442,5,3,0.0
43612,5,3,0.0
23093,5,3,0.0
42075,5,3,0.0
21835,5,3,0.0
43580,5,3,0.0
43718,5,3,0.0
43676,5,3,0.0
35754,5,3,0.0
43549,5,3,0.0
43577,5,3,0.0
43730,5,3,0.0
43700,5,3,0.0
41898,5,3,0.0
43573,5,3,0.0
43565,5,3,0.0
21899,5,3,0.0
21923,5,3,0.0
41932,5,3,0.0
13258,5,3,0.0
52277,5,3,0.0
10154,5,3,0.0
21799,5,3,0.0
55381,5,3,0.0
59562,5,3,0.0
21992,5,3,0.0
6120,5,3,0.0
5973,5,3,0.0
54442,5,3,0.0
21972,5,3,0.0
11220,5,3,0.0
11093,5,3,0.0
6058,5,3,0.0
21783,5,3,0.0
59415,5,3,0.0
59477,5,3,0.0
35824,5,3,0.0
4066,5,3,0.0
61469,5,3,0.0
7082,5,3,0.0
21787,5,3,0.0
58453,5,3,0.0
36522,5,3,0.0
21902,5,3,0.0
29070,5,3,0.0
29013,5,3,0.0
29098,5,3,0.0
21873,5,3,0.0
36465,5,3,0.0
36437,5,3,0.0
40545,5,3,0.0
45738,5,3,0.0
21938,5,3,0.0
19890,5,3,0.0
19797,5,3,0.0
19882,5,3,0.0
21837,5,3,0.0
45645,5,3,0.0
45653,5,3,0.0
46665,5,3,0.0
58950,5,3,0.0
26466,5,3,0.0
39069,5,3,0.0
18402,5,3,0.0
11892,5,3,0.0
47133,5,3,0.0
10869,5,3,0.0
55890,5,3,0.0
23370,5,3,0.0
42165,5,3,0.0
21450,5,3,0.0
14940,5,3,0.0
44085,5,3,0.0
10845,5,3,0.0
39563,5,3,0.0
43179,5,3,0.0
39083,5,3,0.0
43659,5,3,0.0
42659,5,3,0.0
42155,5,3,0.0
43683,5,3,0.0
43619,5,3,0.0
43595,5,3,0.0
10475,5,3,0.0
11915,5,3,0.0
27305,5,3,0.0
15011,5,3,0.0
55506,5,3,0.0
53986,5,3,0.0
11549,5,3,0.0
56706,5,3,0.0
56866,5,3,0.0
8669,5,3,0.0
46308,5,3,0.0
19227,5,3,0.0
47284,5,3,0.0
48708,5,3,0.0
16827,5,3,0.0
48004,5,3,0.0
36584,5,3,0.0
19924,5,3,0.0
28951,5,3,0.0
59534,5,3,0.0
6001,5,3,0.0
59594,5,3,0.0
54364,5,3,0.0
5941,5,3,0.0
44264,5,3,0.0
50644,5,3,0.0
21271,5,3,0.0
56396,5,3,0.0
52936,5,3,0.0
12599,5,3,0.0
36076,5,3,0.0
29459,5,3,0.0
36524,5,3,0.0
19909,5,3,0.0
29011,5,3,0.0
36554,5,3,0.0
28981,5,3,0.0
44174,5,3,0.0
21361,5,3,0.0
51406,5,3,0.0
14129,5,3,0.0
60556,5,3,0.0
4979,5,3,0.0
59564,5,3,0.0
5971,5,3,0.0
52316,5,3,0.0
50636,5,3,0.0
52396,5,3,0.0
51916,5,3,0.0
23749,5,3,0.0
60554,5,3,0.0
54604,5,3,0.0
4981,5,3,0.0
44744,5,3,0.0
52564,5,3,0.0
20791,5,3,0.0
54476,5,3,0.0
52456,5,3,0.0
13079,5,3,0.0
36556,5,3,0.0
28979,5,3,0.0
35564,5,3,0.0
19669,5,3,0.0
29971,5,3,0.0
36074,5,3,0.0
29461,5,3,0.0
43214,5,3,0.0
22321,5,3,0.0
52366,5,3,0.0
13169,5,3,0.0
59596,5,3,0.0
5939,5,3,0.0
60044,5,3,0.0
5491,5,3,0.0
52421,5,3,0.0
29223,5,3,0.0
10029,5,3,0.0
8829,5,3,0.0
58566,5,3,0.0
50890,5,3,0.0
14645,5,3,0.0
62850,5,3,0.0
62986,5,3,0.0
2549,5,3,0.0
40152,5,3,0.0
25383,5,3,0.0
44188,5,3,0.0
48720,5,3,0.0
16815,5,3,0.0
44944,5,3,0.0
45800,5,3,0.0
29140,5,3,0.0
19735,5,3,0.0
59618,5,3,0.0
54388,5,3,0.0
5917,5,3,0.0
47336,5,3,0.0
53716,5,3,0.0
18199,5,3,0.0
62576,5,3,0.0
62176,5,3,0.0
3359,5,3,0.0
45304,5,3,0.0
20231,5,3,0.0
45752,5,3,0.0
29137,5,3,0.0
19783,5,3,0.0
61556,5,3,0.0
53744,5,3,0.0
61624,5,3,0.0
45794,5,3,0.0
19741,5,3,0.0
47282,5,3,0.0
18253,5,3,0.0
57586,5,3,0.0
7949,5,3,0.0
59570,5,3,0.0
5965,5,3,0.0
63664,5,3,0.0
1871,5,3,0.0
59576,5,3,0.0
5959,5,3,0.0
58096,5,3,0.0
29905,5,3,0.0
63650,5,3,0.0
54640,5,3,0.0
1885,5,3,0.0
47840,5,3,0.0
61780,5,3,0.0
17695,5,3,0.0
54512,5,3,0.0
61672,5,3,0.0
3863,5,3,0.0
45808,5,3,0.0
19727,5,3,0.0
41720,5,3,0.0
28885,5,3,0.0
23815,5,3,0.0
45290,5,3,0.0
20245,5,3,0.0
43250,5,3,0.0
22285,5,3,0.0
61618,5,3,0.0
3917,5,3,0.0
59632,5,3,0.0
5903,5,3,0.0
60080,5,3,0.0
5455,5,3,0.0
61649,5,3,0.0
19995,5,3,0.0
6969,5,3,0.0
2685,5,3,0.0
60486,5,3,0.0
52330,5,3,0.0
13205,5,3,0.0
63570,5,3,0.0
61546,5,3,0.0
3989,5,3,0.0
40392,5,3,0.0
25143,5,3,0.0
43468,5,3,0.0
46560,5,3,0.0
18975,5,3,0.0
43504,5,3,0.0
48680,5,3,0.0
32020,5,3,0.0
16855,5,3,0.0
61058,5,3,0.0
55108,5,3,0.0
4477,5,3,0.0
48776,5,3,0.0
56596,5,3,0.0
16759,5,3,0.0
63296,5,3,0.0
65056,5,3,0.0
479,5,3,0.0
48904,5,3,0.0
16631,5,3,0.0
47912,5,3,0.0
32017,5,3,0.0
17623,5,3,0.0
63236,5,3,0.0
57104,5,3,0.0
64264,5,3,0.0
61216,5,3,0.0
32065,5,3,0.0
48674,5,3,0.0
16861,5,3,0.0
48002,5,3,0.0
17533,5,3,0.0
61186,5,3,0.0
4349,5,3,0.0
60290,5,3,0.0
5245,5,3,0.0
64384,5,3,0.0
1151,5,3,0.0
60296,5,3,0.0
5239,5,3,0.0
64130,5,3,0.0
55120,5,3,0.0
1405,5,3,0.0
48800,5,3,0.0
62740,5,3,0.0
16735,5,3,0.0
57152,5,3,0.0
65032,5,3,0.0
503,5,3,0.0
48928,5,3,0.0
16607,5,3,0.0
44840,5,3,0.0
32005,5,3,0.0
20695,5,3,0.0
48650,5,3,0.0
16885,5,3,0.0
44930,5,3,0.0
20605,5,3,0.0
64258,5,3,0.0
1277,5,3,0.0
61312,5,3,0.0
4223,5,3,0.0
60320,5,3,0.0
5215,5,3,0.0
64769,5,3,0.0
16875,5,3,0.0
5049,5,3,0.0
1965,5,3,0.0
38370,5,3,0.0
23906,5,3,0.0
25181,5,3,0.0
38346,5,3,0.0
30026,5,3,0.0
19061,5,3,0.0
38506,5,3,0.0
27029,5,3,0.0
47190,5,3,0.0
47686,5,3,0.0
17849,5,3,0.0
18345,5,3,0.0
56609,5,3,0.0
44118,5,3,0.0
44626,5,3,0.0
20909,5,3,0.0
21417,5,3,0.0
62729,5,3,0.0
45710,5,3,0.0
6100,5,3,0.0
19825,5,3,0.0
36530,5,3,0.0
29005,5,3,0.0
36518,5,3,0.0
54358,5,3,0.0
29017,5,3,0.0
39566,5,3,0.0
38356,5,3,0.0
25969,5,3,0.0
28001,5,3,0.0
45722,5,3,0.0
6037,5,3,0.0
19813,5,3,0.0
42674,5,3,0.0
22861,5,3,0.0
31049,5,3,0.0
40610,5,3,0.0
54550,5,3,0.0
24925,5,3,0.0
47750,5,3,0.0
38740,5,3,0.0
17785,5,3,0.0
54422,5,3,0.0
38542,5,3,0.0
26993,5,3,0.0
45718,5,3,0.0
19817,5,3,0.0
41630,5,3,0.0
5845,5,3,0.0
23905,5,3,0.0
46730,5,3,0.0
18805,5,3,0.0
44690,5,3,0.0
20845,5,3,0.0
38578,5,3,0.0
26957,5,3,0.0
36502,5,3,0.0
29033,5,3,0.0
35510,5,3,0.0
30025,5,3,0.0
19571,5,3,0.0
28751,5,3,0.0
27241,5,3,0.0
27165,5,3,0.0
40354,5,3,0.0
17531,5,3,0.0
41629,5,3,0.0
27189,5,3,0.0
46474,5,3,0.0
20591,5,3,0.0
35509,5,3,0.0
40530,5,3,0.0
22226,5,3,0.0
25901,5,3,0.0
40026,5,3,0.0
29786,5,3,0.0
18341,5,3,0.0
46470,5,3,0.0
46246,5,3,0.0
19289,5,3,0.0
19065,5,3,0.0
53969,5,3,0.0
42438,5,3,0.0
42466,5,3,0.0
23069,5,3,0.0
23097,5,3,0.0
61529,5,3,0.0
47150,5,3,0.0
7540,5,3,0.0
18385,5,3,0.0
35810,5,3,0.0
29725,5,3,0.0
35558,5,3,0.0
54598,5,3,0.0
29977,5,3,0.0
39086,5,3,0.0
40276,5,3,0.0
26449,5,3,0.0
26321,5,3,0.0
47402,5,3,0.0
6517,5,3,0.0
18133,5,3,0.0
39650,5,3,0.0
53590,5,3,0.0
25885,5,3,0.0
47270,5,3,0.0
38260,5,3,0.0
18265,5,3,0.0
55622,5,3,0.0
39022,5,3,0.0
26513,5,3,0.0
47398,5,3,0.0
18137,5,3,0.0
43310,5,3,0.0
7525,5,3,0.0
22225,5,3,0.0
47210,5,3,0.0
18325,5,3,0.0
43490,5,3,0.0
22045,5,3,0.0
39778,5,3,0.0
25757,5,3,0.0
35302,5,3,0.0
30233,5,3,0.0
35750,5,3,0.0
29785,5,3,0.0
43874,5,3,0.0
21661,5,3,0.0
29849,5,3,0.0
18371,5,3,0.0
29711,5,3,0.0
26281,5,3,0.0
25005,5,3,0.0
39634,5,3,0.0
18251,5,3,0.0
43309,5,3,0.0
25509,5,3,0.0
47194,5,3,0.0
22031,5,3,0.0
35749,5,3,0.0
46662,5,3,0.0
22214,5,3,0.0
22841,5,3,0.0
46182,5,3,0.0
23654,5,3,0.0
21401,5,3,0.0
40338,5,3,0.0
40090,5,3,0.0
25445,5,3,0.0
25197,5,3,0.0
50885,5,3,0.0
39378,5,3,0.0
39370,5,3,0.0
26165,5,3,0.0
26157,5,3,0.0
52325,5,3,0.0
44090,5,3,0.0
13660,5,3,0.0
21445,5,3,0.0
41930,5,3,0.0
23605,5,3,0.0
42698,5,3,0.0
50518,5,3,0.0
22837,5,3,0.0
44186,5,3,0.0
38236,5,3,0.0
21349,5,3,0.0
58706,5,3,0.0
42106,5,3,0.0
23429,5,3,0.0
44314,5,3,0.0
21221,5,3,0.0
43322,5,3,0.0
13657,5,3,0.0
22213,5,3,0.0
44138,5,3,0.0
21397,5,3,0.0
43466,5,3,0.0
22069,5,3,0.0
42826,5,3,0.0
22709,5,3,0.0
41434,5,3,0.0
24101,5,3,0.0
41882,5,3,0.0
23653,5,3,0.0
41690,5,3,0.0
54610,5,3,0.0
23845,5,3,0.0
42170,5,3,0.0
46420,5,3,0.0
23365,5,3,0.0
23237,5,3,0.0
44330,5,3,0.0
9565,5,3,0.0
21205,5,3,0.0
43850,5,3,0.0
21685,5,3,0.0
23717,5,3,0.0
21443,5,3,0.0
23603,5,3,0.0
18873,5,3,0.0
42694,5,3,0.0
21347,5,3,0.0
43321,5,3,0.0
19353,5,3,0.0
44134,5,3,0.0
22067,5,3,0.0
41881,5,3,0.0
23209,5,3,0.0
27876,5,3,0.0
37659,5,3,0.0
10038,5,3,0.0
50766,5,3,0.0
14769,5,3,0.0
28356,5,3,0.0
37179,5,3,0.0
9078,5,3,0.0
50286,5,3,0.0
15249,5,3,0.0
25710,5,3,0.0
25836,5,3,0.0
12918,5,3,0.0
39699,5,3,0.0
59076,5,3,0.0
29538,5,3,0.0
6459,5,3,0.0
9846,5,3,0.0
29475,5,3,0.0
52806,5,3,0.0
26403,5,3,0.0
12729,5,3,0.0
29283,5,3,0.0
52932,5,3,0.0
30243,5,3,0.0
13863,5,3,0.0
26190,5,3,0.0
10086,5,3,0.0
29235,5,3,0.0
28236,5,3,0.0
14118,5,3,0.0
37299,5,3,0.0
60516,5,3,0.0
30258,5,3,0.0
5019,5,3,0.0
50406,5,3,0.0
25203,5,3,0.0
15129,5,3,0.0
52452,5,3,0.0
12903,5,3,0.0
25191,5,3,0.0
26151,5,3,0.0
19566,5,3,0.0
9783,5,3,0.0
45969,5,3,0.0
60612,5,3,0.0
30306,5,3,0.0
4923,5,3,0.0
58980,5,3,0.0
29490,5,3,0.0
6555,5,3,0.0
18030,5,3,0.0
9015,5,3,0.0
47505,5,3,0.0
18126,5,3,0.0
9063,5,3,0.0
47409,5,3,0.0
50412,5,3,0.0
25206,5,3,0.0
15123,5,3,0.0
28230,5,3,0.0
14115,5,3,0.0
37305,5,3,0.0
52812,5,3,0.0
26406,5,3,0.0
12723,5,3,0.0
25830,5,3,0.0
12915,5,3,0.0
39705,5,3,0.0
13374,5,3,0.0
15672,5,3,0.0
48156,5,3,0.0
17379,5,3,0.0
11500,5,3,0.0
12862,5,3,0.0
54035,5,3,0.0
48268,5,3,0.0
15160,5,3,0.0
17267,5,3,0.0
56348,5,3,0.0
15665,5,3,0.0
9187,5,3,0.0
27820,5,3,0.0
37715,5,3,0.0
13622,5,3,0.0
40028,5,3,0.0
25507,5,3,0.0
37590,5,3,0.0
46740,5,3,0.0
54210,5,3,0.0
18795,5,3,0.0
11388,5,3,0.0
54147,5,3,0.0
51075,5,3,0.0
53955,5,3,0.0
14905,5,3,0.0
27740,5,3,0.0
37795,5,3,0.0
34518,5,3,0.0
40596,5,3,0.0
51138,5,3,0.0
24939,5,3,0.0
50883,5,3,0.0
12606,5,3,0.0
31884,5,3,0.0
33651,5,3,0.0
60444,5,3,0.0
15921,5,3,0.0
5091,5,3,0.0
5820,5,3,0.0
33750,5,3,0.0
59715,5,3,0.0
16020,5,3,0.0
38850,5,3,0.0
49515,5,3,0.0
48150,5,3,0.0
54915,5,3,0.0
17385,5,3,0.0
13877,5,3,0.0
58066,5,3,0.0
30836,5,3,0.0
57826,5,3,0.0
34699,5,3,0.0
62160,5,3,0.0
45300,5,3,0.0
20235,5,3,0.0
49635,5,3,0.0
53729,5,3,0.0
35964,5,3,0.0
14391,5,3,0.0
29571,5,3,0.0
58320,5,3,0.0
14580,5,3,0.0
61890,5,3,0.0
50955,5,3,0.0
50146,5,3,0.0
3979,5,3,0.0
53699,5,3,0.0
53475,5,3,0.0
51910,5,3,0.0
51658,5,3,0.0
36060,5,3,0.0
49611,5,3,0.0
50633,5,3,0.0
52164,5,3,0.0
11484,5,3,0.0
52674,5,3,0.0
54051,5,3,0.0
50122,5,3,0.0
13219,5,3,0.0
50627,5,3,0.0
50379,5,3,0.0
49950,5,3,0.0
49974,5,3,0.0
34620,5,3,0.0
30915,5,3,0.0
13628,5,3,0.0
15452,5,3,0.0
50083,5,3,0.0
14899,5,3,0.0
10710,5,3,0.0
22076,5,3,0.0
50006,5,3,0.0
43459,5,3,0.0
27540,5,3,0.0
15810,5,3,0.0
27196,5,3,0.0
50026,5,3,0.0
38339,5,3,0.0
37995,5,3,0.0
31875,5,3,0.0
43324,5,3,0.0
50089,5,3,0.0
22211,5,3,0.0
11670,5,3,0.0
27060,5,3,0.0
15570,5,3,0.0
38475,5,3,0.0
37692,5,3,0.0
27843,5,3,0.0
14742,5,3,0.0
27036,5,3,0.0
15558,5,3,0.0
38499,5,3,0.0
62475,5,3,0.0
50036,5,3,0.0
57916,5,3,0.0
7619,5,3,0.0
35644,5,3,0.0
50059,5,3,0.0
29891,5,3,0.0
61515,5,3,0.0
31820,5,3,0.0
14132,5,3,0.0
33715,5,3,0.0
60460,5,3,0.0
15922,5,3,0.0
5075,5,3,0.0
36028,5,3,0.0
14395,5,3,0.0
29507,5,3,0.0
56355,5,3,0.0
50012,5,3,0.0
51772,5,3,0.0
13763,5,3,0.0
41788,5,3,0.0
23747,5,3,0.0
52323,5,3,0.0
49965,5,3,0.0
12861,5,3,0.0
49977,5,3,0.0
14397,5,3,0.0
15413,5,3,0.0
42403,5,3,0.0
19580,5,3,0.0
13367,5,3,0.0
45955,5,3,0.0
39307,5,3,0.0
14398,5,3,0.0
48172,5,3,0.0
15154,5,3,0.0
17363,5,3,0.0
31772,5,3,0.0
33763,5,3,0.0
15928,5,3,0.0
7292,5,3,0.0
58243,5,3,0.0
36816,5,3,0.0
3828,5,3,0.0
61707,5,3,0.0
53643,5,3,0.0
15668,5,3,0.0
9139,5,3,0.0
11452,5,3,0.0
12859,5,3,0.0
53835,5,3,0.0
54083,5,3,0.0
7388,5,3,0.0
12605,5,3,0.0
58147,5,3,0.0
53865,5,3,0.0
46020,5,3,0.0
13020,5,3,0.0
52515,5,3,0.0
50595,5,3,0.0
17355,5,3,0.0
50787,5,3,0.0
50793,5,3,0.0
13134,5,3,0.0
13272,5,3,0.0
45516,5,3,0.0
20019,5,3,0.0
11980,5,3,0.0
13102,5,3,0.0
53555,5,3,0.0
47308,5,3,0.0
13240,5,3,0.0
18227,5,3,0.0
53708,5,3,0.0
13265,5,3,0.0
11827,5,3,0.0
27340,5,3,0.0
38195,5,3,0.0
13142,5,3,0.0
38348,5,3,0.0
27187,5,3,0.0
13225,5,3,0.0
10188,5,3,0.0
55347,5,3,0.0
40230,5,3,0.0
47460,5,3,0.0
56370,5,3,0.0
18075,5,3,0.0
51315,5,3,0.0
13086,5,3,0.0
30924,5,3,0.0
34611,5,3,0.0
57804,5,3,0.0
13281,5,3,0.0
7731,5,3,0.0
7020,5,3,0.0
36150,5,3,0.0
58515,5,3,0.0
14820,5,3,0.0
40050,5,3,0.0
50715,5,3,0.0
45510,5,3,0.0
55395,5,3,0.0
20025,5,3,0.0
26060,5,3,0.0
39475,5,3,0.0
36198,5,3,0.0
39396,5,3,0.0
52338,5,3,0.0
26139,5,3,0.0
13157,5,3,0.0
60706,5,3,0.0
30596,5,3,0.0
60946,5,3,0.0
34939,5,3,0.0
64800,5,3,0.0
48900,5,3,0.0
16635,5,3,0.0
52755,5,3,0.0
56849,5,3,0.0
34764,5,3,0.0
13191,5,3,0.0
30771,5,3,0.0
60720,5,3,0.0
16260,5,3,0.0
64530,5,3,0.0
49275,5,3,0.0
52786,5,3,0.0
2299,5,3,0.0
56339,5,3,0.0
56835,5,3,0.0
49470,5,3,0.0
33660,5,3,0.0
13148,5,3,0.0
13772,5,3,0.0
51763,5,3,0.0
21356,5,3,0.0
50486,5,3,0.0
44179,5,3,0.0
25516,5,3,0.0
50746,5,3,0.0
40019,5,3,0.0
41884,5,3,0.0
51769,5,3,0.0
23651,5,3,0.0
29900,5,3,0.0
13172,5,3,0.0
35635,5,3,0.0
58060,5,3,0.0
13282,5,3,0.0
7475,5,3,0.0
35788,5,3,0.0
13195,5,3,0.0
29747,5,3,0.0
50996,5,3,0.0
58156,5,3,0.0
7379,5,3,0.0
33724,5,3,0.0
51259,5,3,0.0
31811,5,3,0.0
11724,5,3,0.0
53811,5,3,0.0
50492,5,3,0.0
50092,5,3,0.0
52282,5,3,0.0
15443,5,3,0.0
49725,5,3,0.0
13101,5,3,0.0
52390,5,3,0.0
52378,5,3,0.0
36300,5,3,0.0
52251,5,3,0.0
52313,5,3,0.0
52404,5,3,0.0
52434,5,3,0.0
52307,5,3,0.0
52299,5,3,0.0
13197,5,3,0.0
13253,5,3,0.0
43603,5,3,0.0
18380,5,3,0.0
13127,5,3,0.0
47155,5,3,0.0
13198,5,3,0.0
45772,5,3,0.0
13234,5,3,0.0
19763,5,3,0.0
29132,5,3,0.0
36403,5,3,0.0
39067,5,3,0.0
13288,5,3,0.0
6092,5,3,0.0
59443,5,3,0.0
13268,5,3,0.0
11059,5,3,0.0
11212,5,3,0.0
13099,5,3,0.0
54315,5,3,0.0
54323,5,3,0.0
36336,5,3,0.0
4068,5,3,0.0
61467,5,3,0.0
55323,5,3,0.0
7628,5,3,0.0
13085,5,3,0.0
57907,5,3,0.0
54825,5,3,0.0
48180,5,3,0.0
15660,5,3,0.0
49875,5,3,0.0
51795,5,3,0.0
19515,5,3,0.0
40077,5,3,0.0
51405,5,3,0.0
39117,5,3,0.0
52365,5,3,0.0
49869,5,3,0.0
52269,5,3,0.0
27849,5,3,0.0
20109,5,3,0.0
18669,5,3,0.0
11186,5,3,0.0
45626,5,3,0.0
51854,5,3,0.0
41906,5,3,0.0
13681,5,3,0.0
43182,5,3,0.0
11171,5,3,0.0
51944,5,3,0.0
13591,5,3,0.0
44712,5,3,0.0
45866,5,3,0.0
51374,5,3,0.0
43826,5,3,0.0
14161,5,3,0.0
43662,5,3,0.0
10931,5,3,0.0
52904,5,3,0.0
12631,5,3,0.0
43752,5,3,0.0
37860,5,3,0.0
15204,5,3,0.0
25659,5,3,0.0
38508,5,3,0.0
27027,5,3,0.0
37804,5,3,0.0
29484,5,3,0.0
11379,5,3,0.0
64257,5,3,0.0
55350,5,3,0.0
56358,5,3,0.0
9177,5,3,0.0
10185,5,3,0.0
47937,5,3,0.0
62988,5,3,0.0
2547,5,3,0.0
51766,5,3,0.0
52788,5,3,0.0
12747,5,3,0.0
13769,5,3,0.0
62217,5,3,0.0
36550,5,3,0.0
45622,5,3,0.0
28985,5,3,0.0
40078,5,3,0.0
37810,5,3,0.0
25457,5,3,0.0
54414,5,3,0.0
6066,5,3,0.0
11121,5,3,0.0
27489,5,3,0.0
54428,5,3,0.0
6035,5,3,0.0
11107,5,3,0.0
36564,5,3,0.0
28971,5,3,0.0
31521,5,3,0.0
50900,5,3,0.0
14635,5,3,0.0
31017,5,3,0.0
40644,5,3,0.0
45846,5,3,0.0
24891,5,3,0.0
56454,5,3,0.0
38706,5,3,0.0
9081,5,3,0.0
11113,5,3,0.0
50334,5,3,0.0
5811,5,3,0.0
15201,5,3,0.0
54924,5,3,0.0
10611,5,3,0.0
52884,5,3,0.0
12651,5,3,0.0
38612,5,3,0.0
26923,5,3,0.0
36054,5,3,0.0
29481,5,3,0.0
27753,5,3,0.0
28719,5,3,0.0
27675,5,3,0.0
39876,5,3,0.0
50331,5,3,0.0
27731,5,3,0.0
54156,5,3,0.0
53136,5,3,0.0
12399,5,3,0.0
36051,5,3,0.0
40500,5,3,0.0
14004,5,3,0.0
25419,5,3,0.0
39484,5,3,0.0
29244,5,3,0.0
10179,5,3,0.0
61617,5,3,0.0
54150,5,3,0.0
53958,5,3,0.0
11577,5,3,0.0
11385,5,3,0.0
46257,5,3,0.0
61548,5,3,0.0
3987,5,3,0.0
50086,5,3,0.0
50148,5,3,0.0
15387,5,3,0.0
15449,5,3,0.0
61497,5,3,0.0
36070,5,3,0.0
45862,5,3,0.0
29465,5,3,0.0
39118,5,3,0.0
39730,5,3,0.0
26417,5,3,0.0
55374,5,3,0.0
7026,5,3,0.0
10161,5,3,0.0
26289,5,3,0.0
55628,5,3,0.0
6515,5,3,0.0
9907,5,3,0.0
29361,5,3,0.0
36324,5,3,0.0
29211,5,3,0.0
40164,5,3,0.0
45366,5,3,0.0
25371,5,3,0.0
55494,5,3,0.0
37746,5,3,0.0
10041,5,3,0.0
9913,5,3,0.0
51534,5,3,0.0
7011,5,3,0.0
14001,5,3,0.0
55404,5,3,0.0
10131,5,3,0.0
51684,5,3,0.0
13851,5,3,0.0
40292,5,3,0.0
25243,5,3,0.0
36294,5,3,0.0
29241,5,3,0.0
52580,5,3,0.0
12955,5,3,0.0
29337,5,3,0.0
26313,5,3,0.0
29199,5,3,0.0
25035,5,3,0.0
40116,5,3,0.0
51531,5,3,0.0
26051,5,3,0.0
55356,5,3,0.0
51696,5,3,0.0
13839,5,3,0.0
36291,5,3,0.0
42668,5,3,0.0
62340,5,3,0.0
39608,5,3,0.0
56880,5,3,0.0
8655,5,3,0.0
45552,5,3,0.0
61656,5,3,0.0
59620,5,3,0.0
45682,5,3,0.0
5915,5,3,0.0
55528,5,3,0.0
45490,5,3,0.0
10007,5,3,0.0
62064,5,3,0.0
62688,5,3,0.0
2847,5,3,0.0
54504,5,3,0.0
29106,5,3,0.0
11031,5,3,0.0
53496,5,3,0.0
12039,5,3,0.0
54488,5,3,0.0
29105,5,3,0.0
11047,5,3,0.0
54500,5,3,0.0
11035,5,3,0.0
55508,5,3,0.0
10027,5,3,0.0
57588,5,3,0.0
7947,5,3,0.0
59604,5,3,0.0
5931,5,3,0.0
63696,5,3,0.0
1839,5,3,0.0
59608,5,3,0.0
5927,5,3,0.0
63684,5,3,0.0
45936,5,3,0.0
1851,5,3,0.0
56544,5,3,0.0
61746,5,3,0.0
8991,5,3,0.0
11023,5,3,0.0
50424,5,3,0.0
28851,5,3,0.0
15111,5,3,0.0
53484,5,3,0.0
12051,5,3,0.0
51444,5,3,0.0
14091,5,3,0.0
61652,5,3,0.0
3883,5,3,0.0
60624,5,3,0.0
4911,5,3,0.0
3195,5,3,0.0
43628,5,3,0.0
63540,5,3,0.0
39848,5,3,0.0
54240,5,3,0.0
11295,5,3,0.0
48912,5,3,0.0
64776,5,3,0.0
61060,5,3,0.0
46882,5,3,0.0
4475,5,3,0.0
56968,5,3,0.0
47890,5,3,0.0
8567,5,3,0.0
63264,5,3,0.0
65088,5,3,0.0
447,5,3,0.0
56904,5,3,0.0
31506,5,3,0.0
8631,5,3,0.0
57096,5,3,0.0
8439,5,3,0.0
56648,5,3,0.0
31505,5,3,0.0
8887,5,3,0.0
56900,5,3,0.0
8635,5,3,0.0
56708,5,3,0.0
8827,5,3,0.0
61188,5,3,0.0
4347,5,3,0.0
60804,5,3,0.0
4731,5,3,0.0
64896,5,3,0.0
639,5,3,0.0
60808,5,3,0.0
4727,5,3,0.0
64644,5,3,0.0
46896,5,3,0.0
891,5,3,0.0
57024,5,3,0.0
62226,5,3,0.0
8511,5,3,0.0
8383,5,3,0.0
53064,5,3,0.0
31491,5,3,0.0
12471,5,3,0.0
56844,5,3,0.0
8691,5,3,0.0
53124,5,3,0.0
12411,5,3,0.0
64772,5,3,0.0
763,5,3,0.0
60864,5,3,0.0
4671,5,3,0.0
1995,5,3,0.0
54822,5,3,0.0
13990,5,3,0.0
14681,5,3,0.0
53862,5,3,0.0
14950,5,3,0.0
13721,5,3,0.0
39828,5,3,0.0
39580,5,3,0.0
25955,5,3,0.0
25707,5,3,0.0
39348,5,3,0.0
39340,5,3,0.0
26195,5,3,0.0
26187,5,3,0.0
50860,5,3,0.0
41782,5,3,0.0
14675,5,3,0.0
51868,5,3,0.0
37690,5,3,0.0
13667,5,3,0.0
58164,5,3,0.0
49788,5,3,0.0
15747,5,3,0.0
51804,5,3,0.0
21306,5,3,0.0
13731,5,3,0.0
51996,5,3,0.0
13539,5,3,0.0
51548,5,3,0.0
21305,5,3,0.0
13987,5,3,0.0
51820,5,3,0.0
13715,5,3,0.0
51628,5,3,0.0
13907,5,3,0.0
50988,5,3,0.0
14547,5,3,0.0
50604,5,3,0.0
14931,5,3,0.0
49596,5,3,0.0
15939,5,3,0.0
50588,5,3,0.0
14947,5,3,0.0
50364,5,3,0.0
45876,5,3,0.0
15171,5,3,0.0
49884,5,3,0.0
54066,5,3,0.0
15651,5,3,0.0
15523,5,3,0.0
52044,5,3,0.0
17211,5,3,0.0
13491,5,3,0.0
52524,5,3,0.0
13011,5,3,0.0
15043,5,3,0.0
10713,5,3,0.0
50854,5,3,0.0
51545,5,3,0.0
11673,5,3,0.0
51814,5,3,0.0
50585,5,3,0.0
15561,5,3,0.0
22650,5,3,0.0
6750,5,3,0.0
30936,5,3,0.0
34599,5,3,0.0
53874,5,3,0.0
11661,5,3,0.0
22776,5,3,0.0
3678,5,3,0.0
42759,5,3,0.0
56016,5,3,0.0
20298,5,3,0.0
9519,5,3,0.0
62034,5,3,0.0
23307,5,3,0.0
3501,5,3,0.0
6942,5,3,0.0
20043,5,3,0.0
2910,5,3,0.0
31440,5,3,0.0
34095,5,3,0.0
24075,5,3,0.0
7707,5,3,0.0
53370,5,3,0.0
12165,5,3,0.0
23154,5,3,0.0
7002,5,3,0.0
19983,5,3,0.0
31344,5,3,0.0
7962,5,3,0.0
34191,5,3,0.0
63576,5,3,0.0
24078,5,3,0.0
1959,5,3,0.0
53466,5,3,0.0
19023,5,3,0.0
12069,5,3,0.0
3675,5,3,0.0
19035,5,3,0.0
23067,5,3,0.0
28794,5,3,0.0
6687,5,3,0.0
36741,5,3,0.0
19038,5,3,0.0
55896,5,3,0.0
20238,5,3,0.0
9639,5,3,0.0
31314,5,3,0.0
34221,5,3,0.0
24138,5,3,0.0
21114,5,3,0.0
44421,5,3,0.0
23322,5,3,0.0
3471,5,3,0.0
22746,5,3,0.0
3663,5,3,0.0
42789,5,3,0.0
21234,5,3,0.0
2907,5,3,0.0
44301,5,3,0.0
7230,5,3,0.0
14460,5,3,0.0
14584,5,3,0.0
3646,5,3,0.0
50951,5,3,0.0
48304,5,3,0.0
12076,5,3,0.0
17231,5,3,0.0
62516,5,3,0.0
15629,5,3,0.0
3019,5,3,0.0
30904,5,3,0.0
34631,5,3,0.0
46196,5,3,0.0
19339,5,3,0.0
7454,5,3,0.0
11821,5,3,0.0
3390,5,3,0.0
31920,5,3,0.0
33615,5,3,0.0
15885,5,3,0.0
7709,5,3,0.0
45180,5,3,0.0
20355,5,3,0.0
15476,5,3,0.0
7484,5,3,0.0
11791,5,3,0.0
31856,5,3,0.0
7964,5,3,0.0
33679,5,3,0.0
63544,5,3,0.0
15886,5,3,0.0
1991,5,3,0.0
45244,5,3,0.0
11311,5,3,0.0
20291,5,3,0.0
3645,5,3,0.0
11325,5,3,0.0
15389,5,3,0.0
28796,5,3,0.0
7199,5,3,0.0
36739,5,3,0.0
11326,5,3,0.0
48184,5,3,0.0
12046,5,3,0.0
17351,5,3,0.0
31796,5,3,0.0
33739,5,3,0.0
15916,5,3,0.0
13436,5,3,0.0
52099,5,3,0.0
15644,5,3,0.0
2959,5,3,0.0
14524,5,3,0.0
3631,5,3,0.0
51011,5,3,0.0
13556,5,3,0.0
3389,5,3,0.0
51979,5,3,0.0
3954,5,3,0.0
3894,5,3,0.0
27888,5,3,0.0
37647,5,3,0.0
4041,5,3,0.0
3926,5,3,0.0
27376,5,3,0.0
38159,5,3,0.0
4009,5,3,0.0
38384,5,3,0.0
27151,5,3,0.0
7152,5,3,0.0
58383,5,3,0.0
10104,5,3,0.0
45342,5,3,0.0
55431,5,3,0.0
11736,5,3,0.0
46158,5,3,0.0
53799,5,3,0.0
36306,5,3,0.0
58443,5,3,0.0
29229,5,3,0.0
15088,5,3,0.0
3898,5,3,0.0
50447,5,3,0.0
44272,5,3,0.0
4012,5,3,0.0
21263,5,3,0.0
50672,5,3,0.0
4037,5,3,0.0
14863,5,3,0.0
46362,5,3,0.0
44376,5,3,0.0
62478,5,3,0.0
21159,5,3,0.0
57423,5,3,0.0
23024,5,3,0.0
42511,5,3,0.0
45402,5,3,0.0
42456,5,3,0.0
61518,5,3,0.0
23079,5,3,0.0
3929,5,3,0.0
3956,5,3,0.0
37872,5,3,0.0
27663,5,3,0.0
7664,5,3,0.0
57871,5,3,0.0
18296,5,3,0.0
53534,5,3,0.0
47239,5,3,0.0
19384,5,3,0.0
53806,5,3,0.0
46151,5,3,0.0
35764,5,3,0.0
57901,5,3,0.0
29771,5,3,0.0
23792,5,3,0.0
3932,5,3,0.0
41743,5,3,0.0
51952,5,3,0.0
4042,5,3,0.0
13583,5,3,0.0
41968,5,3,0.0
4003,5,3,0.0
23567,5,3,0.0
54044,5,3,0.0
52024,5,3,0.0
61966,5,3,0.0
13511,5,3,0.0
57391,5,3,0.0
14832,5,3,0.0
50703,5,3,0.0
53564,5,3,0.0
50104,5,3,0.0
61486,5,3,0.0
15431,5,3,0.0
3897,5,3,0.0
63754,5,3,0.0
24464,5,3,0.0
64006,5,3,0.0
41071,5,3,0.0
16623,5,3,0.0
61959,5,3,0.0
62981,5,3,0.0
63756,5,3,0.0
16272,5,3,0.0
64518,5,3,0.0
49263,5,3,0.0
8431,5,3,0.0
62471,5,3,0.0
62979,5,3,0.0
61594,5,3,0.0
61606,5,3,0.0
61479,5,3,0.0
61541,5,3,0.0
61596,5,3,0.0
61638,5,3,0.0
61511,5,3,0.0
61539,5,3,0.0
4017,5,3,0.0
4049,5,3,0.0
4018,5,3,0.0
36592,5,3,0.0
3982,5,3,0.0
28943,5,3,0.0
19952,5,3,0.0
45583,5,3,0.0
43591,5,3,0.0
21488,5,3,0.0
3923,5,3,0.0
44047,5,3,0.0
42151,5,3,0.0
4052,5,3,0.0
11248,5,3,0.0
54287,5,3,0.0
4072,5,3,0.0
6128,5,3,0.0
59407,5,3,0.0
52263,5,3,0.0
58407,5,3,0.0
13808,5,3,0.0
3893,5,3,0.0
51727,5,3,0.0
49863,5,3,0.0
57927,5,3,0.0
57585,5,3,0.0
42225,5,3,0.0
49905,5,3,0.0
30945,5,3,0.0
24825,5,3,0.0
38520,5,3,0.0
27015,5,3,0.0
34776,5,3,0.0
12120,5,3,0.0
22575,5,3,0.0
34744,5,3,0.0
20280,5,3,0.0
14415,5,3,0.0
61185,5,3,0.0
58398,5,3,0.0
62490,5,3,0.0
3045,5,3,0.0
7137,5,3,0.0
44865,5,3,0.0
57886,5,3,0.0
61980,5,3,0.0
3555,5,3,0.0
7649,5,3,0.0
53025,5,3,0.0
45778,5,3,0.0
36382,5,3,0.0
19757,5,3,0.0
46258,5,3,0.0
34702,5,3,0.0
19277,5,3,0.0
54450,5,3,0.0
6030,5,3,0.0
11085,5,3,0.0
27465,5,3,0.0
54452,5,3,0.0
6023,5,3,0.0
11083,5,3,0.0
53972,5,3,0.0
11563,5,3,0.0
45780,5,3,0.0
19755,5,3,0.0
27945,5,3,0.0
28425,5,3,0.0
46800,5,3,0.0
36630,5,3,0.0
18735,5,3,0.0
62610,5,3,0.0
38670,5,3,0.0
2925,5,3,0.0
53430,5,3,0.0
5775,5,3,0.0
12105,5,3,0.0
54960,5,3,0.0
10575,5,3,0.0
62100,5,3,0.0
3435,5,3,0.0
45270,5,3,0.0
20265,5,3,0.0
30825,5,3,0.0
30759,5,3,0.0
42960,5,3,0.0
53415,5,3,0.0
30791,5,3,0.0
51120,5,3,0.0
45255,5,3,0.0
11150,5,3,0.0
36398,5,3,0.0
58034,5,3,0.0
35726,5,3,0.0
7501,5,3,0.0
43194,5,3,0.0
11147,5,3,0.0
58088,5,3,0.0
7447,5,3,0.0
47784,5,3,0.0
36650,5,3,0.0
57530,5,3,0.0
43790,5,3,0.0
8005,5,3,0.0
43698,5,3,0.0
10895,5,3,0.0
62120,5,3,0.0
3415,5,3,0.0
46620,5,3,0.0
7836,5,3,0.0
19299,5,3,0.0
42556,5,3,0.0
20028,5,3,0.0
7107,5,3,0.0
51090,5,3,0.0
50898,5,3,0.0
14637,5,3,0.0
14445,5,3,0.0
52344,5,3,0.0
50074,5,3,0.0
50136,5,3,0.0
15399,5,3,0.0
15461,5,3,0.0
45274,5,3,0.0
36634,5,3,0.0
20261,5,3,0.0
42226,5,3,0.0
42766,5,3,0.0
23309,5,3,0.0
58482,5,3,0.0
10062,5,3,0.0
7053,5,3,0.0
23181,5,3,0.0
58736,5,3,0.0
9551,5,3,0.0
6799,5,3,0.0
46296,5,3,0.0
36126,5,3,0.0
19239,5,3,0.0
58578,5,3,0.0
34638,5,3,0.0
6957,5,3,0.0
6829,5,3,0.0
57714,5,3,0.0
10059,5,3,0.0
7821,5,3,0.0
58488,5,3,0.0
7047,5,3,0.0
57816,5,3,0.0
7719,5,3,0.0
46424,5,3,0.0
19111,5,3,0.0
45528,5,3,0.0
20007,5,3,0.0
45522,5,3,0.0
20013,5,3,0.0
61784,5,3,0.0
3751,5,3,0.0
20133,5,3,0.0
23265,5,3,0.0
18915,5,3,0.0
46236,5,3,0.0
57699,5,3,0.0
22979,5,3,0.0
58428,5,3,0.0
45507,5,3,0.0
36430,5,3,0.0
58580,5,3,0.0
36238,5,3,0.0
6955,5,3,0.0
51420,5,3,0.0
19854,5,3,0.0
19853,5,3,0.0
58600,5,3,0.0
6935,5,3,0.0
56520,5,3,0.0
36684,5,3,0.0
57564,5,3,0.0
52494,5,3,0.0
7971,5,3,0.0
52436,5,3,0.0
19599,5,3,0.0
62664,5,3,0.0
2871,5,3,0.0
54810,5,3,0.0
7834,5,3,0.0
11621,5,3,0.0
50778,5,3,0.0
11866,5,3,0.0
7589,5,3,0.0
42900,5,3,0.0
42676,5,3,0.0
22859,5,3,0.0
22635,5,3,0.0
43640,5,3,0.0
42396,5,3,0.0
42424,5,3,0.0
23111,5,3,0.0
23139,5,3,0.0
53944,5,3,0.0
35614,5,3,0.0
11591,5,3,0.0
58036,5,3,0.0
34606,5,3,0.0
7499,5,3,0.0
57972,5,3,0.0
18222,5,3,0.0
7563,5,3,0.0
7371,5,3,0.0
57716,5,3,0.0
18221,5,3,0.0
7819,5,3,0.0
57976,5,3,0.0
7559,5,3,0.0
57784,5,3,0.0
7751,5,3,0.0
54072,5,3,0.0
11463,5,3,0.0
53688,5,3,0.0
11847,5,3,0.0
53684,5,3,0.0
11851,5,3,0.0
53436,5,3,0.0
36636,5,3,0.0
12099,5,3,0.0
49908,5,3,0.0
50958,5,3,0.0
15627,5,3,0.0
15499,5,3,0.0
58224,5,3,0.0
17199,5,3,0.0
7311,5,3,0.0
61752,5,3,0.0
3783,5,3,0.0
11971,5,3,0.0
10725,5,3,0.0
53914,5,3,0.0
57701,5,3,0.0
15585,5,3,0.0
14757,5,3,0.0
57946,5,3,0.0
53669,5,3,0.0
42920,5,3,0.0
51144,5,3,0.0
64144,5,3,0.0
40714,5,3,0.0
1391,5,3,0.0
63136,5,3,0.0
44806,5,3,0.0
2399,5,3,0.0
63072,5,3,0.0
28422,5,3,0.0
2463,5,3,0.0
2271,5,3,0.0
62816,5,3,0.0
28421,5,3,0.0
2719,5,3,0.0
63056,5,3,0.0
2479,5,3,0.0
62864,5,3,0.0
2671,5,3,0.0
64272,5,3,0.0
1263,5,3,0.0
63888,5,3,0.0
1647,5,3,0.0
63904,5,3,0.0
1631,5,3,0.0
64656,5,3,0.0
40716,5,3,0.0
879,5,3,0.0
63168,5,3,0.0
52998,5,3,0.0
2367,5,3,0.0
2239,5,3,0.0
62304,5,3,0.0
28419,5,3,0.0
3231,5,3,0.0
63024,5,3,0.0
2511,5,3,0.0
62352,5,3,0.0
3183,5,3,0.0
64784,5,3,0.0
751,5,3,0.0
63936,5,3,0.0
1599,5,3,0.0
22410,5,3,0.0
5550,5,3,0.0
55074,5,3,0.0
10461,5,3,0.0
1470,5,3,0.0
32160,5,3,0.0
33375,5,3,0.0
20715,5,3,0.0
4542,5,3,0.0
32136,5,3,0.0
33399,5,3,0.0
17643,5,3,0.0
24456,5,3,0.0
1518,5,3,0.0
41079,5,3,0.0
56736,5,3,0.0
17658,5,3,0.0
8799,5,3,0.0
62754,5,3,0.0
20667,5,3,0.0
2781,5,3,0.0
4587,5,3,0.0
22434,5,3,0.0
55050,5,3,0.0
10485,5,3,0.0
5562,5,3,0.0
30624,5,3,0.0
4602,5,3,0.0
34911,5,3,0.0
62856,5,3,0.0
20718,5,3,0.0
2679,5,3,0.0
56586,5,3,0.0
17583,5,3,0.0
8949,5,3,0.0
1515,5,3,0.0
17835,5,3,0.0
20907,5,3,0.0
17838,5,3,0.0
54696,5,3,0.0
16638,5,3,0.0
10839,5,3,0.0
30114,5,3,0.0
35421,5,3,0.0
30474,5,3,0.0
4527,5,3,0.0
35061,5,3,0.0
20922,5,3,0.0
23946,5,3,0.0
41589,5,3,0.0
21738,5,3,0.0
22314,5,3,0.0
43221,5,3,0.0
24354,5,3,0.0
1467,5,3,0.0
41181,5,3,0.0
5070,5,3,0.0
14220,5,3,0.0
990,5,3,0.0
31680,5,3,0.0
33855,5,3,0.0
12525,5,3,0.0
46916,5,3,0.0
18619,5,3,0.0
4574,5,3,0.0
31624,5,3,0.0
33911,5,3,0.0
8941,5,3,0.0
16264,5,3,0.0
1006,5,3,0.0
49271,5,3,0.0
48064,5,3,0.0
8956,5,3,0.0
17471,5,3,0.0
62276,5,3,0.0
12509,5,3,0.0
3259,5,3,0.0
4589,5,3,0.0
46860,5,3,0.0
18675,5,3,0.0
14276,5,3,0.0
5084,5,3,0.0
30656,5,3,0.0
4604,5,3,0.0
34879,5,3,0.0
62344,5,3,0.0
12526,5,3,0.0
3191,5,3,0.0
47884,5,3,0.0
8911,5,3,0.0
17651,5,3,0.0
1005,5,3,0.0
9165,5,3,0.0
12749,5,3,0.0
9166,5,3,0.0
46024,5,3,0.0
8446,5,3,0.0
19511,5,3,0.0
29636,5,3,0.0
35899,5,3,0.0
30476,5,3,0.0
4559,5,3,0.0
35059,5,3,0.0
12764,5,3,0.0
15244,5,3,0.0
50291,5,3,0.0
13036,5,3,0.0
14156,5,3,0.0
51379,5,3,0.0
16196,5,3,0.0
989,5,3,0.0
49339,5,3,0.0
2034,5,3,0.0
1014,5,3,0.0
28608,5,3,0.0
36927,5,3,0.0
3321,5,3,0.0
1526,5,3,0.0
28576,5,3,0.0
36959,5,3,0.0
2809,5,3,0.0
40784,5,3,0.0
24751,5,3,0.0
8112,5,3,0.0
16288,5,3,0.0
1018,5,3,0.0
49247,5,3,0.0
44992,5,3,0.0
2812,5,3,0.0
20543,5,3,0.0
53072,5,3,0.0
3317,5,3,0.0
12463,5,3,0.0
1529,5,3,0.0
2036,5,3,0.0
40752,5,3,0.0
24783,5,3,0.0
8144,5,3,0.0
24512,5,3,0.0
1532,5,3,0.0
41023,5,3,0.0
53152,5,3,0.0
3322,5,3,0.0
12383,5,3,0.0
44848,5,3,0.0
2803,5,3,0.0
20687,5,3,0.0
1017,5,3,0.0
3057,5,3,0.0
3569,5,3,0.0
3058,5,3,0.0
36832,5,3,0.0
2302,5,3,0.0
28703,5,3,0.0
20432,5,3,0.0
45103,5,3,0.0
24368,5,3,0.0
1523,5,3,0.0
41167,5,3,0.0
3572,5,3,0.0
12208,5,3,0.0
53327,5,3,0.0
3832,5,3,0.0
8048,5,3,0.0
57487,5,3,0.0
16208,5,3,0.0
1013,5,3,0.0
49327,5,3,0.0
32385,5,3,0.0
38760,5,3,0.0
26775,5,3,0.0
36216,5,3,0.0
9720,5,3,0.0
21135,5,3,0.0
35704,5,3,0.0
17400,5,3,0.0
13455,5,3,0.0
57678,5,3,0.0
61770,5,3,0.0
3765,5,3,0.0
7857,5,3,0.0
57646,5,3,0.0
61740,5,3,0.0
3795,5,3,0.0
7889,5,3,0.0
48418,5,3,0.0
33262,5,3,0.0
17117,5,3,0.0
47938,5,3,0.0
34942,5,3,0.0
17597,5,3,0.0
56130,5,3,0.0
6270,5,3,0.0
9405,5,3,0.0
25785,5,3,0.0
56132,5,3,0.0
6263,5,3,0.0
9403,5,3,0.0
56612,5,3,0.0
8923,5,3,0.0
48420,5,3,0.0
17115,5,3,0.0
25305,5,3,0.0
48480,5,3,0.0
33270,5,3,0.0
17055,5,3,0.0
63810,5,3,0.0
36990,5,3,0.0
1725,5,3,0.0
56070,5,3,0.0
6255,5,3,0.0
9465,5,3,0.0
56160,5,3,0.0
9375,5,3,0.0
63780,5,3,0.0
1755,5,3,0.0
48390,5,3,0.0
17145,5,3,0.0
30345,5,3,0.0
29319,5,3,0.0
44400,5,3,0.0
55815,5,3,0.0
29831,5,3,0.0
52080,5,3,0.0
48135,5,3,0.0
45420,5,3,0.0
6636,5,3,0.0
18099,5,3,0.0
41836,5,3,0.0
17388,5,3,0.0
7347,5,3,0.0
51570,5,3,0.0
52578,5,3,0.0
12957,5,3,0.0
13965,5,3,0.0
51514,5,3,0.0
52536,5,3,0.0
12999,5,3,0.0
14021,5,3,0.0
48394,5,3,0.0
33274,5,3,0.0
17141,5,3,0.0
44866,5,3,0.0
41086,5,3,0.0
20669,5,3,0.0
59202,5,3,0.0
9342,5,3,0.0
6333,5,3,0.0
22701,5,3,0.0
59216,5,3,0.0
9311,5,3,0.0
6319,5,3,0.0
48456,5,3,0.0
33246,5,3,0.0
17079,5,3,0.0
60738,5,3,0.0
33918,5,3,0.0
4797,5,3,0.0
59154,5,3,0.0
9339,5,3,0.0
6381,5,3,0.0
59208,5,3,0.0
6327,5,3,0.0
60696,5,3,0.0
4839,5,3,0.0
48408,5,3,0.0
17127,5,3,0.0
48402,5,3,0.0
17133,5,3,0.0
62744,5,3,0.0
2791,5,3,0.0
19173,5,3,0.0
24225,5,3,0.0
20115,5,3,0.0
47436,5,3,0.0
58899,5,3,0.0
23699,5,3,0.0
58188,5,3,0.0
48147,5,3,0.0
10430,5,3,0.0
33518,5,3,0.0
60194,5,3,0.0
35006,5,3,0.0
5341,5,3,0.0
43914,5,3,0.0
10427,5,3,0.0
60968,5,3,0.0
4567,5,3,0.0
33530,5,3,0.0
60170,5,3,0.0
41150,5,3,0.0
5365,5,3,0.0
43938,5,3,0.0
10415,5,3,0.0
64040,5,3,0.0
1495,5,3,0.0
53610,5,3,0.0
6634,5,3,0.0
9941,5,3,0.0
50538,5,3,0.0
9706,5,3,0.0
6869,5,3,0.0
43380,5,3,0.0
43876,5,3,0.0
21659,5,3,0.0
22155,5,3,0.0
43356,5,3,0.0
43864,5,3,0.0
21671,5,3,0.0
22179,5,3,0.0
56104,5,3,0.0
33214,5,3,0.0
9431,5,3,0.0
60196,5,3,0.0
33406,5,3,0.0
5339,5,3,0.0
59172,5,3,0.0
17022,5,3,0.0
6363,5,3,0.0
59156,5,3,0.0
17021,5,3,0.0
6379,5,3,0.0
59176,5,3,0.0
6359,5,3,0.0
60184,5,3,0.0
5351,5,3,0.0
56088,5,3,0.0
9447,5,3,0.0
56084,5,3,0.0
9451,5,3,0.0
56076,5,3,0.0
33276,5,3,0.0
9459,5,3,0.0
53028,5,3,0.0
49278,5,3,0.0
12507,5,3,0.0
14539,5,3,0.0
59184,5,3,0.0
16959,5,3,0.0
6351,5,3,0.0
62232,5,3,0.0
3303,5,3,0.0
11491,5,3,0.0
16065,5,3,0.0
11925,5,3,0.0
55594,5,3,0.0
58901,5,3,0.0
14997,5,3,0.0
58666,5,3,0.0
55829,5,3,0.0
34030,5,3,0.0
60740,5,3,0.0
35038,5,3,0.0
4795,5,3,0.0
52620,5,3,0.0
18654,5,3,0.0
18653,5,3,0.0
61000,5,3,0.0
4535,5,3,0.0
34044,5,3,0.0
60684,5,3,0.0
49374,5,3,0.0
4851,5,3,0.0
52676,5,3,0.0
18639,5,3,0.0
64584,5,3,0.0
951,5,3,0.0
37114,5,3,0.0
63824,5,3,0.0
41206,5,3,0.0
1711,5,3,0.0
61872,5,3,0.0
24822,5,3,0.0
24821,5,3,0.0
64096,5,3,0.0
1439,5,3,0.0
37116,5,3,0.0
63792,5,3,0.0
49398,5,3,0.0
1743,5,3,0.0
61904,5,3,0.0
24819,5,3,0.0
64608,5,3,0.0
927,5,3,0.0
43256,5,3,0.0
51448,5,3,0.0
39160,5,3,0.0
30952,5,3,0.0
34583,5,3,0.0
35576,5,3,0.0
36088,5,3,0.0
44936,5,3,0.0
53128,5,3,0.0
40840,5,3,0.0
32392,5,3,0.0
33143,5,3,0.0
36776,5,3,0.0
36808,5,3,0.0
56008,5,3,0.0
56488,5,3,0.0
48296,5,3,0.0
47816,5,3,0.0
57578,5,3,0.0
7957,5,3,0.0
3758,5,3,0.0
61777,5,3,0.0
41457,5,3,0.0
11918,5,3,0.0
53617,5,3,0.0
42158,5,3,0.0
49649,5,3,0.0
20110,5,3,0.0
45425,5,3,0.0
57580,5,3,0.0
7955,5,3,0.0
3790,5,3,0.0
61745,5,3,0.0
49870,5,3,0.0
3694,5,3,0.0
61841,5,3,0.0
59104,5,3,0.0
6431,5,3,0.0
7822,5,3,0.0
57713,5,3,0.0
28174,5,3,0.0
37361,5,3,0.0
44768,5,3,0.0
20767,5,3,0.0
52960,5,3,0.0
12575,5,3,0.0
60938,5,3,0.0
4597,5,3,0.0
2798,5,3,0.0
62737,5,3,0.0
44817,5,3,0.0
10478,5,3,0.0
55057,5,3,0.0
43598,5,3,0.0
53009,5,3,0.0
18670,5,3,0.0
46865,5,3,0.0
60940,5,3,0.0
4595,5,3,0.0
3310,5,3,0.0
62225,5,3,0.0
52270,5,3,0.0
1774,5,3,0.0
63761,5,3,0.0
61024,5,3,0.0
4511,5,3,0.0
6382,5,3,0.0
59153,5,3,0.0
24814,5,3,0.0
40721,5,3,0.0
52810,5,3,0.0
12725,5,3,0.0
43748,5,3,0.0
50410,5,3,0.0
15125,5,3,0.0
44708,5,3,0.0
44588,5,3,0.0
20947,5,3,0.0
60098,5,3,0.0
5437,5,3,0.0
60100,5,3,0.0
5435,5,3,0.0
41708,5,3,0.0
23827,5,3,0.0
60578,5,3,0.0
4957,5,3,0.0
52450,5,3,0.0
60580,5,3,0.0
4955,5,3,0.0
52930,5,3,0.0
57518,5,3,0.0
8017,5,3,0.0
59918,5,3,0.0
5617,5,3,0.0
57550,5,3,0.0
7985,5,3,0.0
60430,5,3,0.0
5105,5,3,0.0
55497,5,3,0.0
56457,5,3,0.0
47273,5,3,0.0
47753,5,3,0.0
30064,5,3,0.0
35471,5,3,0.0
22279,5,3,0.0
29552,5,3,0.0
35983,5,3,0.0
14087,5,3,0.0
30320,5,3,0.0
35215,5,3,0.0
26375,5,3,0.0
29959,5,3,0.0
29447,5,3,0.0
30544,5,3,0.0
34991,5,3,0.0
20599,5,3,0.0
30512,5,3,0.0
35023,5,3,0.0
12407,5,3,0.0
30560,5,3,0.0
34975,5,3,0.0
24695,5,3,0.0
28759,5,3,0.0
28727,5,3,0.0
9527,5,3,0.0
9047,5,3,0.0
17239,5,3,0.0
17719,5,3,0.0
43244,5,3,0.0
42220,5,3,0.0
27880,5,3,0.0
37655,5,3,0.0
45292,5,3,0.0
48032,5,3,0.0
47008,5,3,0.0
32416,5,3,0.0
33119,5,3,0.0
45992,5,3,0.0
62368,5,3,0.0
46048,5,3,0.0
62632,5,3,0.0
51434,5,3,0.0
14101,5,3,0.0
12986,5,3,0.0
52549,5,3,0.0
39098,5,3,0.0
35277,5,3,0.0
15026,5,3,0.0
50509,5,3,0.0
49613,5,3,0.0
29362,5,3,0.0
36173,5,3,0.0
49906,5,3,0.0
13042,5,3,0.0
52493,5,3,0.0
12922,5,3,0.0
52613,5,3,0.0
14002,5,3,0.0
51533,5,3,0.0
31282,5,3,0.0
34253,5,3,0.0
62152,5,3,0.0
3383,5,3,0.0
64034,5,3,0.0
1501,5,3,0.0
8954,5,3,0.0
56581,5,3,0.0
47877,5,3,0.0
10490,5,3,0.0
55045,5,3,0.0
43634,5,3,0.0
4858,5,3,0.0
60677,5,3,0.0
64072,5,3,0.0
1463,5,3,0.0
9466,5,3,0.0
56069,5,3,0.0
18682,5,3,0.0
46853,5,3,0.0
64048,5,3,0.0
1487,5,3,0.0
12538,5,3,0.0
52997,5,3,0.0
62213,5,3,0.0
24826,5,3,0.0
40709,5,3,0.0
61498,5,3,0.0
62050,5,3,0.0
3485,5,3,0.0
43736,5,3,0.0
53482,5,3,0.0
12053,5,3,0.0
47768,5,3,0.0
47672,5,3,0.0
17863,5,3,0.0
60112,5,3,0.0
5423,5,3,0.0
51386,5,3,0.0
14149,5,3,0.0
59954,5,3,0.0
5581,5,3,0.0
51442,5,3,0.0
14093,5,3,0.0
63626,5,3,0.0
1909,5,3,0.0
61642,5,3,0.0
63640,5,3,0.0
1895,5,3,0.0
62146,5,3,0.0
63538,5,3,0.0
1997,5,3,0.0
58593,5,3,0.0
62625,5,3,0.0
23884,5,3,0.0
41651,5,3,0.0
22291,5,3,0.0
20300,5,3,0.0
45235,5,3,0.0
24140,5,3,0.0
41395,5,3,0.0
23315,5,3,0.0
20243,5,3,0.0
44201,5,3,0.0
44705,5,3,0.0
24388,5,3,0.0
41147,5,3,0.0
17503,5,3,0.0
24392,5,3,0.0
41143,5,3,0.0
18527,5,3,0.0
19543,5,3,0.0
24332,5,3,0.0
41203,5,3,0.0
3167,5,3,0.0
19487,5,3,0.0
2903,5,3,0.0
44684,5,3,0.0
44620,5,3,0.0
28360,5,3,0.0
37175,5,3,0.0
48652,5,3,0.0
47792,5,3,0.0
47728,5,3,0.0
31456,5,3,0.0
34079,5,3,0.0
48688,5,3,0.0
52874,5,3,0.0
12661,5,3,0.0
15146,5,3,0.0
50389,5,3,0.0
39818,5,3,0.0
35997,5,3,0.0
15266,5,3,0.0
50269,5,3,0.0
14122,5,3,0.0
51413,5,3,0.0
15202,5,3,0.0
50333,5,3,0.0
29602,5,3,0.0
35933,5,3,0.0
16162,5,3,0.0
49373,5,3,0.0
64552,5,3,0.0
983,5,3,0.0
52253,5,3,0.0
31522,5,3,0.0
34013,5,3,0.0
53026,5,3,0.0
62114,5,3,0.0
3421,5,3,0.0
12074,5,3,0.0
53461,5,3,0.0
42914,5,3,0.0
45237,5,3,0.0
12170,5,3,0.0
53365,5,3,0.0
7978,5,3,0.0
57557,5,3,0.0
12106,5,3,0.0
53429,5,3,0.0
20362,5,3,0.0
45173,5,3,0.0
16138,5,3,0.0
49397,5,3,0.0
61493,5,3,0.0
28426,5,3,0.0
37109,5,3,0.0
62218,5,3,0.0
63010,5,3,0.0
2525,5,3,0.0
44456,5,3,0.0
56842,5,3,0.0
8693,5,3,0.0
47528,5,3,0.0
52106,5,3,0.0
13429,5,3,0.0
58274,5,3,0.0
7261,5,3,0.0
60832,5,3,0.0
4703,5,3,0.0
53122,5,3,0.0
12413,5,3,0.0
64522,5,3,0.0
63880,5,3,0.0
1655,5,3,0.0
62338,5,3,0.0
3197,5,3,0.0
64546,5,3,0.0
60993,5,3,0.0
64065,5,3,0.0
21724,5,3,0.0
43811,5,3,0.0
20851,5,3,0.0
21740,5,3,0.0
43795,5,3,0.0
20915,5,3,0.0
16883,5,3,0.0
17660,5,3,0.0
47875,5,3,0.0
21748,5,3,0.0
43787,5,3,0.0
17743,5,3,0.0
21752,5,3,0.0
43783,5,3,0.0
17807,5,3,0.0
20732,5,3,0.0
44803,5,3,0.0
16847,5,3,0.0
43721,5,3,0.0
43745,5,3,0.0
49898,5,3,0.0
27368,5,3,0.0
38167,5,3,0.0
56768,5,3,0.0
62912,5,3,0.0
55232,5,3,0.0
32448,5,3,0.0
33087,5,3,0.0
54728,5,3,0.0
54752,5,3,0.0
39132,5,3,0.0
35243,5,3,0.0
23764,5,3,0.0
41771,5,3,0.0
42228,5,3,0.0
41387,5,3,0.0
29908,5,3,0.0
35627,5,3,0.0
21628,5,3,0.0
43907,5,3,0.0
22228,5,3,0.0
43307,5,3,0.0
31828,5,3,0.0
33707,5,3,0.0
64580,5,3,0.0
955,5,3,0.0
64592,5,3,0.0
943,5,3,0.0
5372,5,3,0.0
60163,5,3,0.0
17148,5,3,0.0
48387,5,3,0.0
10492,5,3,0.0
55043,5,3,0.0
56579,5,3,0.0
18684,5,3,0.0
46851,5,3,0.0
52340,5,3,0.0
62723,5,3,0.0
24828,5,3,0.0
40707,5,3,0.0
61532,5,3,0.0
62564,5,3,0.0
2971,5,3,0.0
56408,5,3,0.0
9127,5,3,0.0
43228,5,3,0.0
22307,5,3,0.0
43252,5,3,0.0
22283,5,3,0.0
52408,5,3,0.0
60592,5,3,0.0
4943,5,3,0.0
56472,5,3,0.0
60500,5,3,0.0
5035,5,3,0.0
63628,5,3,0.0
1907,5,3,0.0
61612,5,3,0.0
62628,5,3,0.0
63572,5,3,0.0
1963,5,3,0.0
15914,5,3,0.0
49621,5,3,0.0
15637,5,3,0.0
58081,5,3,0.0
62145,5,3,0.0
51913,5,3,0.0
52929,5,3,0.0
8767,5,3,0.0
2623,5,3,0.0
16168,5,3,0.0
49367,5,3,0.0
10303,5,3,0.0
10807,5,3,0.0
10783,5,3,0.0
52778,5,3,0.0
28328,5,3,0.0
37207,5,3,0.0
56528,5,3,0.0
56432,5,3,0.0
31968,5,3,0.0
33567,5,3,0.0
56912,5,3,0.0
40332,5,3,0.0
35483,5,3,0.0
24004,5,3,0.0
41531,5,3,0.0
22348,5,3,0.0
43187,5,3,0.0
23908,5,3,0.0
41627,5,3,0.0
30148,5,3,0.0
35387,5,3,0.0
44868,5,3,0.0
43547,5,3,0.0
32068,5,3,0.0
33467,5,3,0.0
62660,5,3,0.0
2875,5,3,0.0
8012,5,3,0.0
57523,5,3,0.0
20268,5,3,0.0
45267,5,3,0.0
12172,5,3,0.0
53363,5,3,0.0
51140,5,3,0.0
53459,5,3,0.0
20364,5,3,0.0
45171,5,3,0.0
61523,5,3,0.0
28428,5,3,0.0
37107,5,3,0.0
62732,5,3,0.0
63044,5,3,0.0
2491,5,3,0.0
44428,5,3,0.0
21107,5,3,0.0
44932,5,3,0.0
20603,5,3,0.0
52168,5,3,0.0
60352,5,3,0.0
5183,5,3,0.0
55752,5,3,0.0
58820,5,3,0.0
6715,5,3,0.0
64012,5,3,0.0
62852,5,3,0.0
2683,5,3,0.0
64068,5,3,0.0
13034,5,3,0.0
52501,5,3,0.0
12757,5,3,0.0
60961,5,3,0.0
64545,5,3,0.0
9007,5,3,0.0
13048,5,3,0.0
52487,5,3,0.0
9103,5,3,0.0
8623,5,3,0.0
52393,5,3,0.0
52449,5,3,0.0
61994,5,3,0.0
31400,5,3,0.0
34135,5,3,0.0
62540,5,3,0.0
31944,5,3,0.0
33591,5,3,0.0
22384,5,3,0.0
43151,5,3,0.0
30040,5,3,0.0
35495,5,3,0.0
24016,5,3,0.0
41519,5,3,0.0
46512,5,3,0.0
41639,5,3,0.0
30160,5,3,0.0
35375,5,3,0.0
47952,5,3,0.0
43559,5,3,0.0
32080,5,3,0.0
33455,5,3,0.0
14192,5,3,0.0
51343,5,3,0.0
29496,5,3,0.0
36039,5,3,0.0
15280,5,3,0.0
50255,5,3,0.0
54224,5,3,0.0
50375,5,3,0.0
29616,5,3,0.0
35919,5,3,0.0
56624,5,3,0.0
52295,5,3,0.0
31536,5,3,0.0
33999,5,3,0.0
47536,5,3,0.0
17999,5,3,0.0
48016,5,3,0.0
17519,5,3,0.0
58336,5,3,0.0
55760,5,3,0.0
9775,5,3,0.0
58848,5,3,0.0
60976,5,3,0.0
56720,5,3,0.0
8815,5,3,0.0
61008,5,3,0.0
3818,5,3,0.0
61717,5,3,0.0
3541,5,3,0.0
3820,5,3,0.0
61715,5,3,0.0
2995,5,3,0.0
64009,5,3,0.0
64521,5,3,0.0
61609,5,3,0.0
61641,5,3,0.0
5866,5,3,0.0
5590,5,3,0.0
22376,5,3,0.0
22420,5,3,0.0
26711,5,3,0.0
43193,5,3,0.0
43181,5,3,0.0
43159,5,3,0.0
43115,5,3,0.0
38824,5,3,0.0
16766,5,3,0.0
17086,5,3,0.0
32321,5,3,0.0
54826,5,3,0.0
11819,5,3,0.0
10709,5,3,0.0
10985,5,3,0.0
7786,5,3,0.0
7510,5,3,0.0
22136,5,3,0.0
22900,5,3,0.0
25991,5,3,0.0
43913,5,3,0.0
43661,5,3,0.0
43399,5,3,0.0
42635,5,3,0.0
39544,5,3,0.0
18206,5,3,0.0
19246,5,3,0.0
29921,5,3,0.0
53866,5,3,0.0
11669,5,3,0.0
11945,5,3,0.0
8939,5,3,0.0
22124,5,3,0.0
25948,5,3,0.0
22931,5,3,0.0
43937,5,3,0.0
43697,5,3,0.0
43411,5,3,0.0
39587,5,3,0.0
42604,5,3,0.0
23629,5,3,0.0
21709,5,3,0.0
21302,5,3,0.0
25402,5,3,0.0
23753,5,3,0.0
50794,5,3,0.0
14741,5,3,0.0
2795,5,3,0.0
5868,5,3,0.0
5046,5,3,0.0
14184,5,3,0.0
14226,5,3,0.0
51417,5,3,0.0
51403,5,3,0.0
51351,5,3,0.0
51309,5,3,0.0
26679,5,3,0.0
38856,5,3,0.0
8574,5,3,0.0
9438,5,3,0.0
46668,5,3,0.0
20045,5,3,0.0
18867,5,3,0.0
19689,5,3,0.0
7788,5,3,0.0
6966,5,3,0.0
13944,5,3,0.0
14706,5,3,0.0
52617,5,3,0.0
52363,5,3,0.0
51591,5,3,0.0
50829,5,3,0.0
25479,5,3,0.0
40056,5,3,0.0
10014,5,3,0.0
11598,5,3,0.0
46188,5,3,0.0
19347,5,3,0.0
20169,5,3,0.0
17645,5,3,0.0
13930,5,3,0.0
52673,5,3,0.0
52433,5,3,0.0
51605,5,3,0.0
40133,5,3,0.0
14891,5,3,0.0
12971,5,3,0.0
13654,5,3,0.0
15017,5,3,0.0
3789,5,3,0.0
3309,5,3,0.0
1950,5,3,0.0
8040,5,3,0.0
8070,5,3,0.0
57573,5,3,0.0
57571,5,3,0.0
57495,5,3,0.0
57465,5,3,0.0
26655,5,3,0.0
38880,5,3,0.0
2430,5,3,0.0
40560,5,3,0.0
29809,5,3,0.0
29297,5,3,0.0
24975,5,3,0.0
28905,5,3,0.0
61857,5,3,0.0
57747,5,3,0.0
53937,5,3,0.0
61603,5,3,0.0
21745,5,3,0.0
29409,5,3,0.0
20729,5,3,0.0
61889,5,3,0.0
57749,5,3,0.0
46289,5,3,0.0
61637,5,3,0.0
3755,5,3,0.0
13041,5,3,0.0
12537,5,3,0.0
5880,5,3,0.0
6390,5,3,0.0
60933,5,3,0.0
60931,5,3,0.0
59655,5,3,0.0
59145,5,3,0.0
30529,5,3,0.0
30497,5,3,0.0
32265,5,3,0.0
64017,5,3,0.0
59667,5,3,0.0
56097,5,3,0.0
64003,5,3,0.0
24385,5,3,0.0
32289,5,3,0.0
24329,5,3,0.0
59669,5,3,0.0
48449,5,3,0.0
64529,5,3,0.0
64517,5,3,0.0
16161,5,3,0.0
16137,5,3,0.0
36252,6,3,0.0
35292,6,3,0.0
55689,6,3,0.0
55449,6,3,0.0
19662,6,3,0.0
55704,6,3,0.0
45873,6,3,0.0
35229,6,3,0.0
40329,6,3,0.0
39129,6,3,0.0
35738,6,3,0.0
35258,6,3,0.0
47497,6,3,0.0
47257,6,3,0.0
10926,6,3,0.0
47512,6,3,0.0
54609,6,3,0.0
35227,6,3,0.0
39817,6,3,0.0
39097,6,3,0.0
38802,6,3,0.0
5814,6,3,0.0
59721,6,3,0.0
31080,6,3,0.0
58305,6,3,0.0
28008,6,3,0.0
52161,6,3,0.0
37786,6,3,0.0
22070,6,3,0.0
38291,6,3,0.0
43465,6,3,0.0
18102,6,3,0.0
38043,6,3,0.0
47433,6,3,0.0
10620,6,3,0.0
37950,6,3,0.0
15720,6,3,0.0
27585,6,3,0.0
31785,6,3,0.0
5846,6,3,0.0
59689,6,3,0.0
58785,6,3,0.0
38804,6,3,0.0
27496,6,3,0.0
44449,6,3,0.0
38300,6,3,0.0
13910,6,3,0.0
37781,6,3,0.0
51625,6,3,0.0
9942,6,3,0.0
37533,6,3,0.0
55593,6,3,0.0
18810,6,3,0.0
37470,6,3,0.0
23400,6,3,0.0
28065,6,3,0.0
31305,6,3,0.0
24942,6,3,0.0
34422,6,3,0.0
26472,6,3,0.0
31113,6,3,0.0
28257,6,3,0.0
39063,6,3,0.0
37527,6,3,0.0
38039,6,3,0.0
17276,6,3,0.0
49726,6,3,0.0
15809,6,3,0.0
50774,6,3,0.0
40085,6,3,0.0
14761,6,3,0.0
9594,6,3,0.0
42078,6,3,0.0
23457,6,3,0.0
42550,6,3,0.0
39571,6,3,0.0
22985,6,3,0.0
6510,6,3,0.0
39030,6,3,0.0
26505,6,3,0.0
59745,6,3,0.0
39282,6,3,0.0
7014,6,3,0.0
58521,6,3,0.0
30360,6,3,0.0
60465,6,3,0.0
39226,6,3,0.0
21350,6,3,0.0
39251,6,3,0.0
44185,6,3,0.0
19302,6,3,0.0
39243,6,3,0.0
46233,6,3,0.0
10140,6,3,0.0
37710,6,3,0.0
14040,6,3,0.0
27825,6,3,0.0
29385,6,3,0.0
26328,6,3,0.0
52401,6,3,0.0
7526,6,3,0.0
58009,6,3,0.0
59985,6,3,0.0
39284,6,3,0.0
39260,6,3,0.0
13670,6,3,0.0
39221,6,3,0.0
51865,6,3,0.0
11622,6,3,0.0
39213,6,3,0.0
53913,6,3,0.0
18330,6,3,0.0
38190,6,3,0.0
22200,6,3,0.0
27345,6,3,0.0
29865,6,3,0.0
26296,6,3,0.0
43729,6,3,0.0
34662,6,3,0.0
30873,6,3,0.0
39303,6,3,0.0
26142,6,3,0.0
26232,6,3,0.0
26337,6,3,0.0
39207,6,3,0.0
39239,6,3,0.0
18236,6,3,0.0
49966,6,3,0.0
15569,6,3,0.0
50534,6,3,0.0
39365,6,3,0.0
15001,6,3,0.0
10074,6,3,0.0
42318,6,3,0.0
23217,6,3,0.0
41830,6,3,0.0
39331,6,3,0.0
23705,6,3,0.0
5790,6,3,0.0
38790,6,3,0.0
26745,6,3,0.0
59025,6,3,0.0
26727,6,3,0.0
26247,6,3,0.0
18023,6,3,0.0
35534,6,3,0.0
14670,6,3,0.0
37326,6,3,0.0
52881,6,3,0.0
55686,6,3,0.0
39622,6,3,0.0
15046,6,3,0.0
50489,6,3,0.0
34521,6,3,0.0
36014,6,3,0.0
29521,6,3,0.0
29340,6,3,0.0
30348,6,3,0.0
35187,6,3,0.0
36195,6,3,0.0
40102,6,3,0.0
25436,6,3,0.0
25433,6,3,0.0
23718,6,3,0.0
41817,6,3,0.0
25758,6,3,0.0
39777,6,3,0.0
22947,6,3,0.0
42652,6,3,0.0
22883,6,3,0.0
32292,6,3,0.0
33243,6,3,0.0
49619,6,3,0.0
54209,6,3,0.0
56193,6,3,0.0
13422,6,3,0.0
6588,6,3,0.0
52113,6,3,0.0
30252,6,3,0.0
15768,6,3,0.0
35283,6,3,0.0
28212,6,3,0.0
48153,6,3,0.0
37323,6,3,0.0
31782,6,3,0.0
33753,6,3,0.0
25662,6,3,0.0
39873,6,3,0.0
9852,6,3,0.0
55683,6,3,0.0
30001,6,3,0.0
55941,6,3,0.0
50865,6,3,0.0
12654,6,3,0.0
28209,6,3,0.0
31014,6,3,0.0
25914,6,3,0.0
39621,6,3,0.0
25913,6,3,0.0
9849,6,3,0.0
13470,6,3,0.0
39966,6,3,0.0
51681,6,3,0.0
55446,6,3,0.0
15526,6,3,0.0
50009,6,3,0.0
36201,6,3,0.0
31020,6,3,0.0
30828,6,3,0.0
34707,6,3,0.0
34515,6,3,0.0
25916,6,3,0.0
23238,6,3,0.0
42297,6,3,0.0
26958,6,3,0.0
38577,6,3,0.0
23187,6,3,0.0
43372,6,3,0.0
22163,6,3,0.0
29412,6,3,0.0
36123,6,3,0.0
52499,6,3,0.0
56369,6,3,0.0
55473,6,3,0.0
13902,6,3,0.0
7068,6,3,0.0
51633,6,3,0.0
29292,6,3,0.0
14808,6,3,0.0
36243,6,3,0.0
25572,6,3,0.0
45513,6,3,0.0
39963,6,3,0.0
29382,6,3,0.0
36153,6,3,0.0
25422,6,3,0.0
40113,6,3,0.0
10092,6,3,0.0
55443,6,3,0.0
55461,6,3,0.0
52065,6,3,0.0
13854,6,3,0.0
25569,6,3,0.0
29334,6,3,0.0
25434,6,3,0.0
40101,6,3,0.0
10089,6,3,0.0
22830,6,3,0.0
37294,6,3,0.0
44689,6,3,0.0
47494,6,3,0.0
34489,6,3,0.0
29850,6,3,0.0
30346,6,3,0.0
35189,6,3,0.0
35685,6,3,0.0
25246,6,3,0.0
40289,6,3,0.0
14789,6,3,0.0
50842,6,3,0.0
14693,6,3,0.0
41397,6,3,0.0
32322,6,3,0.0
33213,6,3,0.0
46497,6,3,0.0
48513,6,3,0.0
21102,6,3,0.0
6618,6,3,0.0
44433,6,3,0.0
30282,6,3,0.0
23448,6,3,0.0
35253,6,3,0.0
28242,6,3,0.0
55833,6,3,0.0
37293,6,3,0.0
31302,6,3,0.0
34233,6,3,0.0
25182,6,3,0.0
40353,6,3,0.0
18042,6,3,0.0
47493,6,3,0.0
48259,6,3,0.0
42705,6,3,0.0
20846,6,3,0.0
28241,6,3,0.0
31046,6,3,0.0
40099,6,3,0.0
18041,6,3,0.0
21150,6,3,0.0
39454,6,3,0.0
43489,6,3,0.0
47254,6,3,0.0
35689,6,3,0.0
31050,6,3,0.0
30826,6,3,0.0
34709,6,3,0.0
34485,6,3,0.0
26926,6,3,0.0
38609,6,3,0.0
15509,6,3,0.0
51562,6,3,0.0
13973,6,3,0.0
43797,6,3,0.0
29922,6,3,0.0
35613,6,3,0.0
47697,6,3,0.0
47313,6,3,0.0
22062,6,3,0.0
7578,6,3,0.0
43473,6,3,0.0
29802,6,3,0.0
22968,6,3,0.0
35733,6,3,0.0
26082,6,3,0.0
53673,6,3,0.0
39453,6,3,0.0
29862,6,3,0.0
35673,6,3,0.0
25902,6,3,0.0
39633,6,3,0.0
18282,6,3,0.0
47253,6,3,0.0
47299,6,3,0.0
44385,6,3,0.0
22046,6,3,0.0
26081,6,3,0.0
29846,6,3,0.0
39619,6,3,0.0
18281,6,3,0.0
18846,6,3,0.0
26838,6,3,0.0
38697,6,3,0.0
40713,6,3,0.0
25014,6,3,0.0
40521,6,3,0.0
28038,6,3,0.0
37497,6,3,0.0
37113,6,3,0.0
27414,6,3,0.0
38121,6,3,0.0
10654,6,3,0.0
26806,6,3,0.0
38729,6,3,0.0
25046,6,3,0.0
40489,6,3,0.0
27526,6,3,0.0
38009,6,3,0.0
27926,6,3,0.0
37609,6,3,0.0
28182,6,3,0.0
6558,6,3,0.0
37353,6,3,0.0
26742,6,3,0.0
31128,6,3,0.0
38793,6,3,0.0
25062,6,3,0.0
59793,6,3,0.0
40473,6,3,0.0
26502,6,3,0.0
39033,6,3,0.0
45492,6,3,0.0
41460,6,3,0.0
58533,6,3,0.0
28914,6,3,0.0
58788,6,3,0.0
36621,6,3,0.0
42213,6,3,0.0
34726,6,3,0.0
38279,6,3,0.0
38055,6,3,0.0
38324,6,3,0.0
7766,6,3,0.0
57769,6,3,0.0
6870,6,3,0.0
58665,6,3,0.0
42135,6,3,0.0
34455,6,3,0.0
53846,6,3,0.0
46229,6,3,0.0
11689,6,3,0.0
42631,6,3,0.0
41894,6,3,0.0
41390,6,3,0.0
44197,6,3,0.0
10938,6,3,0.0
44452,6,3,0.0
54597,6,3,0.0
41383,6,3,0.0
42913,6,3,0.0
42157,6,3,0.0
42286,6,3,0.0
18266,6,3,0.0
42311,6,3,0.0
47269,6,3,0.0
42339,6,3,0.0
7092,6,3,0.0
34674,6,3,0.0
7908,6,3,0.0
30861,6,3,0.0
20193,6,3,0.0
24228,6,3,0.0
63501,6,3,0.0
23268,6,3,0.0
61581,6,3,0.0
14682,6,3,0.0
50853,6,3,0.0
37722,6,3,0.0
27813,6,3,0.0
42387,6,3,0.0
13658,6,3,0.0
51877,6,3,0.0
59973,6,3,0.0
42356,6,3,0.0
7514,6,3,0.0
42269,6,3,0.0
58021,6,3,0.0
21414,6,3,0.0
38202,6,3,0.0
22188,6,3,0.0
27333,6,3,0.0
23721,6,3,0.0
42332,6,3,0.0
23212,6,3,0.0
43717,6,3,0.0
23094,6,3,0.0
23148,6,3,0.0
23241,6,3,0.0
42267,6,3,0.0
42323,6,3,0.0
21308,6,3,0.0
49978,6,3,0.0
15557,6,3,0.0
53594,6,3,0.0
42449,6,3,0.0
11941,6,3,0.0
26253,6,3,0.0
35674,6,3,0.0
42379,6,3,0.0
29861,6,3,0.0
26733,6,3,0.0
26715,6,3,0.0
21083,6,3,0.0
41714,6,3,0.0
11634,6,3,0.0
34290,6,3,0.0
62085,6,3,0.0
58770,6,3,0.0
42706,6,3,0.0
11986,6,3,0.0
53549,6,3,0.0
37605,6,3,0.0
45242,6,3,0.0
20293,6,3,0.0
20148,6,3,0.0
24240,6,3,0.0
41295,6,3,0.0
45387,6,3,0.0
46234,6,3,0.0
19316,6,3,0.0
19301,6,3,0.0
22710,6,3,0.0
42825,6,3,0.0
25995,6,3,0.0
39604,6,3,0.0
25931,6,3,0.0
32280,6,3,0.0
33255,6,3,0.0
59265,6,3,0.0
49607,6,3,0.0
51137,6,3,0.0
7290,6,3,0.0
9660,6,3,0.0
58245,6,3,0.0
24120,6,3,0.0
15780,6,3,0.0
41415,6,3,0.0
31260,6,3,0.0
48165,6,3,0.0
34275,6,3,0.0
31770,6,3,0.0
33765,6,3,0.0
22590,6,3,0.0
42945,6,3,0.0
6780,6,3,0.0
58755,6,3,0.0
23821,6,3,0.0
53901,6,3,0.0
3450,6,3,0.0
31245,6,3,0.0
27930,6,3,0.0
22829,6,3,0.0
6765,6,3,0.0
7350,6,3,0.0
46134,6,3,0.0
57801,6,3,0.0
58518,6,3,0.0
15514,6,3,0.0
50021,6,3,0.0
45417,6,3,0.0
27960,6,3,0.0
27768,6,3,0.0
37767,6,3,0.0
37575,6,3,0.0
22844,6,3,0.0
26322,6,3,0.0
26994,6,3,0.0
38541,6,3,0.0
43384,6,3,0.0
22151,6,3,0.0
20184,6,3,0.0
45351,6,3,0.0
7794,6,3,0.0
10164,6,3,0.0
57741,6,3,0.0
20088,6,3,0.0
11748,6,3,0.0
45447,6,3,0.0
19416,6,3,0.0
36321,6,3,0.0
46119,6,3,0.0
20178,6,3,0.0
45357,6,3,0.0
19314,6,3,0.0
46221,6,3,0.0
58509,6,3,0.0
7032,6,3,0.0
58503,6,3,0.0
61703,6,3,0.0
62477,6,3,0.0
58185,6,3,0.0
7734,6,3,0.0
19401,6,3,0.0
20118,6,3,0.0
7017,6,3,0.0
44434,6,3,0.0
37549,6,3,0.0
34234,6,3,0.0
47749,6,3,0.0
19126,6,3,0.0
46409,6,3,0.0
11729,6,3,0.0
53926,6,3,0.0
11609,6,3,0.0
24226,6,3,0.0
41309,6,3,0.0
9702,6,3,0.0
19062,6,3,0.0
26532,6,3,0.0
46473,6,3,0.0
58917,6,3,0.0
24162,6,3,0.0
41373,6,3,0.0
27986,6,3,0.0
46219,6,3,0.0
21101,6,3,0.0
17786,6,3,0.0
31301,6,3,0.0
46881,6,3,0.0
46689,6,3,0.0
31122,6,3,0.0
34413,6,3,0.0
34029,6,3,0.0
31254,6,3,0.0
9654,6,3,0.0
34281,6,3,0.0
26718,6,3,0.0
28068,6,3,0.0
38817,6,3,0.0
18906,6,3,0.0
59781,6,3,0.0
46629,6,3,0.0
10678,6,3,0.0
26782,6,3,0.0
38753,6,3,0.0
18902,6,3,0.0
46633,6,3,0.0
27538,6,3,0.0
37997,6,3,0.0
30998,6,3,0.0
34537,6,3,0.0
23442,6,3,0.0
42093,6,3,0.0
44182,6,3,0.0
41833,6,3,0.0
28002,6,3,0.0
27754,6,3,0.0
26938,6,3,0.0
38597,6,3,0.0
57706,6,3,0.0
7829,6,3,0.0
23754,6,3,0.0
41781,6,3,0.0
44613,6,3,0.0
44229,6,3,0.0
22074,6,3,0.0
13734,6,3,0.0
43461,6,3,0.0
23658,6,3,0.0
26028,6,3,0.0
41877,6,3,0.0
22986,6,3,0.0
50601,6,3,0.0
42549,6,3,0.0
23706,6,3,0.0
41829,6,3,0.0
22842,6,3,0.0
42693,6,3,0.0
21354,6,3,0.0
44181,6,3,0.0
44227,6,3,0.0
23702,6,3,0.0
42691,6,3,0.0
21353,6,3,0.0
44820,6,3,0.0
47892,6,3,0.0
32514,6,3,0.0
59988,6,3,0.0
33021,6,3,0.0
35446,6,3,0.0
38999,6,3,0.0
39495,6,3,0.0
7590,6,3,0.0
57945,6,3,0.0
43335,6,3,0.0
39764,6,3,0.0
5606,6,3,0.0
59929,6,3,0.0
35175,6,3,0.0
54566,6,3,0.0
47429,6,3,0.0
10969,6,3,0.0
43111,6,3,0.0
41566,6,3,0.0
42071,6,3,0.0
42579,6,3,0.0
13722,6,3,0.0
51813,6,3,0.0
43347,6,3,0.0
42836,6,3,0.0
5594,6,3,0.0
59941,6,3,0.0
41307,6,3,0.0
54554,6,3,0.0
44369,6,3,0.0
10981,6,3,0.0
43099,6,3,0.0
43574,6,3,0.0
43550,6,3,0.0
11178,6,3,0.0
43732,6,3,0.0
54357,6,3,0.0
43543,6,3,0.0
43633,6,3,0.0
43597,6,3,0.0
21803,6,3,0.0
10194,6,3,0.0
36690,6,3,0.0
63525,6,3,0.0
59730,6,3,0.0
44386,6,3,0.0
11746,6,3,0.0
53789,6,3,0.0
40485,6,3,0.0
44834,6,3,0.0
19428,6,3,0.0
23520,6,3,0.0
42015,6,3,0.0
46107,6,3,0.0
47434,6,3,0.0
18356,6,3,0.0
18101,6,3,0.0
23430,6,3,0.0
42105,6,3,0.0
39844,6,3,0.0
25691,6,3,0.0
47882,6,3,0.0
17653,6,3,0.0
29160,6,3,0.0
36375,6,3,0.0
59505,6,3,0.0
6090,6,3,0.0
11100,6,3,0.0
59445,6,3,0.0
21480,6,3,0.0
15060,6,3,0.0
44055,6,3,0.0
29100,6,3,0.0
45765,6,3,0.0
36435,6,3,0.0
29130,6,3,0.0
36405,6,3,0.0
21390,6,3,0.0
44145,6,3,0.0
6060,6,3,0.0
59475,6,3,0.0
52247,6,3,0.0
52337,6,3,0.0
55341,6,3,0.0
2010,6,3,0.0
28845,6,3,0.0
25050,6,3,0.0
21149,6,3,0.0
5805,6,3,0.0
20701,6,3,0.0
7110,6,3,0.0
45894,6,3,0.0
60441,6,3,0.0
59718,6,3,0.0
14794,6,3,0.0
50741,6,3,0.0
46617,6,3,0.0
25560,6,3,0.0
26568,6,3,0.0
38967,6,3,0.0
39975,6,3,0.0
21404,6,3,0.0
26514,6,3,0.0
39021,6,3,0.0
42904,6,3,0.0
22631,6,3,0.0
19944,6,3,0.0
45591,6,3,0.0
6114,6,3,0.0
11124,6,3,0.0
59421,6,3,0.0
18408,6,3,0.0
11988,6,3,0.0
47127,6,3,0.0
19896,6,3,0.0
36561,6,3,0.0
45639,6,3,0.0
19938,6,3,0.0
45597,6,3,0.0
18354,6,3,0.0
47181,6,3,0.0
59469,6,3,0.0
6072,6,3,0.0
59463,6,3,0.0
61463,6,3,0.0
61517,6,3,0.0
58425,6,3,0.0
5094,6,3,0.0
19641,6,3,0.0
18918,6,3,0.0
5817,6,3,0.0
45681,6,3,0.0
36429,6,3,0.0
29094,6,3,0.0
11094,6,3,0.0
36441,6,3,0.0
25998,6,3,0.0
27348,6,3,0.0
39537,6,3,0.0
19866,6,3,0.0
59541,6,3,0.0
45669,6,3,0.0
22962,6,3,0.0
42573,6,3,0.0
11158,6,3,0.0
27022,6,3,0.0
38513,6,3,0.0
19862,6,3,0.0
45673,6,3,0.0
27058,6,3,0.0
38477,6,3,0.0
29078,6,3,0.0
36457,6,3,0.0
43474,6,3,0.0
39469,6,3,0.0
19366,6,3,0.0
46169,6,3,0.0
55846,6,3,0.0
9689,6,3,0.0
23266,6,3,0.0
11862,6,3,0.0
18342,6,3,0.0
27252,6,3,0.0
47193,6,3,0.0
57957,6,3,0.0
22242,6,3,0.0
43293,6,3,0.0
26066,6,3,0.0
47179,6,3,0.0
22061,6,3,0.0
43462,6,3,0.0
42553,6,3,0.0
25498,6,3,0.0
40037,6,3,0.0
58906,6,3,0.0
6629,6,3,0.0
26314,6,3,0.0
14934,6,3,0.0
21402,6,3,0.0
27228,6,3,0.0
44133,6,3,0.0
51801,6,3,0.0
22218,6,3,0.0
43317,6,3,0.0
22982,6,3,0.0
44131,6,3,0.0
22073,6,3,0.0
35499,6,3,0.0
41643,6,3,0.0
43563,6,3,0.0
45611,6,3,0.0
36395,6,3,0.0
33515,6,3,0.0
59435,6,3,0.0
11177,6,3,0.0
27179,6,3,0.0
59498,6,3,0.0
26795,6,3,0.0
59690,6,3,0.0
57995,6,3,0.0
10937,6,3,0.0
25259,6,3,0.0
59018,6,3,0.0
27275,6,3,0.0
58010,6,3,0.0
51875,6,3,0.0
27299,6,3,0.0
51878,6,3,0.0
10925,6,3,0.0
19115,6,3,0.0
55970,6,3,0.0
53714,6,3,0.0
54482,6,3,0.0
22309,6,3,0.0
56594,6,3,0.0
56642,6,3,0.0
21109,6,3,0.0
24949,6,3,0.0
26389,6,3,0.0
45748,6,3,0.0
42218,6,3,0.0
23317,6,3,0.0
60068,6,3,0.0
5467,6,3,0.0
47908,6,3,0.0
44618,6,3,0.0
20917,6,3,0.0
44678,6,3,0.0
20857,6,3,0.0
43238,6,3,0.0
22297,6,3,0.0
19804,6,3,0.0
54349,6,3,0.0
17884,6,3,0.0
19676,6,3,0.0
54469,6,3,0.0
56389,6,3,0.0
19916,6,3,0.0
50381,6,3,0.0
52301,6,3,0.0
60072,6,3,0.0
56516,6,3,0.0
5463,6,3,0.0
60616,6,3,0.0
54612,6,3,0.0
4919,6,3,0.0
36046,6,3,0.0
17757,6,3,0.0
29489,6,3,0.0
44682,6,3,0.0
20853,6,3,0.0
52876,6,3,0.0
12659,6,3,0.0
51436,6,3,0.0
14099,6,3,0.0
43242,6,3,0.0
22293,6,3,0.0
35502,6,3,0.0
30033,6,3,0.0
50396,6,3,0.0
23877,6,3,0.0
52556,6,3,0.0
21717,6,3,0.0
11053,6,3,0.0
43226,6,3,0.0
8893,6,3,0.0
44426,6,3,0.0
40586,6,3,0.0
39146,6,3,0.0
50630,6,3,0.0
54470,6,3,0.0
62786,6,3,0.0
18013,6,3,0.0
62726,6,3,0.0
18781,6,3,0.0
60056,6,3,0.0
5479,6,3,0.0
36508,6,3,0.0
44824,6,3,0.0
47714,6,3,0.0
17821,6,3,0.0
47762,6,3,0.0
17773,6,3,0.0
29044,6,3,0.0
54385,6,3,0.0
20980,6,3,0.0
28916,6,3,0.0
54481,6,3,0.0
62545,6,3,0.0
29168,6,3,0.0
53489,6,3,0.0
61553,6,3,0.0
62672,6,3,0.0
63712,6,3,0.0
1823,6,3,0.0
45298,6,3,0.0
20237,6,3,0.0
47778,6,3,0.0
62128,6,3,0.0
3407,6,3,0.0
57592,6,3,0.0
7943,6,3,0.0
53492,6,3,0.0
61808,6,3,0.0
41658,6,3,0.0
11065,6,3,0.0
2749,6,3,0.0
47522,6,3,0.0
46754,6,3,0.0
56390,6,3,0.0
52310,6,3,0.0
62546,6,3,0.0
61526,6,3,0.0
59816,6,3,0.0
5719,6,3,0.0
35308,6,3,0.0
41464,6,3,0.0
30484,6,3,0.0
55105,6,3,0.0
24340,6,3,0.0
32516,6,3,0.0
56641,6,3,0.0
62785,6,3,0.0
32528,6,3,0.0
57089,6,3,0.0
63233,6,3,0.0
64832,6,3,0.0
65152,6,3,0.0
383,6,3,0.0
48898,6,3,0.0
16637,6,3,0.0
57092,6,3,0.0
64288,6,3,0.0
1247,6,3,0.0
63248,6,3,0.0
61192,6,3,0.0
4343,6,3,0.0
43818,6,3,0.0
9145,6,3,0.0
2989,6,3,0.0
32066,6,3,0.0
27476,6,3,0.0
15466,6,3,0.0
38204,6,3,0.0
50069,6,3,0.0
54378,6,3,0.0
11157,6,3,0.0
46186,6,3,0.0
19349,6,3,0.0
40042,6,3,0.0
25493,6,3,0.0
16066,6,3,0.0
49469,6,3,0.0
30089,6,3,0.0
23969,6,3,0.0
43496,6,3,0.0
48706,6,3,0.0
16829,6,3,0.0
15446,6,3,0.0
10966,6,3,0.0
54569,6,3,0.0
32386,6,3,0.0
33149,6,3,0.0
59478,6,3,0.0
59926,6,3,0.0
5609,6,3,0.0
6057,6,3,0.0
32129,6,3,0.0
15529,6,3,0.0
40546,6,3,0.0
24989,6,3,0.0
43294,6,3,0.0
7906,6,3,0.0
57629,6,3,0.0
57686,6,3,0.0
57942,6,3,0.0
7849,6,3,0.0
7593,6,3,0.0
6886,6,3,0.0
58649,6,3,0.0
46666,6,3,0.0
18869,6,3,0.0
43318,6,3,0.0
14026,6,3,0.0
51509,6,3,0.0
51542,6,3,0.0
51798,6,3,0.0
13993,6,3,0.0
13737,6,3,0.0
9946,6,3,0.0
55589,6,3,0.0
18106,6,3,0.0
21166,6,3,0.0
11240,6,3,0.0
42638,6,3,0.0
22897,6,3,0.0
45734,6,3,0.0
5974,6,3,0.0
19801,6,3,0.0
39602,6,3,0.0
25933,6,3,0.0
54295,6,3,0.0
36506,6,3,0.0
29029,6,3,0.0
37550,6,3,0.0
27985,6,3,0.0
37975,6,3,0.0
34490,6,3,0.0
31045,6,3,0.0
34478,6,3,0.0
21718,6,3,0.0
31057,6,3,0.0
54676,6,3,0.0
38677,6,3,0.0
35486,6,3,0.0
30049,6,3,0.0
37562,6,3,0.0
27973,6,3,0.0
54421,6,3,0.0
54805,6,3,0.0
22039,6,3,0.0
41654,6,3,0.0
23881,6,3,0.0
6038,6,3,0.0
22294,6,3,0.0
54868,6,3,0.0
38101,6,3,0.0
21655,6,3,0.0
38423,6,3,0.0
54932,6,3,0.0
40582,6,3,0.0
24953,6,3,0.0
37558,6,3,0.0
27977,6,3,0.0
46738,6,3,0.0
18797,6,3,0.0
34462,6,3,0.0
31073,6,3,0.0
5527,6,3,0.0
38102,6,3,0.0
38678,6,3,0.0
26731,6,3,0.0
27211,6,3,0.0
27235,6,3,0.0
48514,6,3,0.0
43924,6,3,0.0
21611,6,3,0.0
27331,6,3,0.0
33469,6,3,0.0
29906,6,3,0.0
26036,6,3,0.0
37724,6,3,0.0
54858,6,3,0.0
10677,6,3,0.0
38602,6,3,0.0
26933,6,3,0.0
15586,6,3,0.0
49949,6,3,0.0
30809,6,3,0.0
23249,6,3,0.0
44696,6,3,0.0
46306,6,3,0.0
19229,6,3,0.0
13766,6,3,0.0
11686,6,3,0.0
53849,6,3,0.0
30946,6,3,0.0
34589,6,3,0.0
58758,6,3,0.0
57766,6,3,0.0
7769,6,3,0.0
6777,6,3,0.0
30929,6,3,0.0
15049,6,3,0.0
38626,6,3,0.0
26909,6,3,0.0
41374,6,3,0.0
58646,6,3,0.0
58662,6,3,0.0
6889,6,3,0.0
6873,6,3,0.0
7846,6,3,0.0
57689,6,3,0.0
41878,6,3,0.0
50582,6,3,0.0
50598,6,3,0.0
14953,6,3,0.0
14937,6,3,0.0
11626,6,3,0.0
53909,6,3,0.0
19306,6,3,0.0
23086,6,3,0.0
11960,6,3,0.0
43118,6,3,0.0
22417,6,3,0.0
47654,6,3,0.0
5494,6,3,0.0
17881,6,3,0.0
39842,6,3,0.0
25693,6,3,0.0
53575,6,3,0.0
39470,6,3,0.0
26065,6,3,0.0
38215,6,3,0.0
35690,6,3,0.0
29845,6,3,0.0
35306,6,3,0.0
30229,6,3,0.0
35438,6,3,0.0
23878,6,3,0.0
30097,6,3,0.0
55636,6,3,0.0
37237,6,3,0.0
55621,6,3,0.0
35246,6,3,0.0
30289,6,3,0.0
39722,6,3,0.0
25813,6,3,0.0
53605,6,3,0.0
20839,6,3,0.0
6518,6,3,0.0
20854,6,3,0.0
54628,6,3,0.0
40261,6,3,0.0
43814,6,3,0.0
21721,6,3,0.0
22855,6,3,0.0
37223,6,3,0.0
55652,6,3,0.0
39142,6,3,0.0
26393,6,3,0.0
39718,6,3,0.0
25817,6,3,0.0
6487,6,3,0.0
47458,6,3,0.0
18077,6,3,0.0
35182,6,3,0.0
30353,6,3,0.0
40262,6,3,0.0
37238,6,3,0.0
25771,6,3,0.0
26251,6,3,0.0
47314,6,3,0.0
43444,6,3,0.0
22091,6,3,0.0
27811,6,3,0.0
35629,6,3,0.0
26275,6,3,0.0
23750,6,3,0.0
22940,6,3,0.0
34676,6,3,0.0
54882,6,3,0.0
10653,6,3,0.0
15562,6,3,0.0
49973,6,3,0.0
27749,6,3,0.0
26309,6,3,0.0
47780,6,3,0.0
40138,6,3,0.0
25397,6,3,0.0
7634,6,3,0.0
14746,6,3,0.0
50789,6,3,0.0
27850,6,3,0.0
37685,6,3,0.0
55698,6,3,0.0
51610,6,3,0.0
13925,6,3,0.0
9837,6,3,0.0
27845,6,3,0.0
12001,6,3,0.0
35254,6,3,0.0
55574,6,3,0.0
55578,6,3,0.0
9961,6,3,0.0
9957,6,3,0.0
13978,6,3,0.0
51557,6,3,0.0
35734,6,3,0.0
53654,6,3,0.0
53658,6,3,0.0
11881,6,3,0.0
11877,6,3,0.0
14698,6,3,0.0
50837,6,3,0.0
25450,6,3,0.0
26170,6,3,0.0
15020,6,3,0.0
42554,6,3,0.0
22981,6,3,0.0
38227,6,3,0.0
41834,6,3,0.0
23701,6,3,0.0
50515,6,3,0.0
43130,6,3,0.0
22405,6,3,0.0
44570,6,3,0.0
5470,6,3,0.0
20965,6,3,0.0
42890,6,3,0.0
22645,6,3,0.0
41450,6,3,0.0
24085,6,3,0.0
17758,6,3,0.0
54616,6,3,0.0
9566,6,3,0.0
41402,6,3,0.0
46417,6,3,0.0
24133,6,3,0.0
43802,6,3,0.0
21733,6,3,0.0
50521,6,3,0.0
58705,6,3,0.0
25939,6,3,0.0
41594,6,3,0.0
30034,6,3,0.0
23941,6,3,0.0
58708,6,3,0.0
34141,6,3,0.0
42794,6,3,0.0
22741,6,3,0.0
17755,6,3,0.0
34139,6,3,0.0
9559,6,3,0.0
58712,6,3,0.0
42202,6,3,0.0
23333,6,3,0.0
42778,6,3,0.0
22757,6,3,0.0
44362,6,3,0.0
21173,6,3,0.0
41338,6,3,0.0
24197,6,3,0.0
34142,6,3,0.0
46418,6,3,0.0
44230,6,3,0.0
43420,6,3,0.0
22115,6,3,0.0
30859,6,3,0.0
41785,6,3,0.0
23179,6,3,0.0
22699,6,3,0.0
23203,6,3,0.0
43880,6,3,0.0
15032,6,3,0.0
13597,6,3,0.0
50503,6,3,0.0
11948,6,3,0.0
7477,6,3,0.0
53587,6,3,0.0
10940,6,3,0.0
7285,6,3,0.0
54595,6,3,0.0
31765,6,3,0.0
59945,6,3,0.0
11180,6,3,0.0
6085,6,3,0.0
54355,6,3,0.0
29125,6,3,0.0
10988,6,3,0.0
5077,6,3,0.0
54547,6,3,0.0
58025,6,3,0.0
11192,6,3,0.0
19921,6,3,0.0
54343,6,3,0.0
51881,6,3,0.0
48198,6,3,0.0
47388,6,3,0.0
41678,6,3,0.0
22468,6,3,0.0
23857,6,3,0.0
36578,6,3,0.0
18388,6,3,0.0
28957,6,3,0.0
60038,6,3,0.0
17878,6,3,0.0
5497,6,3,0.0
34534,6,3,0.0
31001,6,3,0.0
18373,6,3,0.0
59014,6,3,0.0
6521,6,3,0.0
52898,6,3,0.0
12637,6,3,0.0
50914,6,3,0.0
14621,6,3,0.0
40386,6,3,0.0
40248,6,3,0.0
47756,6,3,0.0
5596,6,3,0.0
17779,6,3,0.0
36536,6,3,0.0
7636,6,3,0.0
28999,6,3,0.0
43166,6,3,0.0
23956,6,3,0.0
22369,6,3,0.0
40600,6,3,0.0
24935,6,3,0.0
39070,6,3,0.0
26465,6,3,0.0
39596,6,3,0.0
48266,6,3,0.0
54556,6,3,0.0
17269,6,3,0.0
40120,6,3,0.0
25415,6,3,0.0
29027,6,3,0.0
35516,6,3,0.0
7381,6,3,0.0
30019,6,3,0.0
40330,6,3,0.0
25149,6,3,0.0
25205,6,3,0.0
25287,6,3,0.0
49821,6,3,0.0
35485,6,3,0.0
15714,6,3,0.0
30050,6,3,0.0
25061,6,3,0.0
54626,6,3,0.0
25301,6,3,0.0
31396,6,3,0.0
35796,6,3,0.0
36468,6,3,0.0
54881,6,3,0.0
10669,6,3,0.0
54866,6,3,0.0
10909,6,3,0.0
21734,6,3,0.0
7398,6,3,0.0
15272,6,3,0.0
50263,6,3,0.0
7537,6,3,0.0
10682,6,3,0.0
30997,6,3,0.0
54853,6,3,0.0
10681,6,3,0.0
54854,6,3,0.0
14776,6,3,0.0
50759,6,3,0.0
58137,6,3,0.0
58947,6,3,0.0
46278,6,3,0.0
45468,6,3,0.0
44078,6,3,0.0
23668,6,3,0.0
21457,6,3,0.0
19828,6,3,0.0
59558,6,3,0.0
19798,6,3,0.0
5977,6,3,0.0
51938,6,3,0.0
52834,6,3,0.0
12701,6,3,0.0
36454,6,3,0.0
29081,6,3,0.0
19573,6,3,0.0
59494,6,3,0.0
6041,6,3,0.0
40146,6,3,0.0
37848,6,3,0.0
47276,6,3,0.0
7516,6,3,0.0
18259,6,3,0.0
35816,6,3,0.0
29719,6,3,0.0
43406,6,3,0.0
22996,6,3,0.0
22129,6,3,0.0
47306,6,3,0.0
53596,6,3,0.0
18229,6,3,0.0
39880,6,3,0.0
25655,6,3,0.0
30227,6,3,0.0
35756,6,3,0.0
7621,6,3,0.0
29779,6,3,0.0
39400,6,3,0.0
26135,6,3,0.0
39310,6,3,0.0
26225,6,3,0.0
39130,6,3,0.0
25389,6,3,0.0
26405,6,3,0.0
27687,6,3,0.0
51501,6,3,0.0
35245,6,3,0.0
14034,6,3,0.0
30290,6,3,0.0
27941,6,3,0.0
28181,6,3,0.0
36276,6,3,0.0
34788,6,3,0.0
24134,6,3,0.0
7878,6,3,0.0
6097,6,3,0.0
11162,6,3,0.0
29077,6,3,0.0
54373,6,3,0.0
11161,6,3,0.0
54374,6,3,0.0
15256,6,3,0.0
50279,6,3,0.0
57657,6,3,0.0
58467,6,3,0.0
27112,6,3,0.0
6004,6,3,0.0
46630,6,3,0.0
18905,6,3,0.0
45674,6,3,0.0
19861,6,3,0.0
5989,6,3,0.0
45670,6,3,0.0
19865,6,3,0.0
46634,6,3,0.0
18901,6,3,0.0
5749,6,3,0.0
35762,6,3,0.0
29773,6,3,0.0
40340,6,3,0.0
39380,6,3,0.0
39826,6,3,0.0
25709,6,3,0.0
30281,6,3,0.0
39346,6,3,0.0
26189,6,3,0.0
29801,6,3,0.0
9581,6,3,0.0
9821,6,3,0.0
27544,6,3,0.0
37991,6,3,0.0
27064,6,3,0.0
38471,6,3,0.0
42595,6,3,0.0
42087,6,3,0.0
42567,6,3,0.0
28312,6,3,0.0
44340,6,3,0.0
45770,6,3,0.0
21460,6,3,0.0
19765,6,3,0.0
35570,6,3,0.0
22480,6,3,0.0
29965,6,3,0.0
37594,6,3,0.0
60050,6,3,0.0
20950,6,3,0.0
5485,6,3,0.0
55954,6,3,0.0
53962,6,3,0.0
11573,6,3,0.0
46530,6,3,0.0
46380,6,3,0.0
45740,6,3,0.0
13780,6,3,0.0
19795,6,3,0.0
44720,6,3,0.0
5620,6,3,0.0
20815,6,3,0.0
46756,6,3,0.0
18779,6,3,0.0
42166,6,3,0.0
23369,6,3,0.0
43190,6,3,0.0
30100,6,3,0.0
22345,6,3,0.0
42680,6,3,0.0
48290,6,3,0.0
54580,6,3,0.0
17245,6,3,0.0
46252,6,3,0.0
19283,6,3,0.0
19787,6,3,0.0
41660,6,3,0.0
13525,6,3,0.0
23875,6,3,0.0
46498,6,3,0.0
19005,6,3,0.0
19037,6,3,0.0
19155,6,3,0.0
49845,6,3,0.0
41653,6,3,0.0
15690,6,3,0.0
23882,6,3,0.0
19157,6,3,0.0
41940,6,3,0.0
54857,6,3,0.0
10933,6,3,0.0
54602,6,3,0.0
21722,6,3,0.0
13530,6,3,0.0
13645,6,3,0.0
12200,6,3,0.0
3445,6,3,0.0
53335,6,3,0.0
10670,6,3,0.0
27925,6,3,0.0
54865,6,3,0.0
11692,6,3,0.0
53843,6,3,0.0
52005,6,3,0.0
55875,6,3,0.0
47162,6,3,0.0
29788,6,3,0.0
29020,6,3,0.0
58058,6,3,0.0
62026,6,3,0.0
3509,6,3,0.0
59546,6,3,0.0
29014,6,3,0.0
63530,6,3,0.0
2005,6,3,0.0
54362,6,3,0.0
45658,6,3,0.0
19877,6,3,0.0
28765,6,3,0.0
59482,6,3,0.0
6053,6,3,0.0
44216,6,3,0.0
13684,6,3,0.0
21319,6,3,0.0
41960,6,3,0.0
23575,6,3,0.0
44258,6,3,0.0
50548,6,3,0.0
21277,6,3,0.0
42976,6,3,0.0
22559,6,3,0.0
24071,6,3,0.0
41912,6,3,0.0
13777,6,3,0.0
23623,6,3,0.0
43442,6,3,0.0
22093,6,3,0.0
26068,6,3,0.0
44000,6,3,0.0
21535,6,3,0.0
42472,6,3,0.0
23063,6,3,0.0
42418,6,3,0.0
23117,6,3,0.0
42214,6,3,0.0
19257,6,3,0.0
23321,6,3,0.0
30747,6,3,0.0
41401,6,3,0.0
31253,6,3,0.0
12196,6,3,0.0
53339,6,3,0.0
11174,6,3,0.0
54361,6,3,0.0
11173,6,3,0.0
55371,6,3,0.0
5980,6,3,0.0
40474,6,3,0.0
36458,6,3,0.0
40490,6,3,0.0
25045,6,3,0.0
5725,6,3,0.0
36442,6,3,0.0
29093,6,3,0.0
41870,6,3,0.0
23665,6,3,0.0
42886,6,3,0.0
22649,6,3,0.0
24161,6,3,0.0
46484,6,3,0.0
42452,6,3,0.0
43910,6,3,0.0
21625,6,3,0.0
42382,6,3,0.0
23153,6,3,0.0
23657,6,3,0.0
6773,6,3,0.0
27556,6,3,0.0
37979,6,3,0.0
27052,6,3,0.0
38483,6,3,0.0
39499,6,3,0.0
39003,6,3,0.0
39507,6,3,0.0
48170,6,3,0.0
23860,6,3,0.0
17365,6,3,0.0
36770,6,3,0.0
23920,6,3,0.0
40234,6,3,0.0
59810,6,3,0.0
23830,6,3,0.0
55714,6,3,0.0
56362,6,3,0.0
9173,6,3,0.0
48210,6,3,0.0
45660,6,3,0.0
47660,6,3,0.0
15700,6,3,0.0
17875,6,3,0.0
8020,6,3,0.0
47716,6,3,0.0
17819,6,3,0.0
43846,6,3,0.0
21689,6,3,0.0
31060,6,3,0.0
47810,6,3,0.0
54100,6,3,0.0
17725,6,3,0.0
47692,6,3,0.0
17843,6,3,0.0
17627,6,3,0.0
43820,6,3,0.0
15685,6,3,0.0
21715,6,3,0.0
47698,6,3,0.0
17325,6,3,0.0
17837,6,3,0.0
19875,6,3,0.0
43813,6,3,0.0
54377,6,3,0.0
13405,6,3,0.0
11000,6,3,0.0
54535,6,3,0.0
10910,6,3,0.0
54625,6,3,0.0
10972,6,3,0.0
54563,6,3,0.0
54435,6,3,0.0
29980,6,3,0.0
45962,6,3,0.0
30028,6,3,0.0
62506,6,3,0.0
3029,6,3,0.0
60458,6,3,0.0
59786,6,3,0.0
29974,6,3,0.0
62090,6,3,0.0
46378,6,3,0.0
58762,6,3,0.0
44600,6,3,0.0
20935,6,3,0.0
43976,6,3,0.0
14164,6,3,0.0
21559,6,3,0.0
44738,6,3,0.0
51028,6,3,0.0
20797,6,3,0.0
44656,6,3,0.0
20879,6,3,0.0
20711,6,3,0.0
43832,6,3,0.0
15697,6,3,0.0
21703,6,3,0.0
43922,6,3,0.0
21613,6,3,0.0
27988,6,3,0.0
44632,6,3,0.0
20903,6,3,0.0
43858,6,3,0.0
21677,6,3,0.0
44614,6,3,0.0
17337,6,3,0.0
20921,6,3,0.0
29067,6,3,0.0
43801,6,3,0.0
10996,6,3,0.0
54539,6,3,0.0
10934,6,3,0.0
54601,6,3,0.0
54411,6,3,0.0
5500,6,3,0.0
34538,6,3,0.0
37354,6,3,0.0
37610,6,3,0.0
34282,6,3,0.0
43070,6,3,0.0
22465,6,3,0.0
43126,6,3,0.0
22409,6,3,0.0
22241,6,3,0.0
43102,6,3,0.0
22433,6,3,0.0
22217,6,3,0.0
47444,6,3,0.0
44372,6,3,0.0
27316,6,3,0.0
38219,6,3,0.0
27292,6,3,0.0
38243,6,3,0.0
38059,6,3,0.0
38283,6,3,0.0
38307,6,3,0.0
9831,6,3,0.0
34758,6,3,0.0
37842,6,3,0.0
49815,6,3,0.0
53907,6,3,0.0
50823,6,3,0.0
49650,6,3,0.0
58051,6,3,0.0
58306,6,3,0.0
36619,6,3,0.0
49891,6,3,0.0
49614,6,3,0.0
51907,6,3,0.0
52162,6,3,0.0
45859,6,3,0.0
49867,6,3,0.0
49998,6,3,0.0
10044,6,3,0.0
49959,6,3,0.0
55491,6,3,0.0
63499,6,3,0.0
61579,6,3,0.0
50034,6,3,0.0
6972,6,3,0.0
49947,6,3,0.0
58563,6,3,0.0
60451,6,3,0.0
52387,6,3,0.0
45372,6,3,0.0
50097,6,3,0.0
20163,6,3,0.0
36156,6,3,0.0
50061,6,3,0.0
29379,6,3,0.0
26685,6,3,0.0
13373,6,3,0.0
50420,6,3,0.0
58260,6,3,0.0
50868,6,3,0.0
38115,6,3,0.0
33780,6,3,0.0
62595,6,3,0.0
53468,6,3,0.0
12067,6,3,0.0
53916,6,3,0.0
11619,6,3,0.0
14550,6,3,0.0
50985,6,3,0.0
25485,6,3,0.0
16080,6,3,0.0
49455,6,3,0.0
17370,6,3,0.0
14430,6,3,0.0
23490,6,3,0.0
51105,6,3,0.0
15960,6,3,0.0
49575,6,3,0.0
15115,6,3,0.0
27420,6,3,0.0
14667,6,3,0.0
7275,6,3,0.0
2940,6,3,0.0
31755,6,3,0.0
52116,6,3,0.0
38091,6,3,0.0
33756,6,3,0.0
56451,6,3,0.0
11478,6,3,0.0
54057,6,3,0.0
19377,6,3,0.0
16068,6,3,0.0
49467,6,3,0.0
17382,6,3,0.0
11382,6,3,0.0
26562,6,3,0.0
54153,6,3,0.0
15972,6,3,0.0
49563,6,3,0.0
27444,6,3,0.0
13419,6,3,0.0
9084,6,3,0.0
31779,6,3,0.0
31766,6,3,0.0
17366,6,3,0.0
33769,6,3,0.0
26686,6,3,0.0
27586,6,3,0.0
38849,6,3,0.0
10684,6,3,0.0
59779,6,3,0.0
54851,6,3,0.0
31124,6,3,0.0
34411,6,3,0.0
28052,6,3,0.0
37483,6,3,0.0
15764,6,3,0.0
49771,6,3,0.0
58006,6,3,0.0
23196,6,3,0.0
53609,6,3,0.0
27480,6,3,0.0
27256,6,3,0.0
26292,6,3,0.0
26996,6,3,0.0
38539,6,3,0.0
51576,6,3,0.0
13959,6,3,0.0
7796,6,3,0.0
18386,6,3,0.0
57739,6,3,0.0
11896,6,3,0.0
19426,6,3,0.0
53639,6,3,0.0
11704,6,3,0.0
35809,6,3,0.0
53831,6,3,0.0
11956,6,3,0.0
53579,6,3,0.0
11636,6,3,0.0
53899,6,3,0.0
7544,6,3,0.0
57991,6,3,0.0
61963,6,3,0.0
11926,6,3,0.0
7529,6,3,0.0
51862,6,3,0.0
50537,6,3,0.0
27492,6,3,0.0
27244,6,3,0.0
26972,6,3,0.0
38563,6,3,0.0
57708,6,3,0.0
7827,6,3,0.0
13916,6,3,0.0
21446,6,3,0.0
51619,6,3,0.0
14956,6,3,0.0
25546,6,3,0.0
50579,6,3,0.0
14764,6,3,0.0
41929,6,3,0.0
50771,6,3,0.0
15004,6,3,0.0
50531,6,3,0.0
14684,6,3,0.0
50851,6,3,0.0
13676,6,3,0.0
51859,6,3,0.0
52771,6,3,0.0
14998,6,3,0.0
13673,6,3,0.0
35958,6,3,0.0
51495,6,3,0.0
40242,6,3,0.0
55587,6,3,0.0
51303,6,3,0.0
53010,6,3,0.0
60466,6,3,0.0
33019,6,3,0.0
50238,6,3,0.0
49719,6,3,0.0
50994,6,3,0.0
5052,6,3,0.0
60483,6,3,0.0
45852,6,3,0.0
52017,6,3,0.0
19683,6,3,0.0
51261,6,3,0.0
52254,6,3,0.0
52402,6,3,0.0
45619,6,3,0.0
52267,6,3,0.0
13133,6,3,0.0
59700,6,3,0.0
52068,6,3,0.0
40515,6,3,0.0
36660,6,3,0.0
63555,6,3,0.0
53060,6,3,0.0
55596,6,3,0.0
9939,6,3,0.0
15750,6,3,0.0
49785,6,3,0.0
15840,6,3,0.0
49695,6,3,0.0
56588,6,3,0.0
8947,6,3,0.0
19770,6,3,0.0
13710,6,3,0.0
23730,6,3,0.0
51825,6,3,0.0
13800,6,3,0.0
51735,6,3,0.0
25020,6,3,0.0
13467,6,3,0.0
5835,6,3,0.0
1980,6,3,0.0
28875,6,3,0.0
12475,6,3,0.0
29126,6,3,0.0
19766,6,3,0.0
36409,6,3,0.0
25486,6,3,0.0
27826,6,3,0.0
40049,6,3,0.0
11164,6,3,0.0
59539,6,3,0.0
54371,6,3,0.0
14804,6,3,0.0
50731,6,3,0.0
27092,6,3,0.0
38443,6,3,0.0
51636,6,3,0.0
40011,6,3,0.0
11718,6,3,0.0
53817,6,3,0.0
15588,6,3,0.0
20022,6,3,0.0
10182,6,3,0.0
27762,6,3,0.0
55353,6,3,0.0
14052,6,3,0.0
51483,6,3,0.0
25524,6,3,0.0
13899,6,3,0.0
59686,6,3,0.0
22956,6,3,0.0
54809,6,3,0.0
26040,6,3,0.0
26536,6,3,0.0
26516,6,3,0.0
39019,6,3,0.0
51096,6,3,0.0
14439,6,3,0.0
6116,6,3,0.0
19826,6,3,0.0
59419,6,3,0.0
10216,6,3,0.0
20146,6,3,0.0
55319,6,3,0.0
11224,6,3,0.0
36529,6,3,0.0
54311,6,3,0.0
11236,6,3,0.0
54299,6,3,0.0
10196,6,3,0.0
55339,6,3,0.0
6104,6,3,0.0
59431,6,3,0.0
61483,6,3,0.0
10726,6,3,0.0
5849,6,3,0.0
51622,6,3,0.0
50777,6,3,0.0
26012,6,3,0.0
39523,6,3,0.0
58908,6,3,0.0
6627,6,3,0.0
26284,6,3,0.0
23606,6,3,0.0
13724,6,3,0.0
27706,6,3,0.0
51811,6,3,0.0
44089,6,3,0.0
13996,6,3,0.0
51539,6,3,0.0
14758,6,3,0.0
13913,6,3,0.0
36045,6,3,0.0
19913,6,3,0.0
27725,6,3,0.0
59500,6,3,0.0
26829,6,3,0.0
59724,6,3,0.0
19673,6,3,0.0
25805,6,3,0.0
59020,6,3,0.0
27789,6,3,0.0
58524,6,3,0.0
19659,6,3,0.0
11469,6,3,0.0
48324,6,3,0.0
14147,6,3,0.0
13427,6,3,0.0
24947,6,3,0.0
26387,6,3,0.0
49900,6,3,0.0
15635,6,3,0.0
60610,6,3,0.0
4925,6,3,0.0
52780,6,3,0.0
12755,6,3,0.0
51430,6,3,0.0
14105,6,3,0.0
52870,6,3,0.0
12665,6,3,0.0
11066,6,3,0.0
9146,6,3,0.0
45731,6,3,0.0
47651,6,3,0.0
45874,6,3,0.0
9019,6,3,0.0
15139,6,3,0.0
12979,6,3,0.0
51388,6,3,0.0
52108,6,3,0.0
40588,6,3,0.0
39148,6,3,0.0
27954,6,3,0.0
53868,6,3,0.0
11667,6,3,0.0
31524,6,3,0.0
45676,6,3,0.0
19859,6,3,0.0
39532,6,3,0.0
26003,6,3,0.0
29577,6,3,0.0
51688,6,3,0.0
15297,6,3,0.0
19638,6,3,0.0
45897,6,3,0.0
40548,6,3,0.0
24987,6,3,0.0
51486,6,3,0.0
57627,6,3,0.0
57654,6,3,0.0
58422,6,3,0.0
7881,6,3,0.0
7113,6,3,0.0
56868,6,3,0.0
8667,6,3,0.0
32388,6,3,0.0
33147,6,3,0.0
59446,6,3,0.0
60438,6,3,0.0
5097,6,3,0.0
6089,6,3,0.0
31617,6,3,0.0
54828,6,3,0.0
10707,6,3,0.0
44086,6,3,0.0
21449,6,3,0.0
18108,6,3,0.0
47427,6,3,0.0
9948,6,3,0.0
13518,6,3,0.0
34510,6,3,0.0
12982,6,3,0.0
31025,6,3,0.0
45970,6,3,0.0
56468,6,3,0.0
38675,6,3,0.0
9067,6,3,0.0
50830,6,3,0.0
14705,6,3,0.0
5942,6,3,0.0
40148,6,3,0.0
25387,6,3,0.0
35998,6,3,0.0
29537,6,3,0.0
38108,6,3,0.0
27427,6,3,0.0
45715,6,3,0.0
38094,6,3,0.0
27441,6,3,0.0
46611,6,3,0.0
34524,6,3,0.0
31011,6,3,0.0
13847,6,3,0.0
37431,6,3,0.0
50390,6,3,0.0
15145,6,3,0.0
54980,6,3,0.0
10555,6,3,0.0
14102,6,3,0.0
46642,6,3,0.0
37555,6,3,0.0
12951,6,3,0.0
5687,6,3,0.0
10603,6,3,0.0
27433,6,3,0.0
5015,6,3,0.0
27693,6,3,0.0
52626,6,3,0.0
12909,6,3,0.0
56196,6,3,0.0
34011,6,3,0.0
25554,6,3,0.0
29364,6,3,0.0
46636,6,3,0.0
18899,6,3,0.0
38572,6,3,0.0
26963,6,3,0.0
30777,6,3,0.0
52888,6,3,0.0
15537,6,3,0.0
19398,6,3,0.0
46137,6,3,0.0
38628,6,3,0.0
26907,6,3,0.0
49566,6,3,0.0
58134,6,3,0.0
58182,6,3,0.0
7401,6,3,0.0
7353,6,3,0.0
53988,6,3,0.0
11547,6,3,0.0
30948,6,3,0.0
34587,6,3,0.0
58246,6,3,0.0
57798,6,3,0.0
7737,6,3,0.0
7289,6,3,0.0
30897,6,3,0.0
41926,6,3,0.0
23609,6,3,0.0
19308,6,3,0.0
46227,6,3,0.0
11628,6,3,0.0
15438,6,3,0.0
35950,6,3,0.0
15142,6,3,0.0
29585,6,3,0.0
47410,6,3,0.0
55748,6,3,0.0
37235,6,3,0.0
9787,6,3,0.0
51310,6,3,0.0
14225,6,3,0.0
4982,6,3,0.0
40388,6,3,0.0
25147,6,3,0.0
47395,6,3,0.0
35278,6,3,0.0
30257,6,3,0.0
40268,6,3,0.0
25267,6,3,0.0
40014,6,3,0.0
25521,6,3,0.0
45411,6,3,0.0
36204,6,3,0.0
29331,6,3,0.0
12647,6,3,0.0
37671,6,3,0.0
56420,6,3,0.0
12662,6,3,0.0
9115,6,3,0.0
45922,6,3,0.0
39715,6,3,0.0
52550,6,3,0.0
12985,6,3,0.0
14631,6,3,0.0
4967,6,3,0.0
9883,6,3,0.0
25273,6,3,0.0
6455,6,3,0.0
25293,6,3,0.0
51666,6,3,0.0
13869,6,3,0.0
55476,6,3,0.0
36171,6,3,0.0
62214,6,3,0.0
62244,6,3,0.0
60568,6,3,0.0
53016,6,3,0.0
29042,6,3,0.0
45745,6,3,0.0
12786,6,3,0.0
62001,6,3,0.0
45297,6,3,0.0
2863,6,3,0.0
12043,6,3,0.0
3291,6,3,0.0
61494,6,3,0.0
62004,6,3,0.0
59848,6,3,0.0
49656,6,3,0.0
30482,6,3,0.0
47905,6,3,0.0
16146,6,3,0.0
62241,6,3,0.0
48897,6,3,0.0
703,6,3,0.0
8443,6,3,0.0
3531,6,3,0.0
15014,6,3,0.0
46692,6,3,0.0
18843,6,3,0.0
27308,6,3,0.0
47508,6,3,0.0
56514,6,3,0.0
18027,6,3,0.0
35286,6,3,0.0
47382,6,3,0.0
18153,6,3,0.0
18147,6,3,0.0
22172,6,3,0.0
43363,6,3,0.0
36246,6,3,0.0
45462,6,3,0.0
20073,6,3,0.0
20067,6,3,0.0
22892,6,3,0.0
42643,6,3,0.0
25964,6,3,0.0
26204,6,3,0.0
17214,6,3,0.0
9022,6,3,0.0
45880,6,3,0.0
49628,6,3,0.0
54065,6,3,0.0
15907,6,3,0.0
52508,6,3,0.0
13027,6,3,0.0
50780,6,3,0.0
14755,6,3,0.0
50540,6,3,0.0
14995,6,3,0.0
52764,6,3,0.0
4926,6,3,0.0
12771,6,3,0.0
51324,6,3,0.0
14211,6,3,0.0
49644,6,3,0.0
58161,6,3,0.0
15891,6,3,0.0
51084,6,3,0.0
14451,6,3,0.0
50300,6,3,0.0
29492,6,3,0.0
15235,6,3,0.0
58162,6,3,0.0
33595,6,3,0.0
51020,6,3,0.0
14515,6,3,0.0
9021,6,3,0.0
33597,6,3,0.0
17207,6,3,0.0
33598,6,3,0.0
49852,6,3,0.0
15683,6,3,0.0
49532,6,3,0.0
16003,6,3,0.0
52012,6,3,0.0
13523,6,3,0.0
50972,6,3,0.0
14563,6,3,0.0
58168,6,3,0.0
54068,6,3,0.0
15501,6,3,0.0
14541,6,3,0.0
50350,6,3,0.0
14242,6,3,0.0
15185,6,3,0.0
60550,6,3,0.0
9142,6,3,0.0
4985,6,3,0.0
36580,6,3,0.0
10162,6,3,0.0
28955,6,3,0.0
10147,6,3,0.0
44740,6,3,0.0
20795,6,3,0.0
42724,6,3,0.0
22811,6,3,0.0
39768,6,3,0.0
42139,6,3,0.0
52584,6,3,0.0
56458,6,3,0.0
5050,6,3,0.0
9077,6,3,0.0
51358,6,3,0.0
15250,6,3,0.0
14177,6,3,0.0
36568,6,3,0.0
7090,6,3,0.0
28967,6,3,0.0
39640,6,3,0.0
25895,6,3,0.0
36058,6,3,0.0
6835,6,3,0.0
29477,6,3,0.0
39820,6,3,0.0
25715,6,3,0.0
25767,6,3,0.0
35995,6,3,0.0
23396,6,3,0.0
29540,6,3,0.0
46644,6,3,0.0
25059,6,3,0.0
45924,6,3,0.0
25779,6,3,0.0
31938,6,3,0.0
36274,6,3,0.0
36466,6,3,0.0
19698,6,3,0.0
45837,6,3,0.0
45709,6,3,0.0
23768,6,3,0.0
21275,6,3,0.0
41767,6,3,0.0
20170,6,3,0.0
6995,6,3,0.0
45365,6,3,0.0
19674,6,3,0.0
31251,6,3,0.0
45861,6,3,0.0
6771,6,3,0.0
13030,6,3,0.0
24008,6,3,0.0
41527,6,3,0.0
18908,6,3,0.0
30995,6,3,0.0
46627,6,3,0.0
19928,6,3,0.0
7025,6,3,0.0
45607,6,3,0.0
23000,6,3,0.0
42535,6,3,0.0
51790,6,3,0.0
14962,6,3,0.0
13745,6,3,0.0
59590,6,3,0.0
11062,6,3,0.0
5945,6,3,0.0
11122,6,3,0.0
44260,6,3,0.0
44644,6,3,0.0
20891,6,3,0.0
10867,6,3,0.0
38328,6,3,0.0
43339,6,3,0.0
55498,6,3,0.0
6970,6,3,0.0
10037,6,3,0.0
51598,6,3,0.0
14770,6,3,0.0
13937,6,3,0.0
36328,6,3,0.0
29207,6,3,0.0
40360,6,3,0.0
25175,6,3,0.0
36298,6,3,0.0
7075,6,3,0.0
29237,6,3,0.0
39100,6,3,0.0
26435,6,3,0.0
27207,6,3,0.0
35275,6,3,0.0
22196,6,3,0.0
30260,6,3,0.0
27459,6,3,0.0
28179,6,3,0.0
35794,6,3,0.0
34786,6,3,0.0
20418,6,3,0.0
45117,6,3,0.0
47149,6,3,0.0
19914,6,3,0.0
29091,6,3,0.0
45621,6,3,0.0
6051,6,3,0.0
19690,6,3,0.0
5555,6,3,0.0
45845,6,3,0.0
15910,6,3,0.0
19868,6,3,0.0
29075,6,3,0.0
45667,6,3,0.0
6065,6,3,0.0
23960,6,3,0.0
41575,6,3,0.0
6002,6,3,0.0
5987,6,3,0.0
5747,6,3,0.0
36308,6,3,0.0
29227,6,3,0.0
25195,6,3,0.0
30249,6,3,0.0
26155,6,3,0.0
29289,6,3,0.0
17259,6,3,0.0
17979,6,3,0.0
44233,6,3,0.0
19910,6,3,0.0
11155,6,3,0.0
45625,6,3,0.0
19670,6,3,0.0
10675,6,3,0.0
45865,6,3,0.0
11185,6,3,0.0
28056,6,3,0.0
37479,6,3,0.0
27096,6,3,0.0
38439,6,3,0.0
50727,6,3,0.0
60489,6,3,0.0
58569,6,3,0.0
52050,6,3,0.0
54444,6,3,0.0
13746,6,3,0.0
11091,6,3,0.0
38076,6,3,0.0
60564,6,3,0.0
12726,6,3,0.0
4971,6,3,0.0
48276,6,3,0.0
36084,6,3,0.0
14256,6,3,0.0
29451,6,3,0.0
54180,6,3,0.0
54090,6,3,0.0
54978,6,3,0.0
10557,6,3,0.0
54474,6,3,0.0
21426,6,3,0.0
11061,6,3,0.0
49878,6,3,0.0
15657,6,3,0.0
51414,6,3,0.0
29586,6,3,0.0
14121,6,3,0.0
50904,6,3,0.0
52944,6,3,0.0
5106,6,3,0.0
12591,6,3,0.0
56004,6,3,0.0
45906,6,3,0.0
9531,6,3,0.0
50394,6,3,0.0
21171,6,3,0.0
15141,6,3,0.0
54212,6,3,0.0
11355,6,3,0.0
11323,6,3,0.0
11445,6,3,0.0
42195,6,3,0.0
50387,6,3,0.0
23340,6,3,0.0
15148,6,3,0.0
11443,6,3,0.0
50610,6,3,0.0
19667,6,3,0.0
45868,6,3,0.0
12988,6,3,0.0
21180,6,3,0.0
21291,6,3,0.0
18891,6,3,0.0
18894,6,3,0.0
27411,6,3,0.0
46641,6,3,0.0
20424,6,3,0.0
2931,6,3,0.0
45111,6,3,0.0
19402,6,3,0.0
46133,6,3,0.0
44355,6,3,0.0
40476,6,3,0.0
36460,6,3,0.0
5946,6,3,0.0
40524,6,3,0.0
25011,6,3,0.0
45628,6,3,0.0
54332,6,3,0.0
11203,6,3,0.0
5691,6,3,0.0
36412,6,3,0.0
29123,6,3,0.0
51078,6,3,0.0
14457,6,3,0.0
50574,6,3,0.0
14961,6,3,0.0
15969,6,3,0.0
54162,6,3,0.0
52614,6,3,0.0
12921,6,3,0.0
50062,6,3,0.0
15473,6,3,0.0
50132,6,3,0.0
15403,6,3,0.0
7283,6,3,0.0
28098,6,3,0.0
37437,6,3,0.0
19907,6,3,0.0
27082,6,3,0.0
38453,6,3,0.0
39981,6,3,0.0
38973,6,3,0.0
39989,6,3,0.0
58540,6,3,0.0
55388,6,3,0.0
29242,6,3,0.0
55468,6,3,0.0
45370,6,3,0.0
10067,6,3,0.0
62508,6,3,0.0
3027,6,3,0.0
28986,6,3,0.0
54380,6,3,0.0
59548,6,3,0.0
28982,6,3,0.0
63564,6,3,0.0
1971,6,3,0.0
28731,6,3,0.0
59452,6,3,0.0
6083,6,3,0.0
51928,6,3,0.0
13607,6,3,0.0
21362,6,3,0.0
51940,6,3,0.0
41842,6,3,0.0
13595,6,3,0.0
51168,6,3,0.0
14367,6,3,0.0
50664,6,3,0.0
14871,6,3,0.0
15879,6,3,0.0
50648,6,3,0.0
21425,6,3,0.0
14887,6,3,0.0
51668,6,3,0.0
13867,6,3,0.0
25522,6,3,0.0
50098,6,3,0.0
52704,6,3,0.0
12831,6,3,0.0
50152,6,3,0.0
15383,6,3,0.0
49894,6,3,0.0
15641,6,3,0.0
30749,6,3,0.0
49625,6,3,0.0
31763,6,3,0.0
49767,6,3,0.0
55884,6,3,0.0
15186,6,3,0.0
9651,6,3,0.0
39756,6,3,0.0
59844,6,3,0.0
15126,6,3,0.0
47556,6,3,0.0
36804,6,3,0.0
15216,6,3,0.0
55860,6,3,0.0
54330,6,3,0.0
56418,6,3,0.0
9117,6,3,0.0
56394,6,3,0.0
23346,6,3,0.0
9141,6,3,0.0
52518,6,3,0.0
13017,6,3,0.0
31026,6,3,0.0
7986,6,3,0.0
56484,6,3,0.0
46386,6,3,0.0
9051,6,3,0.0
52554,6,3,0.0
23331,6,3,0.0
12981,6,3,0.0
56372,6,3,0.0
9675,6,3,0.0
9163,6,3,0.0
11205,6,3,0.0
52547,6,3,0.0
21051,6,3,0.0
19611,6,3,0.0
19614,6,3,0.0
45921,6,3,0.0
19704,6,3,0.0
45831,6,3,0.0
19642,6,3,0.0
45893,6,3,0.0
34540,6,3,0.0
4986,6,3,0.0
37356,6,3,0.0
38124,6,3,0.0
54092,6,3,0.0
33772,6,3,0.0
51318,6,3,0.0
14217,6,3,0.0
51294,6,3,0.0
14241,6,3,0.0
14049,6,3,0.0
51262,6,3,0.0
14273,6,3,0.0
52532,6,3,0.0
13003,6,3,0.0
55602,6,3,0.0
27858,6,3,0.0
37677,6,3,0.0
27802,6,3,0.0
37733,6,3,0.0
37581,6,3,0.0
37773,6,3,0.0
37829,6,3,0.0
55948,6,3,0.0
45850,6,3,0.0
9587,6,3,0.0
62028,6,3,0.0
3507,6,3,0.0
29466,6,3,0.0
59980,6,3,0.0
54668,6,3,0.0
29482,6,3,0.0
54860,6,3,0.0
59788,6,3,0.0
29462,6,3,0.0
62604,6,3,0.0
58252,6,3,0.0
52900,6,3,0.0
42802,6,3,0.0
12635,6,3,0.0
52848,6,3,0.0
12687,6,3,0.0
52824,6,3,0.0
12711,6,3,0.0
12519,6,3,0.0
52568,6,3,0.0
23345,6,3,0.0
12967,6,3,0.0
52648,6,3,0.0
12887,6,3,0.0
22322,6,3,0.0
52628,6,3,0.0
12907,6,3,0.0
27442,6,3,0.0
52792,6,3,0.0
12743,6,3,0.0
52018,6,3,0.0
52774,6,3,0.0
12761,6,3,0.0
29069,6,3,0.0
52505,6,3,0.0
6747,6,3,0.0
7229,6,3,0.0
45150,6,3,0.0
46350,6,3,0.0
58635,6,3,0.0
57435,6,3,0.0
53310,6,3,0.0
54030,6,3,0.0
58125,6,3,0.0
57405,6,3,0.0
63502,6,3,0.0
33007,6,3,0.0
61582,6,3,0.0
36367,6,3,0.0
3953,6,3,0.0
19922,6,3,0.0
28958,6,3,0.0
45613,6,3,0.0
19378,6,3,0.0
30862,6,3,0.0
46157,6,3,0.0
11188,6,3,0.0
59527,6,3,0.0
54347,6,3,0.0
11732,6,3,0.0
53803,6,3,0.0
59676,6,3,0.0
58200,6,3,0.0
46659,6,3,0.0
62288,6,3,0.0
58680,6,3,0.0
6855,6,3,0.0
15762,6,3,0.0
49773,6,3,0.0
15816,6,3,0.0
62768,6,3,0.0
2767,6,3,0.0
28974,6,3,0.0
7602,6,3,0.0
29838,6,3,0.0
57933,6,3,0.0
7656,6,3,0.0
57879,6,3,0.0
18876,6,3,0.0
7335,6,3,0.0
5859,6,3,0.0
3247,6,3,0.0
57756,6,3,0.0
46179,6,3,0.0
14802,6,3,0.0
50733,6,3,0.0
15576,6,3,0.0
29214,6,3,0.0
7122,6,3,0.0
30798,6,3,0.0
58413,6,3,0.0
7896,6,3,0.0
57639,6,3,0.0
19356,6,3,0.0
7779,6,3,0.0
59674,6,3,0.0
54821,6,3,0.0
23444,6,3,0.0
42091,6,3,0.0
23464,6,3,0.0
29006,6,3,0.0
7124,6,3,0.0
29326,6,3,0.0
58411,6,3,0.0
7144,6,3,0.0
58391,6,3,0.0
10714,6,3,0.0
5861,6,3,0.0
57754,6,3,0.0
53861,6,3,0.0
22964,6,3,0.0
42571,6,3,0.0
23224,6,3,0.0
29726,6,3,0.0
7604,6,3,0.0
30766,6,3,0.0
57931,6,3,0.0
7864,6,3,0.0
57671,6,3,0.0
11674,6,3,0.0
7781,6,3,0.0
29153,6,3,0.0
30833,6,3,0.0
59512,6,3,0.0
26865,6,3,0.0
59760,6,3,0.0
28901,6,3,0.0
22769,6,3,0.0
55984,6,3,0.0
28899,6,3,0.0
14577,6,3,0.0
48336,6,3,0.0
30990,6,3,0.0
50808,6,3,0.0
14727,6,3,0.0
42616,6,3,0.0
22919,6,3,0.0
28440,6,3,0.0
36472,6,3,0.0
29063,6,3,0.0
57832,6,3,0.0
20385,6,3,0.0
12225,6,3,0.0
28830,6,3,0.0
36705,6,3,0.0
46680,6,3,0.0
18855,6,3,0.0
55326,6,3,0.0
10209,6,3,0.0
54840,6,3,0.0
10695,6,3,0.0
47134,6,3,0.0
18401,6,3,0.0
63000,6,3,0.0
2535,6,3,0.0
32400,6,3,0.0
33135,6,3,0.0
59422,6,3,0.0
63510,6,3,0.0
2025,6,3,0.0
6113,6,3,0.0
28545,6,3,0.0
6900,6,3,0.0
7410,6,3,0.0
37618,6,3,0.0
3742,6,3,0.0
27917,6,3,0.0
46768,6,3,0.0
36742,6,3,0.0
18767,6,3,0.0
62612,6,3,0.0
38663,6,3,0.0
2923,6,3,0.0
62098,6,3,0.0
3437,6,3,0.0
45238,6,3,0.0
20297,6,3,0.0
38132,6,3,0.0
27403,6,3,0.0
53938,6,3,0.0
11597,6,3,0.0
5918,6,3,0.0
46292,6,3,0.0
19243,6,3,0.0
36487,6,3,0.0
38130,6,3,0.0
27405,6,3,0.0
40455,6,3,0.0
37620,6,3,0.0
27915,6,3,0.0
7703,6,3,0.0
53462,6,3,0.0
12073,6,3,0.0
54992,6,3,0.0
10543,6,3,0.0
34335,6,3,0.0
7958,6,3,0.0
40462,6,3,0.0
34447,6,3,0.0
3735,6,3,0.0
5663,6,3,0.0
36622,6,3,0.0
3727,6,3,0.0
1943,6,3,0.0
61830,6,3,0.0
3705,6,3,0.0
59280,6,3,0.0
37095,6,3,0.0
8003,6,3,0.0
7247,6,3,0.0
23303,6,3,0.0
49912,6,3,0.0
15623,6,3,0.0
63682,6,3,0.0
1853,6,3,0.0
62008,6,3,0.0
3527,6,3,0.0
57562,6,3,0.0
7973,6,3,0.0
11054,6,3,0.0
2990,6,3,0.0
36491,6,3,0.0
44555,6,3,0.0
57532,6,3,0.0
58288,6,3,0.0
42232,6,3,0.0
20124,6,3,0.0
40504,6,3,0.0
25031,6,3,0.0
38584,6,3,0.0
26951,6,3,0.0
38616,6,3,0.0
26919,6,3,0.0
49590,6,3,0.0
51990,6,3,0.0
13545,6,3,0.0
13485,6,3,0.0
27864,6,3,0.0
52114,6,3,0.0
62116,6,3,0.0
13421,6,3,0.0
29741,6,3,0.0
25464,6,3,0.0
40071,6,3,0.0
14712,6,3,0.0
15474,6,3,0.0
46194,6,3,0.0
19341,6,3,0.0
1886,6,3,0.0
57466,6,3,0.0
8069,6,3,0.0
44299,6,3,0.0
46544,6,3,0.0
18991,6,3,0.0
45432,6,3,0.0
20103,6,3,0.0
45178,6,3,0.0
12058,6,3,0.0
20357,6,3,0.0
44302,6,3,0.0
58832,6,3,0.0
34127,6,3,0.0
6703,6,3,0.0
41458,6,3,0.0
24077,6,3,0.0
46448,6,3,0.0
19087,6,3,0.0
3419,6,3,0.0
62552,6,3,0.0
3422,6,3,0.0
2983,6,3,0.0
36682,6,3,0.0
42763,6,3,0.0
61778,6,3,0.0
3757,6,3,0.0
6823,6,3,0.0
1883,6,3,0.0
19117,6,3,0.0
9503,6,3,0.0
19185,6,3,0.0
63652,6,3,0.0
19790,6,3,0.0
36493,6,3,0.0
3534,6,3,0.0
52749,6,3,0.0
11930,6,3,0.0
40536,6,3,0.0
24999,6,3,0.0
41430,6,3,0.0
44310,6,3,0.0
21225,6,3,0.0
21195,6,3,0.0
27320,6,3,0.0
44436,6,3,0.0
62658,6,3,0.0
21099,6,3,0.0
29259,6,3,0.0
25976,6,3,0.0
39559,6,3,0.0
22904,6,3,0.0
23156,6,3,0.0
1854,6,3,0.0
57468,6,3,0.0
8067,6,3,0.0
51981,6,3,0.0
53876,6,3,0.0
11659,6,3,0.0
53624,6,3,0.0
11911,6,3,0.0
2878,6,3,0.0
36652,6,3,0.0
49652,6,3,0.0
50957,6,3,0.0
15883,6,3,0.0
61748,6,3,0.0
3787,6,3,0.0
54192,6,3,0.0
11343,6,3,0.0
53372,6,3,0.0
20252,6,3,0.0
12163,6,3,0.0
51982,6,3,0.0
33583,6,3,0.0
54128,6,3,0.0
11407,6,3,0.0
2877,6,3,0.0
17183,6,3,0.0
7367,6,3,0.0
11467,6,3,0.0
11505,6,3,0.0
59872,6,3,0.0
16134,6,3,0.0
53001,6,3,0.0
24326,6,3,0.0
44809,6,3,0.0
2287,6,3,0.0
63634,6,3,0.0
2974,6,3,0.0
1901,6,3,0.0
53434,6,3,0.0
8074,6,3,0.0
12101,6,3,0.0
45784,6,3,0.0
7054,6,3,0.0
19751,6,3,0.0
7051,6,3,0.0
37624,6,3,0.0
27911,6,3,0.0
42852,6,3,0.0
39079,6,3,0.0
61800,6,3,0.0
57526,6,3,0.0
12166,6,3,0.0
8009,6,3,0.0
62626,6,3,0.0
1966,6,3,0.0
2909,6,3,0.0
45796,6,3,0.0
10126,6,3,0.0
19739,6,3,0.0
45286,6,3,0.0
9871,6,3,0.0
20249,6,3,0.0
42928,6,3,0.0
22607,6,3,0.0
22683,6,3,0.0
45223,6,3,0.0
26456,6,3,0.0
20312,6,3,0.0
36696,6,3,0.0
22671,6,3,0.0
45454,6,3,0.0
45646,6,3,0.0
28878,6,3,0.0
36657,6,3,0.0
29924,6,3,0.0
18215,6,3,0.0
35611,6,3,0.0
29410,6,3,0.0
10055,6,3,0.0
36125,6,3,0.0
28902,6,3,0.0
17967,6,3,0.0
36633,6,3,0.0
9807,6,3,0.0
3802,6,3,0.0
25076,6,3,0.0
40459,6,3,0.0
30176,6,3,0.0
17711,6,3,0.0
35359,6,3,0.0
29156,6,3,0.0
10061,6,3,0.0
36379,6,3,0.0
26084,6,3,0.0
39451,6,3,0.0
5966,6,3,0.0
5963,6,3,0.0
5711,6,3,0.0
19051,6,3,0.0
45524,6,3,0.0
20011,6,3,0.0
24105,6,3,0.0
23083,6,3,0.0
21039,6,3,0.0
47329,6,3,0.0
29108,6,3,0.0
19847,6,3,0.0
36427,6,3,0.0
29138,6,3,0.0
11143,6,3,0.0
36397,6,3,0.0
28854,6,3,0.0
18831,6,3,0.0
36681,6,3,0.0
28886,6,3,0.0
10639,6,3,0.0
36649,6,3,0.0
31140,6,3,0.0
34395,6,3,0.0
11149,6,3,0.0
27108,6,3,0.0
38427,6,3,0.0
53787,6,3,0.0
57970,6,3,0.0
11854,6,3,0.0
7565,6,3,0.0
59602,6,3,0.0
11038,6,3,0.0
5933,6,3,0.0
47320,6,3,0.0
45688,6,3,0.0
47704,6,3,0.0
17831,6,3,0.0
11086,6,3,0.0
10831,6,3,0.0
38316,6,3,0.0
58594,6,3,0.0
10030,6,3,0.0
6941,6,3,0.0
57778,6,3,0.0
11662,6,3,0.0
7757,6,3,0.0
46504,6,3,0.0
19031,6,3,0.0
45544,6,3,0.0
19991,6,3,0.0
45538,6,3,0.0
10123,6,3,0.0
19997,6,3,0.0
42172,6,3,0.0
23363,6,3,0.0
27219,6,3,0.0
41443,6,3,0.0
24092,6,3,0.0
31239,6,3,0.0
42045,6,3,0.0
37834,6,3,0.0
29634,6,3,0.0
35901,6,3,0.0
29154,6,3,0.0
6027,6,3,0.0
36381,6,3,0.0
28906,6,3,0.0
5519,6,3,0.0
36629,6,3,0.0
15898,6,3,0.0
30116,6,3,0.0
35419,6,3,0.0
6029,6,3,0.0
63636,6,3,0.0
3486,6,3,0.0
1899,6,3,0.0
54456,6,3,0.0
7566,6,3,0.0
11079,6,3,0.0
45276,6,3,0.0
8076,6,3,0.0
20259,6,3,0.0
38136,6,3,0.0
27399,6,3,0.0
51042,6,3,0.0
57558,6,3,0.0
20358,6,3,0.0
7977,6,3,0.0
54498,6,3,0.0
18318,6,3,0.0
11037,6,3,0.0
62148,6,3,0.0
1998,6,3,0.0
3387,6,3,0.0
59088,6,3,0.0
36678,6,3,0.0
6447,6,3,0.0
53478,6,3,0.0
18063,6,3,0.0
12057,6,3,0.0
51152,6,3,0.0
14383,6,3,0.0
14493,6,3,0.0
39111,6,3,0.0
53447,6,3,0.0
26424,6,3,0.0
12088,6,3,0.0
36664,6,3,0.0
14479,6,3,0.0
53646,6,3,0.0
54318,6,3,0.0
28871,6,3,0.0
3772,6,3,0.0
25074,6,3,0.0
40461,6,3,0.0
18219,6,3,0.0
29664,6,3,0.0
9039,6,3,0.0
35871,6,3,0.0
25570,6,3,0.0
39965,6,3,0.0
5934,6,3,0.0
5679,6,3,0.0
11373,6,3,0.0
53682,6,3,0.0
11853,6,3,0.0
15945,6,3,0.0
15437,6,3,0.0
13391,6,3,0.0
55521,6,3,0.0
31170,6,3,0.0
34365,6,3,0.0
19851,6,3,0.0
27106,6,3,0.0
38429,6,3,0.0
46109,6,3,0.0
55480,6,3,0.0
58484,6,3,0.0
20014,6,3,0.0
54392,6,3,0.0
59572,6,3,0.0
19742,6,3,0.0
58552,6,3,0.0
36142,6,3,0.0
6983,6,3,0.0
56376,6,3,0.0
9159,6,3,0.0
19758,6,3,0.0
60528,6,3,0.0
5007,6,3,0.0
19503,6,3,0.0
58084,6,3,0.0
7451,6,3,0.0
18254,6,3,0.0
57812,6,3,0.0
7723,6,3,0.0
19342,6,3,0.0
58072,6,3,0.0
35662,6,3,0.0
7463,6,3,0.0
54216,6,3,0.0
11319,6,3,0.0
53736,6,3,0.0
11799,6,3,0.0
53732,6,3,0.0
18317,6,3,0.0
11803,6,3,0.0
49882,6,3,0.0
15653,6,3,0.0
27701,6,3,0.0
49637,6,3,0.0
31751,6,3,0.0
49755,6,3,0.0
63585,6,3,0.0
58992,6,3,0.0
1902,6,3,0.0
6543,6,3,0.0
42864,6,3,0.0
34296,6,3,0.0
51056,6,3,0.0
33784,6,3,0.0
57438,6,3,0.0
8097,6,3,0.0
57462,6,3,0.0
26382,6,3,0.0
8073,6,3,0.0
61722,6,3,0.0
3813,6,3,0.0
57406,6,3,0.0
8129,6,3,0.0
61724,6,3,0.0
3811,6,3,0.0
30918,6,3,0.0
34617,6,3,0.0
28167,6,3,0.0
28839,6,3,0.0
30886,6,3,0.0
34649,6,3,0.0
34545,6,3,0.0
34737,6,3,0.0
34769,6,3,0.0
47824,6,3,0.0
12102,6,3,0.0
59856,6,3,0.0
12054,6,3,0.0
44496,6,3,0.0
46704,6,3,0.0
46032,6,3,0.0
12108,6,3,0.0
62538,6,3,0.0
2997,6,3,0.0
62562,6,3,0.0
2973,6,3,0.0
61842,6,3,0.0
27918,6,3,0.0
3693,6,3,0.0
62616,6,3,0.0
40206,6,3,0.0
2919,6,3,0.0
61794,6,3,0.0
26379,6,3,0.0
3741,6,3,0.0
61896,6,3,0.0
3639,6,3,0.0
14094,6,3,0.0
58638,6,3,0.0
62492,6,3,0.0
3043,6,3,0.0
11217,6,3,0.0
61763,6,3,0.0
28846,6,3,0.0
36689,6,3,0.0
28908,6,3,0.0
36627,6,3,0.0
59056,6,3,0.0
36646,6,3,0.0
6479,6,3,0.0
20262,6,3,0.0
54896,6,3,0.0
59824,6,3,0.0
20246,6,3,0.0
60016,6,3,0.0
54704,6,3,0.0
20266,6,3,0.0
56496,6,3,0.0
52144,6,3,0.0
62104,6,3,0.0
39694,6,3,0.0
3431,6,3,0.0
62052,6,3,0.0
3483,6,3,0.0
61796,6,3,0.0
26381,6,3,0.0
3739,6,3,0.0
61844,6,3,0.0
3691,6,3,0.0
27406,6,3,0.0
61864,6,3,0.0
3671,6,3,0.0
22286,6,3,0.0
61996,6,3,0.0
3539,6,3,0.0
58126,6,3,0.0
61978,6,3,0.0
3557,6,3,0.0
19889,6,3,0.0
61733,6,3,0.0
5547,6,3,0.0
5069,6,3,0.0
2033,6,3,0.0
32273,6,3,0.0
30593,6,3,0.0
59272,6,3,0.0
32261,6,3,0.0
24449,6,3,0.0
56224,6,3,0.0
32259,6,3,0.0
16257,6,3,0.0
48576,6,3,0.0
51048,6,3,0.0
14487,6,3,0.0
42856,6,3,0.0
22679,6,3,0.0
25080,6,3,0.0
34792,6,3,0.0
30743,6,3,0.0
46440,6,3,0.0
19095,6,3,0.0
11889,6,3,0.0
54120,6,3,0.0
11415,6,3,0.0
20081,6,3,0.0
31200,6,3,0.0
57742,6,3,0.0
60952,6,3,0.0
7793,6,3,0.0
8100,6,3,0.0
8130,6,3,0.0
40770,6,3,0.0
24765,6,3,0.0
40740,6,3,0.0
24795,6,3,0.0
4478,6,3,0.0
56098,6,3,0.0
9437,6,3,0.0
35047,6,3,0.0
48452,6,3,0.0
17083,6,3,0.0
40738,6,3,0.0
2542,6,3,0.0
24797,6,3,0.0
47968,6,3,0.0
35062,6,3,0.0
17567,6,3,0.0
63812,6,3,0.0
36983,6,3,0.0
1723,6,3,0.0
63778,6,3,0.0
1757,6,3,0.0
47878,6,3,0.0
17657,6,3,0.0
40772,6,3,0.0
24763,6,3,0.0
4583,6,3,0.0
56582,6,3,0.0
8953,6,3,0.0
56672,6,3,0.0
8863,6,3,0.0
4598,6,3,0.0
37102,6,3,0.0
34927,6,3,0.0
33022,6,3,0.0
4463,6,3,0.0
2423,6,3,0.0
39784,6,3,0.0
25751,6,3,0.0
18924,6,3,0.0
37864,6,3,0.0
27671,6,3,0.0
40296,6,3,0.0
25239,6,3,0.0
14925,6,3,0.0
29261,6,3,0.0
28104,6,3,0.0
51634,6,3,0.0
64036,6,3,0.0
13901,6,3,0.0
14232,6,3,0.0
14274,6,3,0.0
46914,6,3,0.0
18621,6,3,0.0
1406,6,3,0.0
59146,6,3,0.0
6389,6,3,0.0
41179,6,3,0.0
46872,6,3,0.0
18663,6,3,0.0
48464,6,3,0.0
17071,6,3,0.0
46858,6,3,0.0
8698,6,3,0.0
18677,6,3,0.0
44872,6,3,0.0
41182,6,3,0.0
20663,6,3,0.0
60752,6,3,0.0
33887,6,3,0.0
4783,6,3,0.0
60682,6,3,0.0
4853,6,3,0.0
44818,6,3,0.0
20717,6,3,0.0
46928,6,3,0.0
18607,6,3,0.0
1499,6,3,0.0
62792,6,3,0.0
1502,6,3,0.0
2743,6,3,0.0
34042,6,3,0.0
41083,6,3,0.0
62738,6,3,0.0
2797,6,3,0.0
1403,6,3,0.0
8543,6,3,0.0
5363,6,3,0.0
5327,6,3,0.0
53032,6,3,0.0
12503,6,3,0.0
64642,6,3,0.0
893,6,3,0.0
62248,6,3,0.0
3287,6,3,0.0
8894,6,3,0.0
2750,6,3,0.0
35051,6,3,0.0
41195,6,3,0.0
60172,6,3,0.0
60208,6,3,0.0
10730,6,3,0.0
38376,6,3,0.0
27159,6,3,0.0
23595,6,3,0.0
29739,6,3,0.0
27560,6,3,0.0
43476,6,3,0.0
64578,6,3,0.0
22059,6,3,0.0
22424,6,3,0.0
22436,6,3,0.0
894,6,3,0.0
59148,6,3,0.0
6387,6,3,0.0
49341,6,3,0.0
55076,6,3,0.0
10459,6,3,0.0
55064,6,3,0.0
10471,6,3,0.0
56112,6,3,0.0
9423,6,3,0.0
958,6,3,0.0
33532,6,3,0.0
53012,6,3,0.0
49277,6,3,0.0
12523,6,3,0.0
62228,6,3,0.0
3307,6,3,0.0
55052,6,3,0.0
16892,6,3,0.0
10483,6,3,0.0
49342,6,3,0.0
33343,6,3,0.0
55088,6,3,0.0
10447,6,3,0.0
957,6,3,0.0
16703,6,3,0.0
64132,6,3,0.0
17630,6,3,0.0
35053,6,3,0.0
3294,6,3,0.0
49389,6,3,0.0
61072,6,3,0.0
12534,6,3,0.0
49401,6,3,0.0
20726,6,3,0.0
41209,6,3,0.0
48424,6,3,0.0
5246,6,3,0.0
17111,6,3,0.0
5243,6,3,0.0
5231,6,3,0.0
18091,6,3,0.0
48404,6,3,0.0
10366,6,3,0.0
17131,6,3,0.0
21163,6,3,0.0
48769,6,3,0.0
28436,6,3,0.0
24791,6,3,0.0
37099,6,3,0.0
31508,6,3,0.0
18647,6,3,0.0
34027,6,3,0.0
28434,6,3,0.0
24759,6,3,0.0
37101,6,3,0.0
32018,6,3,0.0
10423,6,3,0.0
33517,6,3,0.0
31494,6,3,0.0
18591,6,3,0.0
34041,6,3,0.0
32006,6,3,0.0
10399,6,3,0.0
33529,6,3,0.0
31380,6,3,0.0
34155,6,3,0.0
32276,6,3,0.0
10429,6,3,0.0
33259,6,3,0.0
28308,6,3,0.0
37227,6,3,0.0
53547,6,3,0.0
63874,6,3,0.0
2494,6,3,0.0
1661,6,3,0.0
56074,6,3,0.0
6394,6,3,0.0
9461,6,3,0.0
6334,6,3,0.0
6331,6,3,0.0
40744,6,3,0.0
42612,6,3,0.0
60166,6,3,0.0
10486,6,3,0.0
5369,6,3,0.0
64066,6,3,0.0
2686,6,3,0.0
1469,6,3,0.0
48676,6,3,0.0
16859,6,3,0.0
48646,6,3,0.0
10351,6,3,0.0
16889,6,3,0.0
43888,6,3,0.0
21647,6,3,0.0
22923,6,3,0.0
47623,6,3,0.0
17912,6,3,0.0
46126,6,3,0.0
31758,6,3,0.0
33777,6,3,0.0
32324,6,3,0.0
17015,6,3,0.0
33211,6,3,0.0
32290,6,3,0.0
9335,6,3,0.0
33245,6,3,0.0
32262,6,3,0.0
17007,6,3,0.0
33273,6,3,0.0
9327,6,3,0.0
3562,6,3,0.0
32336,6,3,0.0
16991,6,3,0.0
33199,6,3,0.0
9341,6,3,0.0
28244,6,3,0.0
37291,6,3,0.0
60802,6,3,0.0
8638,6,3,0.0
4733,6,3,0.0
59170,6,3,0.0
9454,6,3,0.0
6365,6,3,0.0
46888,6,3,0.0
48520,6,3,0.0
9406,6,3,0.0
9391,6,3,0.0
39516,6,3,0.0
60178,6,3,0.0
10462,6,3,0.0
5357,6,3,0.0
60994,6,3,0.0
8830,6,3,0.0
4541,6,3,0.0
48664,6,3,0.0
16871,6,3,0.0
48658,6,3,0.0
10363,6,3,0.0
16877,6,3,0.0
43852,6,3,0.0
21683,6,3,0.0
26019,6,3,0.0
44563,6,3,0.0
20972,6,3,0.0
41805,6,3,0.0
39994,6,3,0.0
31794,6,3,0.0
33741,6,3,0.0
32274,6,3,0.0
6267,6,3,0.0
33261,6,3,0.0
32266,6,3,0.0
6239,6,3,0.0
33269,6,3,0.0
12778,6,3,0.0
31316,6,3,0.0
34219,6,3,0.0
6269,6,3,0.0
56136,6,3,0.0
4734,6,3,0.0
9399,6,3,0.0
4719,6,3,0.0
9933,6,3,0.0
56082,6,3,0.0
18558,6,3,0.0
9453,6,3,0.0
13517,6,3,0.0
56961,6,3,0.0
31890,6,3,0.0
33645,6,3,0.0
18651,6,3,0.0
28306,6,3,0.0
37229,6,3,0.0
45389,6,3,0.0
63876,6,3,0.0
2526,6,3,0.0
1659,6,3,0.0
6366,6,3,0.0
48396,6,3,0.0
6396,6,3,0.0
17139,6,3,0.0
40776,6,3,0.0
50802,6,3,0.0
60678,6,3,0.0
18678,6,3,0.0
4857,6,3,0.0
56898,6,3,0.0
8637,6,3,0.0
64548,6,3,0.0
3198,6,3,0.0
987,6,3,0.0
60768,6,3,0.0
34038,6,3,0.0
4767,6,3,0.0
56838,6,3,0.0
18543,6,3,0.0
8697,6,3,0.0
52592,6,3,0.0
12943,6,3,0.0
14733,6,3,0.0
56327,6,3,0.0
9208,6,3,0.0
53838,6,3,0.0
3052,6,3,0.0
17019,6,3,0.0
32304,6,3,0.0
9279,6,3,0.0
33231,6,3,0.0
28210,6,3,0.0
37325,6,3,0.0
55112,6,3,0.0
60292,6,3,0.0
16862,6,3,0.0
56200,6,3,0.0
59204,6,3,0.0
17134,6,3,0.0
60232,6,3,0.0
33502,6,3,0.0
5303,6,3,0.0
17118,6,3,0.0
59328,6,3,0.0
6207,6,3,0.0
17103,6,3,0.0
60692,6,3,0.0
4843,6,3,0.0
18622,6,3,0.0
60964,6,3,0.0
4571,6,3,0.0
17534,6,3,0.0
60712,6,3,0.0
33982,6,3,0.0
4823,6,3,0.0
56856,6,3,0.0
8679,6,3,0.0
56852,6,3,0.0
18557,6,3,0.0
8683,6,3,0.0
52522,6,3,0.0
13013,6,3,0.0
25541,6,3,0.0
52757,6,3,0.0
50475,6,3,0.0
59232,6,3,0.0
1662,6,3,0.0
6303,6,3,0.0
6897,6,3,0.0
59142,6,3,0.0
24702,6,3,0.0
6393,6,3,0.0
7409,6,3,0.0
63105,6,3,0.0
31878,6,3,0.0
33657,6,3,0.0
24807,6,3,0.0
31366,6,3,0.0
34169,6,3,0.0
35697,6,3,0.0
36209,6,3,0.0
60816,6,3,0.0
8694,6,3,0.0
48544,6,3,0.0
9462,6,3,0.0
46944,6,3,0.0
48432,6,3,0.0
9468,6,3,0.0
63762,6,3,0.0
24798,6,3,0.0
1773,6,3,0.0
63042,6,3,0.0
2493,6,3,0.0
63816,6,3,0.0
37086,6,3,0.0
1719,6,3,0.0
62994,6,3,0.0
24699,6,3,0.0
2541,6,3,0.0
64536,6,3,0.0
999,6,3,0.0
12414,6,3,0.0
61772,6,3,0.0
3763,6,3,0.0
11697,6,3,0.0
62483,6,3,0.0
31246,6,3,0.0
34289,6,3,0.0
32268,6,3,0.0
33267,6,3,0.0
55136,6,3,0.0
60304,6,3,0.0
16886,6,3,0.0
60256,6,3,0.0
33526,6,3,0.0
5279,6,3,0.0
17142,6,3,0.0
59296,6,3,0.0
56144,6,3,0.0
17146,6,3,0.0
56256,6,3,0.0
63764,6,3,0.0
1771,6,3,0.0
24766,6,3,0.0
63784,6,3,0.0
37054,6,3,0.0
1751,6,3,0.0
63012,6,3,0.0
2523,6,3,0.0
62996,6,3,0.0
24701,6,3,0.0
2539,6,3,0.0
64024,6,3,0.0
1511,6,3,0.0
20606,6,3,0.0
61738,6,3,0.0
3797,6,3,0.0
19409,6,3,0.0
61973,6,3,0.0
29810,6,3,0.0
29300,6,3,0.0
29048,6,3,0.0
36760,6,3,0.0
39055,6,3,0.0
63592,6,3,0.0
44248,6,3,0.0
51896,6,3,0.0
31088,6,3,0.0
26872,6,3,0.0
35305,6,3,0.0
35501,6,3,0.0
36043,6,3,0.0
30530,6,3,0.0
30500,6,3,0.0
30488,6,3,0.0
35320,6,3,0.0
63112,6,3,0.0
44488,6,3,0.0
30608,6,3,0.0
28552,6,3,0.0
52136,6,3,0.0
36505,6,3,0.0
55976,6,3,0.0
51418,6,3,0.0
55960,6,3,0.0
51922,6,3,0.0
13613,6,3,0.0
52618,6,3,0.0
55720,6,3,0.0
52642,6,3,0.0
12893,6,3,0.0
48328,6,3,0.0
43196,6,3,0.0
48280,6,3,0.0
44212,6,3,0.0
21323,6,3,0.0
43916,6,3,0.0
47560,6,3,0.0
43972,6,3,0.0
21563,6,3,0.0
53681,6,3,0.0
45521,6,3,0.0
19118,6,3,0.0
11470,6,3,0.0
58894,6,3,0.0
6641,6,3,0.0
28384,6,3,0.0
37151,6,3,0.0
57574,6,3,0.0
7961,6,3,0.0
26734,6,3,0.0
38801,6,3,0.0
25073,6,3,0.0
58570,6,3,0.0
6965,6,3,0.0
58028,6,3,0.0
7507,6,3,0.0
61793,6,3,0.0
56081,6,3,0.0
48401,6,3,0.0
60934,6,3,0.0
4601,6,3,0.0
57454,6,3,0.0
8081,6,3,0.0
26254,6,3,0.0
39281,6,3,0.0
28433,6,3,0.0
62993,6,3,0.0
59948,6,3,0.0
5587,6,3,0.0
60490,6,3,0.0
5045,6,3,0.0
59048,6,3,0.0
19150,6,3,0.0
46385,6,3,0.0
28234,6,3,0.0
37301,6,3,0.0
59044,6,3,0.0
6491,6,3,0.0
60008,6,3,0.0
19630,6,3,0.0
45905,6,3,0.0
25834,6,3,0.0
39701,6,3,0.0
60004,6,3,0.0
5531,6,3,0.0
59080,6,3,0.0
11438,6,3,0.0
54097,6,3,0.0
28204,6,3,0.0
37331,6,3,0.0
59074,6,3,0.0
6461,6,3,0.0
60520,6,3,0.0
10958,6,3,0.0
54577,6,3,0.0
25324,6,3,0.0
40211,6,3,0.0
60514,6,3,0.0
5021,6,3,0.0
58510,6,3,0.0
12008,6,3,0.0
53527,6,3,0.0
59438,6,3,0.0
59470,6,3,0.0
57998,6,3,0.0
20200,6,3,0.0
45335,6,3,0.0
35725,6,3,0.0
36235,6,3,0.0
28790,6,3,0.0
36745,6,3,0.0
26480,6,3,0.0
21287,6,3,0.0
13639,6,3,0.0
30230,6,3,0.0
35005,6,3,0.0
35035,6,3,0.0
30470,6,3,0.0
35065,6,3,0.0
21047,6,3,0.0
13399,6,3,0.0
29030,6,3,0.0
29522,6,3,0.0
36013,6,3,0.0
14117,6,3,0.0
9575,6,3,0.0
30002,6,3,0.0
35533,6,3,0.0
12917,6,3,0.0
9815,6,3,0.0
30004,6,3,0.0
35531,6,3,0.0
22339,6,3,0.0
17255,6,3,0.0
29524,6,3,0.0
36011,6,3,0.0
21619,6,3,0.0
17975,6,3,0.0
28775,6,3,0.0
30215,6,3,0.0
23630,6,3,0.0
20060,6,3,0.0
19820,6,3,0.0
45988,6,3,0.0
42163,6,3,0.0
47332,6,3,0.0
41449,6,3,0.0
41657,6,3,0.0
27980,6,3,0.0
26860,6,3,0.0
45283,6,3,0.0
24386,6,3,0.0
24356,6,3,0.0
41452,6,3,0.0
24344,6,3,0.0
47584,6,3,0.0
56992,6,3,0.0
24452,6,3,0.0
31648,6,3,0.0
58280,6,3,0.0
45733,6,3,0.0
58054,6,3,0.0
7481,6,3,0.0
61858,6,3,0.0
58792,6,3,0.0
61834,6,3,0.0
3701,6,3,0.0
48352,6,3,0.0
48292,6,3,0.0
47260,6,3,0.0
18275,6,3,0.0
43952,6,3,0.0
44512,6,3,0.0
43984,6,3,0.0
21551,6,3,0.0
50573,6,3,0.0
36293,6,3,0.0
25274,6,3,0.0
55858,6,3,0.0
9677,6,3,0.0
31432,6,3,0.0
34103,6,3,0.0
14578,6,3,0.0
26746,6,3,0.0
38789,6,3,0.0
18893,6,3,0.0
55522,6,3,0.0
10013,6,3,0.0
52553,6,3,0.0
59141,6,3,0.0
64018,6,3,0.0
1517,6,3,0.0
48389,6,3,0.0
51322,6,3,0.0
14213,6,3,0.0
31493,6,3,0.0
23218,6,3,0.0
42317,6,3,0.0
56837,6,3,0.0
59960,6,3,0.0
5575,6,3,0.0
63586,6,3,0.0
1949,6,3,0.0
25330,6,3,0.0
40205,6,3,0.0
31330,6,3,0.0
34205,6,3,0.0
22762,6,3,0.0
42773,6,3,0.0
59992,6,3,0.0
5543,6,3,0.0
28858,6,3,0.0
36677,6,3,0.0
56032,6,3,0.0
14522,6,3,0.0
51013,6,3,0.0
31288,6,3,0.0
34247,6,3,0.0
56002,6,3,0.0
9533,6,3,0.0
55474,6,3,0.0
15080,6,3,0.0
50455,6,3,0.0
59450,6,3,0.0
59506,6,3,0.0
51890,6,3,0.0
29416,6,3,0.0
36119,6,3,0.0
10994,6,3,0.0
54541,6,3,0.0
19192,6,3,0.0
46343,6,3,0.0
63562,6,3,0.0
1973,6,3,0.0
41905,6,3,0.0
45475,6,3,0.0
19550,6,3,0.0
45985,6,3,0.0
23372,6,3,0.0
18203,6,3,0.0
24086,6,3,0.0
41149,6,3,0.0
24338,6,3,0.0
41197,6,3,0.0
41191,6,3,0.0
17951,6,3,0.0
7255,6,3,0.0
19802,6,3,0.0
20294,6,3,0.0
45241,6,3,0.0
23822,6,3,0.0
41713,6,3,0.0
3677,6,3,0.0
6743,6,3,0.0
23836,6,3,0.0
41699,6,3,0.0
17243,6,3,0.0
19547,6,3,0.0
24083,6,3,0.0
20308,6,3,0.0
45227,6,3,0.0
21583,6,3,0.0
21023,6,3,0.0
21710,6,3,0.0
18140,6,3,0.0
47668,6,3,0.0
43843,6,3,0.0
17900,6,3,0.0
48772,6,3,0.0
43817,6,3,0.0
44569,6,3,0.0
25820,6,3,0.0
28300,6,3,0.0
48643,6,3,0.0
21746,6,3,0.0
21236,6,3,0.0
44572,6,3,0.0
20984,6,3,0.0
48784,6,3,0.0
47653,6,3,0.0
22772,6,3,0.0
31408,6,3,0.0
60454,6,3,0.0
5081,6,3,0.0
63514,6,3,0.0
2021,6,3,0.0
48832,6,3,0.0
47812,6,3,0.0
47500,6,3,0.0
18035,6,3,0.0
44752,6,3,0.0
44464,6,3,0.0
21071,6,3,0.0
51293,6,3,0.0
27434,6,3,0.0
54178,6,3,0.0
11357,6,3,0.0
31912,6,3,0.0
33623,6,3,0.0
36053,6,3,0.0
16258,6,3,0.0
19613,6,3,0.0
26506,6,3,0.0
39029,6,3,0.0
56962,6,3,0.0
8573,6,3,0.0
50393,6,3,0.0
57461,6,3,0.0
51082,6,3,0.0
14453,6,3,0.0
45269,6,3,0.0
28853,6,3,0.0
23458,6,3,0.0
42077,6,3,0.0
53477,6,3,0.0
63106,6,3,0.0
2429,6,3,0.0
30370,6,3,0.0
35165,6,3,0.0
28450,6,3,0.0
37085,6,3,0.0
24202,6,3,0.0
41333,6,3,0.0
31498,6,3,0.0
34037,6,3,0.0
56194,6,3,0.0
16040,6,3,0.0
49495,6,3,0.0
58250,6,3,0.0
59266,6,3,0.0
52130,6,3,0.0
32296,6,3,0.0
33239,6,3,0.0
15242,6,3,0.0
50293,6,3,0.0
29608,6,3,0.0
35927,6,3,0.0
56482,6,3,0.0
9053,6,3,0.0
12194,6,3,0.0
53341,6,3,0.0
20392,6,3,0.0
45143,6,3,0.0
62602,6,3,0.0
2933,6,3,0.0
43825,6,3,0.0
17870,6,3,0.0
47665,6,3,0.0
21692,6,3,0.0
47635,6,3,0.0
16763,6,3,0.0
20966,6,3,0.0
43789,6,3,0.0
20978,6,3,0.0
44557,6,3,0.0
44551,6,3,0.0
16751,6,3,0.0
17882,6,3,0.0
17654,6,3,0.0
47881,6,3,0.0
20702,6,3,0.0
44833,6,3,0.0
17867,6,3,0.0
20963,6,3,0.0
20956,6,3,0.0
44579,6,3,0.0
17723,6,3,0.0
17908,6,3,0.0
47627,6,3,0.0
20783,6,3,0.0
14894,6,3,0.0
11834,6,3,0.0
54722,6,3,0.0
49877,6,3,0.0
11114,6,3,0.0
49641,6,3,0.0
26858,6,3,0.0
16194,6,3,0.0
49642,6,3,0.0
16164,6,3,0.0
16152,6,3,0.0
55776,6,3,0.0
32192,6,3,0.0
58824,6,3,0.0
54467,6,3,0.0
58534,6,3,0.0
7001,6,3,0.0
55450,6,3,0.0
10085,6,3,0.0
61892,6,3,0.0
58312,6,3,0.0
61836,6,3,0.0
3699,6,3,0.0
52688,6,3,0.0
52192,6,3,0.0
52656,6,3,0.0
12879,6,3,0.0
41867,6,3,0.0
35747,6,3,0.0
48212,6,3,0.0
17323,6,3,0.0
26748,6,3,0.0
38787,6,3,0.0
10667,6,3,0.0
64532,6,3,0.0
1003,6,3,0.0
59139,6,3,0.0
56067,6,3,0.0
43132,6,3,0.0
22403,6,3,0.0
32003,6,3,0.0
15572,6,3,0.0
49963,6,3,0.0
60504,6,3,0.0
5031,6,3,0.0
63588,6,3,0.0
1947,6,3,0.0
25844,6,3,0.0
39691,6,3,0.0
31844,6,3,0.0
33691,6,3,0.0
22748,6,3,0.0
42787,6,3,0.0
31832,6,3,0.0
33703,6,3,0.0
47316,6,3,0.0
23784,6,3,0.0
41751,6,3,0.0
59484,6,3,0.0
59508,6,3,0.0
44244,6,3,0.0
29928,6,3,0.0
35607,6,3,0.0
28892,6,3,0.0
36643,6,3,0.0
14572,6,3,0.0
50963,6,3,0.0
60472,6,3,0.0
5063,6,3,0.0
19700,6,3,0.0
45835,6,3,0.0
11512,6,3,0.0
54023,6,3,0.0
63532,6,3,0.0
2003,6,3,0.0
50641,6,3,0.0
53701,6,3,0.0
15658,6,3,0.0
10814,6,3,0.0
54721,6,3,0.0
15894,6,3,0.0
16148,6,3,0.0
49387,6,3,0.0
49371,6,3,0.0
49383,6,3,0.0
9759,6,3,0.0
6711,6,3,0.0
11068,6,3,0.0
12070,6,3,0.0
53465,6,3,0.0
15130,6,3,0.0
50405,6,3,0.0
10813,6,3,0.0
15893,6,3,0.0
15118,6,3,0.0
50417,6,3,0.0
3643,6,3,0.0
7223,6,3,0.0
12082,6,3,0.0
53453,6,3,0.0
12847,6,3,0.0
13343,6,3,0.0
12974,6,3,0.0
56402,6,3,0.0
52517,6,3,0.0
9914,6,3,0.0
9194,6,3,0.0
52761,6,3,0.0
28298,6,3,0.0
13554,6,3,0.0
52762,6,3,0.0
13044,6,3,0.0
12792,6,3,0.0
56976,6,3,0.0
56387,6,3,0.0
31952,6,3,0.0
59974,6,3,0.0
5561,6,3,0.0
55690,6,3,0.0
9845,6,3,0.0
63516,6,3,0.0
2019,6,3,0.0
52912,6,3,0.0
52176,6,3,0.0
13359,6,3,0.0
43067,6,3,0.0
46532,6,3,0.0
19003,6,3,0.0
35507,6,3,0.0
26508,6,3,0.0
39027,6,3,0.0
10907,6,3,0.0
57459,6,3,0.0
42892,6,3,0.0
22643,6,3,0.0
53427,6,3,0.0
28883,6,3,0.0
15812,6,3,0.0
49723,6,3,0.0
63108,6,3,0.0
2427,6,3,0.0
30404,6,3,0.0
35131,6,3,0.0
28484,6,3,0.0
37051,6,3,0.0
48516,6,3,0.0
24264,6,3,0.0
41271,6,3,0.0
58764,6,3,0.0
59268,6,3,0.0
44484,6,3,0.0
32328,6,3,0.0
33207,6,3,0.0
23948,6,3,0.0
41587,6,3,0.0
30152,6,3,0.0
35383,6,3,0.0
32012,6,3,0.0
33523,6,3,0.0
16012,6,3,0.0
49523,6,3,0.0
20420,6,3,0.0
45115,6,3,0.0
12232,6,3,0.0
53303,6,3,0.0
62092,6,3,0.0
3443,6,3,0.0
52561,6,3,0.0
13018,6,3,0.0
9134,6,3,0.0
56401,6,3,0.0
56341,6,3,0.0
12774,6,3,0.0
12788,6,3,0.0
52747,6,3,0.0
52491,6,3,0.0
52743,6,3,0.0
8559,6,3,0.0
9148,6,3,0.0
8950,6,3,0.0
56585,6,3,0.0
9133,6,3,0.0
12773,6,3,0.0
12730,6,3,0.0
52805,6,3,0.0
12478,6,3,0.0
53057,6,3,0.0
9202,6,3,0.0
56333,6,3,0.0
12623,6,3,0.0
62534,6,3,0.0
61721,6,3,0.0
6830,6,3,0.0
3770,6,3,0.0
3050,6,3,0.0
61989,6,3,0.0
31394,6,3,0.0
7374,6,3,0.0
61990,6,3,0.0
3804,6,3,0.0
3564,6,3,0.0
62531,6,3,0.0
31940,6,3,0.0
59986,6,3,0.0
5549,6,3,0.0
58786,6,3,0.0
6749,6,3,0.0
60468,6,3,0.0
5067,6,3,0.0
58308,6,3,0.0
7227,6,3,0.0
40400,6,3,0.0
25135,6,3,0.0
43055,6,3,0.0
41615,6,3,0.0
10919,6,3,0.0
23472,6,3,0.0
42063,6,3,0.0
39856,6,3,0.0
25679,6,3,0.0
51279,6,3,0.0
50319,6,3,0.0
19655,6,3,0.0
15824,6,3,0.0
49711,6,3,0.0
48528,6,3,0.0
30432,6,3,0.0
35103,6,3,0.0
55728,6,3,0.0
56208,6,3,0.0
47568,6,3,0.0
32352,6,3,0.0
33183,6,3,0.0
24272,6,3,0.0
41263,6,3,0.0
31568,6,3,0.0
33967,6,3,0.0
24032,6,3,0.0
41503,6,3,0.0
30128,6,3,0.0
35407,6,3,0.0
32048,6,3,0.0
33487,6,3,0.0
16048,6,3,0.0
49487,6,3,0.0
29648,6,3,0.0
35887,6,3,0.0
15328,6,3,0.0
50207,6,3,0.0
3814,6,3,0.0
3002,6,3,0.0
62533,6,3,0.0
61765,6,3,0.0
62485,6,3,0.0
3546,6,3,0.0
3548,6,3,0.0
61987,6,3,0.0
61731,6,3,0.0
61971,6,3,0.0
3004,6,3,0.0
3001,6,3,0.0
3545,6,3,0.0
2782,6,3,0.0
62753,6,3,0.0
3502,6,3,0.0
62033,6,3,0.0
3262,6,3,0.0
62273,6,3,0.0
3022,6,3,0.0
62513,6,3,0.0
5564,6,3,0.0
13546,6,3,0.0
51989,6,3,0.0
7402,6,3,0.0
58133,6,3,0.0
22466,6,3,0.0
15784,6,3,0.0
49751,6,3,0.0
40616,6,3,0.0
24919,6,3,0.0
22496,6,3,0.0
30376,6,3,0.0
35159,6,3,0.0
8104,6,3,0.0
57431,6,3,0.0
46760,6,3,0.0
18775,6,3,0.0
22472,6,3,0.0
24232,6,3,0.0
41303,6,3,0.0
14248,6,3,0.0
51287,6,3,0.0
32513,6,3,0.0
43241,6,3,0.0
43069,6,3,0.0
43039,6,3,0.0
43063,6,3,0.0
55106,6,3,0.0
63016,6,3,0.0
2519,6,3,0.0
56872,6,3,0.0
8663,6,3,0.0
28264,6,3,0.0
31336,6,3,0.0
4798,6,3,0.0
60737,6,3,0.0
40769,6,3,0.0
63041,6,3,0.0
35902,6,3,0.0
29633,6,3,0.0
1726,6,3,0.0
63809,6,3,0.0
46913,6,3,0.0
56897,6,3,0.0
45118,6,3,0.0
20417,6,3,0.0
36026,6,3,0.0
29509,6,3,0.0
44210,6,3,0.0
21325,6,3,0.0
44594,6,3,0.0
20941,6,3,0.0
47246,6,3,0.0
18289,6,3,0.0
45230,6,3,0.0
20305,6,3,0.0
47630,6,3,0.0
17905,6,3,0.0
48142,6,3,0.0
17393,6,3,0.0
48178,6,3,0.0
17357,6,3,0.0
37271,6,3,0.0
34199,6,3,0.0
31786,6,3,0.0
33749,6,3,0.0
33687,6,3,0.0
31848,6,3,0.0
10859,6,3,0.0
10923,6,3,0.0
10979,6,3,0.0
10955,6,3,0.0
7004,6,3,0.0
15946,6,3,0.0
49589,6,3,0.0
7882,6,3,0.0
57653,6,3,0.0
23666,6,3,0.0
15064,6,3,0.0
50471,6,3,0.0
39656,6,3,0.0
25879,6,3,0.0
24176,6,3,0.0
6904,6,3,0.0
58631,6,3,0.0
47720,6,3,0.0
17815,6,3,0.0
23672,6,3,0.0
23272,6,3,0.0
42263,6,3,0.0
14968,6,3,0.0
50567,6,3,0.0
28913,6,3,0.0
44681,6,3,0.0
41869,6,3,0.0
41359,6,3,0.0
41863,6,3,0.0
54386,6,3,0.0
62056,6,3,0.0
3479,6,3,0.0
53992,6,3,0.0
11543,6,3,0.0
26344,6,3,0.0
6958,6,3,0.0
58577,6,3,0.0
38129,6,3,0.0
62561,6,3,0.0
33742,6,3,0.0
31793,6,3,0.0
2926,6,3,0.0
62609,6,3,0.0
46193,6,3,0.0
54497,6,3,0.0
45838,6,3,0.0
19697,6,3,0.0
35786,6,3,0.0
29749,6,3,0.0
41954,6,3,0.0
23581,6,3,0.0
43970,6,3,0.0
21565,6,3,0.0
45262,6,3,0.0
20273,6,3,0.0
46018,6,3,0.0
19517,6,3,0.0
39191,6,3,0.0
29386,6,3,0.0
36149,6,3,0.0
35127,6,3,0.0
30408,6,3,0.0
9899,6,3,0.0
11939,6,3,0.0
11435,6,3,0.0
10100,6,3,0.0
15970,6,3,0.0
49565,6,3,0.0
14050,6,3,0.0
51485,6,3,0.0
29774,6,3,0.0
12004,6,3,0.0
53531,6,3,0.0
42728,6,3,0.0
22807,6,3,0.0
30284,6,3,0.0
9964,6,3,0.0
55571,6,3,0.0
44648,6,3,0.0
20887,6,3,0.0
29804,6,3,0.0
11884,6,3,0.0
53651,6,3,0.0
19661,6,3,0.0
47777,6,3,0.0
35761,6,3,0.0
35251,6,3,0.0
35731,6,3,0.0
54350,6,3,0.0
52840,6,3,0.0
12695,6,3,0.0
50920,6,3,0.0
14615,6,3,0.0
10042,6,3,0.0
55493,6,3,0.0
38093,6,3,0.0
56393,6,3,0.0
33778,6,3,0.0
31757,6,3,0.0
9082,6,3,0.0
56453,6,3,0.0
40013,6,3,0.0
54473,6,3,0.0
36658,6,3,0.0
28877,6,3,0.0
36082,6,3,0.0
29453,6,3,0.0
36802,6,3,0.0
28733,6,3,0.0
20194,6,3,0.0
45341,6,3,0.0
41247,6,3,0.0
24288,6,3,0.0
6827,6,3,0.0
14987,6,3,0.0
14507,6,3,0.0
21228,6,3,0.0
44307,6,3,0.0
5082,6,3,0.0
6892,6,3,0.0
58643,6,3,0.0
40648,6,3,0.0
24887,6,3,0.0
14304,6,3,0.0
8136,6,3,0.0
57399,6,3,0.0
14244,6,3,0.0
23496,6,3,0.0
42039,6,3,0.0
54984,6,3,0.0
10551,6,3,0.0
16072,6,3,0.0
49463,6,3,0.0
51433,6,3,0.0
51231,6,3,0.0
51291,6,3,0.0
63048,6,3,0.0
2487,6,3,0.0
46884,6,3,0.0
48712,6,3,0.0
16823,6,3,0.0
5342,6,3,0.0
60193,6,3,0.0
40737,6,3,0.0
63009,6,3,0.0
35422,6,3,0.0
30113,6,3,0.0
1758,6,3,0.0
63777,6,3,0.0
55073,6,3,0.0
48673,6,3,0.0
53342,6,3,0.0
12193,6,3,0.0
35548,6,3,0.0
29987,6,3,0.0
51924,6,3,0.0
13611,6,3,0.0
52820,6,3,0.0
12715,6,3,0.0
55438,6,3,0.0
10097,6,3,0.0
55822,6,3,0.0
9713,6,3,0.0
53454,6,3,0.0
12081,6,3,0.0
56334,6,3,0.0
9201,6,3,0.0
55892,6,3,0.0
9643,6,3,0.0
31308,6,3,0.0
34227,6,3,0.0
19565,6,3,0.0
19685,6,3,0.0
19629,6,3,0.0
24108,6,3,0.0
41427,6,3,0.0
7482,6,3,0.0
7852,6,3,0.0
57683,6,3,0.0
40168,6,3,0.0
25367,6,3,0.0
15984,6,3,0.0
7416,6,3,0.0
58119,6,3,0.0
14964,6,3,0.0
23736,6,3,0.0
41799,6,3,0.0
56424,6,3,0.0
9111,6,3,0.0
15592,6,3,0.0
49943,6,3,0.0
52873,6,3,0.0
49551,6,3,0.0
50571,6,3,0.0
62568,6,3,0.0
2967,6,3,0.0
45684,6,3,0.0
46312,6,3,0.0
19223,6,3,0.0
7502,6,3,0.0
58033,6,3,0.0
37617,6,3,0.0
62049,6,3,0.0
34222,6,3,0.0
31313,6,3,0.0
3438,6,3,0.0
62097,6,3,0.0
53873,6,3,0.0
45793,6,3,0.0
54542,6,3,0.0
10993,6,3,0.0
36268,6,3,0.0
29267,6,3,0.0
50660,6,3,0.0
14875,6,3,0.0
52644,6,3,0.0
12891,6,3,0.0
53422,6,3,0.0
12113,6,3,0.0
54692,6,3,0.0
10843,6,3,0.0
29868,6,3,0.0
35667,6,3,0.0
18125,6,3,0.0
20165,6,3,0.0
19149,6,3,0.0
18290,6,3,0.0
24164,6,3,0.0
41371,6,3,0.0
22244,6,3,0.0
43291,6,3,0.0
29230,6,3,0.0
30250,6,3,0.0
18154,6,3,0.0
47381,6,3,0.0
29290,6,3,0.0
20074,6,3,0.0
45461,6,3,0.0
36305,6,3,0.0
56513,6,3,0.0
35285,6,3,0.0
36245,6,3,0.0
45614,6,3,0.0
34292,6,3,0.0
31243,6,3,0.0
18268,6,3,0.0
47267,6,3,0.0
37547,6,3,0.0
47657,6,3,0.0
36692,6,3,0.0
28843,6,3,0.0
17788,6,3,0.0
47747,6,3,0.0
39467,6,3,0.0
45737,6,3,0.0
35572,6,3,0.0
29963,6,3,0.0
36772,6,3,0.0
28763,6,3,0.0
49439,6,3,0.0
16096,6,3,0.0
7373,6,3,0.0
23693,6,3,0.0
22733,6,3,0.0
18168,6,3,0.0
47367,6,3,0.0
9976,6,3,0.0
55559,6,3,0.0
2022,6,3,0.0
46816,6,3,0.0
18719,6,3,0.0
55008,6,3,0.0
10527,6,3,0.0
8088,6,3,0.0
26592,6,3,0.0
38943,6,3,0.0
57577,6,3,0.0
57447,6,3,0.0
56928,6,3,0.0
8607,6,3,0.0
48736,6,3,0.0
16799,6,3,0.0
40728,6,3,0.0
5366,6,3,0.0
60169,6,3,0.0
46857,6,3,0.0
56841,6,3,0.0
41590,6,3,0.0
23945,6,3,0.0
4854,6,3,0.0
60681,6,3,0.0
55049,6,3,0.0
48649,6,3,0.0
50294,6,3,0.0
15241,6,3,0.0
41716,6,3,0.0
23819,6,3,0.0
58068,6,3,0.0
7467,6,3,0.0
58546,6,3,0.0
6989,6,3,0.0
58930,6,3,0.0
6605,6,3,0.0
50418,6,3,0.0
15117,6,3,0.0
58964,6,3,0.0
6571,6,3,0.0
62036,6,3,0.0
3499,6,3,0.0
62514,6,3,0.0
3021,6,3,0.0
28272,6,3,0.0
37263,6,3,0.0
28793,6,3,0.0
28889,6,3,0.0
28857,6,3,0.0
30264,6,3,0.0
35271,6,3,0.0
13614,6,3,0.0
14008,6,3,0.0
51527,6,3,0.0
15948,6,3,0.0
13548,6,3,0.0
51987,6,3,0.0
11868,6,3,0.0
62113,6,3,0.0
49587,6,3,0.0
53667,6,3,0.0
36444,6,3,0.0
37306,6,3,0.0
28229,6,3,0.0
13682,6,3,0.0
51853,6,3,0.0
34509,6,3,0.0
52809,6,3,0.0
54578,6,3,0.0
10957,6,3,0.0
12666,6,3,0.0
52869,6,3,0.0
50765,6,3,0.0
36553,6,3,0.0
45496,6,3,0.0
20039,6,3,0.0
53720,6,3,0.0
11815,6,3,0.0
50362,6,3,0.0
15173,6,3,0.0
54680,6,3,0.0
10855,6,3,0.0
61848,6,3,0.0
3687,6,3,0.0
29393,6,3,0.0
21233,6,3,0.0
25329,6,3,0.0
30296,6,3,0.0
35239,6,3,0.0
21326,6,3,0.0
22232,6,3,0.0
43303,6,3,0.0
24106,6,3,0.0
21226,6,3,0.0
44309,6,3,0.0
20026,6,3,0.0
62657,6,3,0.0
41429,6,3,0.0
45509,6,3,0.0
36410,6,3,0.0
37340,6,3,0.0
28195,6,3,0.0
21364,6,3,0.0
44171,6,3,0.0
34475,6,3,0.0
44585,6,3,0.0
45908,6,3,0.0
19627,6,3,0.0
20860,6,3,0.0
44675,6,3,0.0
42539,6,3,0.0
36521,6,3,0.0
41692,6,3,0.0
23843,6,3,0.0
45976,6,3,0.0
19559,6,3,0.0
29873,6,3,0.0
13553,6,3,0.0
25841,6,3,0.0
20328,6,3,0.0
45207,6,3,0.0
12136,6,3,0.0
53399,6,3,0.0
3702,6,3,0.0
6648,6,3,0.0
60937,6,3,0.0
58887,6,3,0.0
37368,6,3,0.0
42790,6,3,0.0
22745,6,3,0.0
8006,6,3,0.0
57529,6,3,0.0
45177,6,3,0.0
53481,6,3,0.0
51014,6,3,0.0
14521,6,3,0.0
7974,6,3,0.0
57561,6,3,0.0
53369,6,3,0.0
45289,6,3,0.0
44836,6,3,0.0
20699,6,3,0.0
58210,6,3,0.0
7325,6,3,0.0
60226,6,3,0.0
5309,6,3,0.0
58724,6,3,0.0
6811,6,3,0.0
60708,6,3,0.0
4827,6,3,0.0
53058,6,3,0.0
12477,6,3,0.0
62756,6,3,0.0
2779,6,3,0.0
62274,6,3,0.0
3261,6,3,0.0
32009,6,3,0.0
30473,6,3,0.0
31497,6,3,0.0
29544,6,3,0.0
35991,6,3,0.0
15208,6,3,0.0
50327,6,3,0.0
12894,6,3,0.0
9708,6,3,0.0
64033,6,3,0.0
55827,6,3,0.0
34284,6,3,0.0
39706,6,3,0.0
25829,6,3,0.0
14162,6,3,0.0
51373,6,3,0.0
35949,6,3,0.0
50409,6,3,0.0
54098,6,3,0.0
11437,6,3,0.0
14106,6,3,0.0
51429,6,3,0.0
50285,6,3,0.0
36073,6,3,0.0
47896,6,3,0.0
17639,6,3,0.0
52042,6,3,0.0
13493,6,3,0.0
55640,6,3,0.0
9895,6,3,0.0
56600,6,3,0.0
8935,6,3,0.0
63768,6,3,0.0
1767,6,3,0.0
32033,6,3,0.0
24353,6,3,0.0
28449,6,3,0.0
30056,6,3,0.0
35479,6,3,0.0
23912,6,3,0.0
41623,6,3,0.0
21566,6,3,0.0
17386,6,3,0.0
64577,6,3,0.0
48149,6,3,0.0
33770,6,3,0.0
40220,6,3,0.0
25315,6,3,0.0
22324,6,3,0.0
43211,6,3,0.0
35435,6,3,0.0
41705,6,3,0.0
46388,6,3,0.0
19147,6,3,0.0
22300,6,3,0.0
43235,6,3,0.0
41579,6,3,0.0
35561,6,3,0.0
44332,6,3,0.0
21203,6,3,0.0
47416,6,3,0.0
18119,6,3,0.0
31553,6,3,0.0
16193,6,3,0.0
28481,6,3,0.0
5750,7,3,0.0
59785,7,3,0.0
9910,7,3,0.0
37531,7,3,0.0
55625,7,3,0.0
18134,7,3,0.0
38045,7,3,0.0
47401,7,3,0.0
27019,7,3,0.0
27043,7,3,0.0
27021,7,3,0.0
27077,7,3,0.0
27057,7,3,0.0
27089,7,3,0.0
7062,7,3,0.0
58473,7,3,0.0
7574,7,3,0.0
57961,7,3,0.0
59542,7,3,0.0
5993,7,3,0.0
10134,7,3,0.0
55401,7,3,0.0
13718,7,3,0.0
51817,7,3,0.0
18326,7,3,0.0
47209,7,3,0.0
21398,7,3,0.0
44137,7,3,0.0
18750,7,3,0.0
27678,7,3,0.0
10590,7,3,0.0
27166,7,3,0.0
30774,7,3,0.0
34761,7,3,0.0
37500,7,3,0.0
28035,7,3,0.0
30806,7,3,0.0
34729,7,3,0.0
38010,7,3,0.0
27525,7,3,0.0
37857,7,3,0.0
46785,7,3,0.0
38369,7,3,0.0
54945,7,3,0.0
24894,7,3,0.0
10614,7,3,0.0
27190,7,3,0.0
34428,7,3,0.0
31107,7,3,0.0
27734,7,3,0.0
37801,7,3,0.0
37998,7,3,0.0
27537,7,3,0.0
40641,7,3,0.0
38345,7,3,0.0
54921,7,3,0.0
24926,7,3,0.0
18806,7,3,0.0
34426,7,3,0.0
31109,7,3,0.0
37486,7,3,0.0
28049,7,3,0.0
40609,7,3,0.0
46729,7,3,0.0
5990,7,3,0.0
59545,7,3,0.0
11110,7,3,0.0
39211,7,3,0.0
54425,7,3,0.0
19814,7,3,0.0
39245,7,3,0.0
45721,7,3,0.0
26779,7,3,0.0
27283,7,3,0.0
26781,7,3,0.0
27797,7,3,0.0
6582,7,3,0.0
58953,7,3,0.0
6614,7,3,0.0
58921,7,3,0.0
59782,7,3,0.0
5753,7,3,0.0
14678,7,3,0.0
50857,7,3,0.0
22838,7,3,0.0
42697,7,3,0.0
17310,7,3,0.0
25038,7,3,0.0
9630,7,3,0.0
25006,7,3,0.0
29574,7,3,0.0
35961,7,3,0.0
38700,7,3,0.0
26835,7,3,0.0
30086,7,3,0.0
35449,7,3,0.0
38730,7,3,0.0
26805,7,3,0.0
40497,7,3,0.0
48225,7,3,0.0
40529,7,3,0.0
55905,7,3,0.0
26054,7,3,0.0
25510,7,3,0.0
40025,7,3,0.0
39481,7,3,0.0
25374,7,3,0.0
34668,7,3,0.0
30867,7,3,0.0
38478,7,3,0.0
40161,7,3,0.0
25886,7,3,0.0
34666,7,3,0.0
30869,7,3,0.0
38446,7,3,0.0
39649,7,3,0.0
58977,7,3,0.0
34407,7,3,0.0
5742,7,3,0.0
54922,7,3,0.0
53702,7,3,0.0
14734,7,3,0.0
38342,7,3,0.0
54662,7,3,0.0
35545,7,3,0.0
37582,7,3,0.0
52625,7,3,0.0
39625,7,3,0.0
21614,7,3,0.0
43921,7,3,0.0
38062,7,3,0.0
27473,7,3,0.0
29852,7,3,0.0
35683,7,3,0.0
39982,7,3,0.0
25556,7,3,0.0
25553,7,3,0.0
11932,7,3,0.0
53603,7,3,0.0
40022,7,3,0.0
25513,7,3,0.0
25774,7,3,0.0
39761,7,3,0.0
27814,7,3,0.0
37721,7,3,0.0
38492,7,3,0.0
46732,7,3,0.0
18803,7,3,0.0
36022,7,3,0.0
29513,7,3,0.0
44692,7,3,0.0
20843,7,3,0.0
40532,7,3,0.0
25003,7,3,0.0
13870,7,3,0.0
51665,7,3,0.0
29750,7,3,0.0
35785,7,3,0.0
13940,7,3,0.0
51595,7,3,0.0
11830,7,3,0.0
53705,7,3,0.0
27694,7,3,0.0
37841,7,3,0.0
7580,7,3,0.0
27764,7,3,0.0
37771,7,3,0.0
47161,7,3,0.0
10613,7,3,0.0
14638,7,3,0.0
50897,7,3,0.0
11833,7,3,0.0
50801,7,3,0.0
27193,7,3,0.0
29990,7,3,0.0
10873,7,3,0.0
25910,7,3,0.0
12910,7,3,0.0
27953,7,3,0.0
55402,7,3,0.0
56342,7,3,0.0
14494,7,3,0.0
55382,7,3,0.0
36265,7,3,0.0
40105,7,3,0.0
22094,7,3,0.0
43441,7,3,0.0
39502,7,3,0.0
26033,7,3,0.0
31052,7,3,0.0
34483,7,3,0.0
27956,7,3,0.0
10732,7,3,0.0
54803,7,3,0.0
27214,7,3,0.0
38321,7,3,0.0
27334,7,3,0.0
38201,7,3,0.0
38252,7,3,0.0
47212,7,3,0.0
18323,7,3,0.0
35782,7,3,0.0
29753,7,3,0.0
43492,7,3,0.0
22043,7,3,0.0
38372,7,3,0.0
27163,7,3,0.0
29510,7,3,0.0
36025,7,3,0.0
14180,7,3,0.0
51355,7,3,0.0
9190,7,3,0.0
56345,7,3,0.0
25294,7,3,0.0
40241,7,3,0.0
6620,7,3,0.0
26564,7,3,0.0
38971,7,3,0.0
45961,7,3,0.0
10133,7,3,0.0
12958,7,3,0.0
52577,7,3,0.0
9193,7,3,0.0
51041,7,3,0.0
29270,7,3,0.0
10153,7,3,0.0
25430,7,3,0.0
37798,7,3,0.0
45478,7,3,0.0
22926,7,3,0.0
45958,7,3,0.0
39478,7,3,0.0
26057,7,3,0.0
29338,7,3,0.0
36197,7,3,0.0
26034,7,3,0.0
20122,7,3,0.0
45413,7,3,0.0
38458,7,3,0.0
52882,7,3,0.0
12653,7,3,0.0
35542,7,3,0.0
29993,7,3,0.0
40498,7,3,0.0
25037,7,3,0.0
7066,7,3,0.0
22130,7,3,0.0
43405,7,3,0.0
27250,7,3,0.0
38285,7,3,0.0
20054,7,3,0.0
45481,7,3,0.0
55385,7,3,0.0
27737,7,3,0.0
22862,7,3,0.0
42673,7,3,0.0
20057,7,3,0.0
42609,7,3,0.0
19577,7,3,0.0
47638,7,3,0.0
22686,7,3,0.0
47158,7,3,0.0
31018,7,3,0.0
34517,7,3,0.0
27474,7,3,0.0
18922,7,3,0.0
46613,7,3,0.0
37738,7,3,0.0
51682,7,3,0.0
13853,7,3,0.0
36262,7,3,0.0
29273,7,3,0.0
37858,7,3,0.0
27677,7,3,0.0
6586,7,3,0.0
22370,7,3,0.0
43165,7,3,0.0
26530,7,3,0.0
39005,7,3,0.0
17894,7,3,0.0
47641,7,3,0.0
54665,7,3,0.0
21662,7,3,0.0
43873,7,3,0.0
17897,7,3,0.0
42849,7,3,0.0
18377,7,3,0.0
30312,7,3,0.0
60609,7,3,0.0
60065,7,3,0.0
59796,7,3,0.0
25782,7,3,0.0
39753,7,3,0.0
25302,7,3,0.0
40233,7,3,0.0
27462,7,3,0.0
38073,7,3,0.0
27942,7,3,0.0
37593,7,3,0.0
59794,7,3,0.0
35223,7,3,0.0
10647,7,3,0.0
18839,7,3,0.0
7326,7,3,0.0
52041,7,3,0.0
6606,7,3,0.0
54888,7,3,0.0
58968,7,3,0.0
6567,7,3,0.0
53433,7,3,0.0
45273,7,3,0.0
50361,7,3,0.0
58728,7,3,0.0
6807,7,3,0.0
56073,7,3,0.0
48393,7,3,0.0
55435,7,3,0.0
59841,7,3,0.0
60561,7,3,0.0
44329,7,3,0.0
6574,7,3,0.0
46696,7,3,0.0
58721,7,3,0.0
6814,7,3,0.0
58961,7,3,0.0
41689,7,3,0.0
7096,7,3,0.0
7640,7,3,0.0
47245,7,3,0.0
59809,7,3,0.0
60049,7,3,0.0
17982,7,3,0.0
39708,7,3,0.0
47553,7,3,0.0
5694,7,3,0.0
9822,7,3,0.0
40218,7,3,0.0
55713,7,3,0.0
5726,7,3,0.0
25212,7,3,0.0
55608,7,3,0.0
40323,7,3,0.0
25722,7,3,0.0
47448,7,3,0.0
39813,7,3,0.0
28782,7,3,0.0
36753,7,3,0.0
63513,7,3,0.0
63873,7,3,0.0
58209,7,3,0.0
58212,7,3,0.0
49593,7,3,0.0
7323,7,3,0.0
58722,7,3,0.0
41433,7,3,0.0
6813,7,3,0.0
13494,7,3,0.0
16006,7,3,0.0
49529,7,3,0.0
13542,7,3,0.0
51993,7,3,0.0
48273,7,3,0.0
27948,7,3,0.0
37587,7,3,0.0
28452,7,3,0.0
37083,7,3,0.0
27436,7,3,0.0
38099,7,3,0.0
37579,7,3,0.0
31032,7,3,0.0
26412,7,3,0.0
39123,7,3,0.0
58216,7,3,0.0
7319,7,3,0.0
24198,7,3,0.0
41337,7,3,0.0
21206,7,3,0.0
21222,7,3,0.0
44313,7,3,0.0
55953,7,3,0.0
27978,7,3,0.0
37557,7,3,0.0
28482,7,3,0.0
37053,7,3,0.0
38061,7,3,0.0
27466,7,3,0.0
38069,7,3,0.0
31064,7,3,0.0
26442,7,3,0.0
39093,7,3,0.0
17262,7,3,0.0
37308,7,3,0.0
4974,7,3,0.0
9582,7,3,0.0
37338,7,3,0.0
5486,7,3,0.0
54168,7,3,0.0
46488,7,3,0.0
30222,7,3,0.0
35313,7,3,0.0
61833,7,3,0.0
63633,7,3,0.0
58929,7,3,0.0
58932,7,3,0.0
6603,7,3,0.0
58962,7,3,0.0
6573,7,3,0.0
15174,7,3,0.0
14566,7,3,0.0
50969,7,3,0.0
15942,7,3,0.0
25308,7,3,0.0
40227,7,3,0.0
25332,7,3,0.0
40203,7,3,0.0
25276,7,3,0.0
40259,7,3,0.0
39979,7,3,0.0
29592,7,3,0.0
58936,7,3,0.0
6599,7,3,0.0
22758,7,3,0.0
42777,7,3,0.0
23846,7,3,0.0
24102,7,3,0.0
25818,7,3,0.0
39717,7,3,0.0
25842,7,3,0.0
39693,7,3,0.0
39501,7,3,0.0
25786,7,3,0.0
39749,7,3,0.0
30104,7,3,0.0
34471,7,3,0.0
11098,7,3,0.0
42283,7,3,0.0
54437,7,3,0.0
5978,7,3,0.0
59557,7,3,0.0
26791,7,3,0.0
27271,7,3,0.0
9686,7,3,0.0
55849,7,3,0.0
5741,7,3,0.0
11606,7,3,0.0
53929,7,3,0.0
29018,7,3,0.0
42353,7,3,0.0
36517,7,3,0.0
23954,7,3,0.0
22994,7,3,0.0
18874,7,3,0.0
46661,7,3,0.0
19354,7,3,0.0
46181,7,3,0.0
41581,7,3,0.0
42541,7,3,0.0
17334,7,3,0.0
18930,7,3,0.0
20370,7,3,0.0
45165,7,3,0.0
38712,7,3,0.0
26823,7,3,0.0
38754,7,3,0.0
46605,7,3,0.0
48201,7,3,0.0
19254,7,3,0.0
37752,7,3,0.0
27783,7,3,0.0
38514,7,3,0.0
46281,7,3,0.0
55881,7,3,0.0
37467,7,3,0.0
5754,7,3,0.0
54946,7,3,0.0
38354,7,3,0.0
50642,7,3,0.0
11698,7,3,0.0
54674,7,3,0.0
41701,7,3,0.0
34546,7,3,0.0
61829,7,3,0.0
42721,7,3,0.0
21626,7,3,0.0
43909,7,3,0.0
38074,7,3,0.0
27461,7,3,0.0
46166,7,3,0.0
19369,7,3,0.0
30874,7,3,0.0
34661,7,3,0.0
38516,7,3,0.0
23732,7,3,0.0
41803,7,3,0.0
46138,7,3,0.0
19412,7,3,0.0
19397,7,3,0.0
15028,7,3,0.0
50507,7,3,0.0
22714,7,3,0.0
42821,7,3,0.0
40624,7,3,0.0
24911,7,3,0.0
45214,7,3,0.0
20321,7,3,0.0
47764,7,3,0.0
17771,7,3,0.0
46676,7,3,0.0
18859,7,3,0.0
7738,7,3,0.0
57797,7,3,0.0
23582,7,3,0.0
41953,7,3,0.0
7772,7,3,0.0
57763,7,3,0.0
14878,7,3,0.0
50657,7,3,0.0
30812,7,3,0.0
34723,7,3,0.0
30778,7,3,0.0
34757,7,3,0.0
13748,7,3,0.0
44077,7,3,0.0
10589,7,3,0.0
27181,7,3,0.0
22814,7,3,0.0
11578,7,3,0.0
53957,7,3,0.0
14893,7,3,0.0
53837,7,3,0.0
23834,7,3,0.0
10861,7,3,0.0
3706,7,3,0.0
30989,7,3,0.0
62486,7,3,0.0
11446,7,3,0.0
58454,7,3,0.0
58474,7,3,0.0
46249,7,3,0.0
28016,7,3,0.0
37519,7,3,0.0
31004,7,3,0.0
10744,7,3,0.0
54791,7,3,0.0
42610,7,3,0.0
22925,7,3,0.0
27346,7,3,0.0
38189,7,3,0.0
38264,7,3,0.0
44152,7,3,0.0
21383,7,3,0.0
38360,7,3,0.0
27175,7,3,0.0
41938,7,3,0.0
23597,7,3,0.0
43480,7,3,0.0
22055,7,3,0.0
20306,7,3,0.0
45229,7,3,0.0
8024,7,3,0.0
57511,7,3,0.0
3034,7,3,0.0
62501,7,3,0.0
19186,7,3,0.0
46349,7,3,0.0
9716,7,3,0.0
23504,7,3,0.0
42031,7,3,0.0
36769,7,3,0.0
3766,7,3,0.0
61769,7,3,0.0
3049,7,3,0.0
54089,7,3,0.0
7081,7,3,0.0
19286,7,3,0.0
7061,7,3,0.0
34714,7,3,0.0
36250,7,3,0.0
36754,7,3,0.0
42526,7,3,0.0
23009,7,3,0.0
20134,7,3,0.0
45401,7,3,0.0
29350,7,3,0.0
36185,7,3,0.0
62086,7,3,0.0
3449,7,3,0.0
46606,7,3,0.0
18929,7,3,0.0
41686,7,3,0.0
23849,7,3,0.0
10150,7,3,0.0
58469,7,3,0.0
30821,7,3,0.0
25970,7,3,0.0
39565,7,3,0.0
29285,7,3,0.0
28781,7,3,0.0
24168,7,3,0.0
63681,7,3,0.0
60041,7,3,0.0
44062,7,3,0.0
21473,7,3,0.0
45466,7,3,0.0
20069,7,3,0.0
19158,7,3,0.0
46377,7,3,0.0
31002,7,3,0.0
34533,7,3,0.0
41367,7,3,0.0
24983,7,3,0.0
44566,7,3,0.0
27946,7,3,0.0
37589,7,3,0.0
25066,7,3,0.0
40469,7,3,0.0
57802,7,3,0.0
7733,7,3,0.0
34762,7,3,0.0
30773,7,3,0.0
9646,7,3,0.0
22346,7,3,0.0
43189,7,3,0.0
23434,7,3,0.0
42101,7,3,0.0
20954,7,3,0.0
44581,7,3,0.0
54689,7,3,0.0
21686,7,3,0.0
43849,7,3,0.0
20969,7,3,0.0
9714,7,3,0.0
55908,7,3,0.0
9627,7,3,0.0
60549,7,3,0.0
36069,7,3,0.0
58531,7,3,0.0
63621,7,3,0.0
55836,7,3,0.0
58149,7,3,0.0
9699,7,3,0.0
53421,7,3,0.0
55656,7,3,0.0
9879,7,3,0.0
48417,7,3,0.0
21054,7,3,0.0
42804,7,3,0.0
44481,7,3,0.0
6774,7,3,0.0
46374,7,3,0.0
58761,7,3,0.0
15954,7,3,0.0
49581,7,3,0.0
19068,7,3,0.0
58668,7,3,0.0
46467,7,3,0.0
22638,7,3,0.0
44388,7,3,0.0
42897,7,3,0.0
19578,7,3,0.0
45957,7,3,0.0
60453,7,3,0.0
52056,7,3,0.0
13479,7,3,0.0
60801,7,3,0.0
55626,7,3,0.0
35301,7,3,0.0
9909,7,3,0.0
16018,7,3,0.0
49517,7,3,0.0
48261,7,3,0.0
34503,7,3,0.0
31512,7,3,0.0
34023,7,3,0.0
27448,7,3,0.0
38087,7,3,0.0
34531,7,3,0.0
59169,7,3,0.0
52072,7,3,0.0
13463,7,3,0.0
30354,7,3,0.0
35181,7,3,0.0
18138,7,3,0.0
47397,7,3,0.0
59013,7,3,0.0
31074,7,3,0.0
34461,7,3,0.0
31554,7,3,0.0
33981,7,3,0.0
28004,7,3,0.0
27490,7,3,0.0
40552,7,3,0.0
55877,7,3,0.0
9658,7,3,0.0
35557,7,3,0.0
10156,7,3,0.0
13796,7,3,0.0
44209,7,3,0.0
60037,7,3,0.0
12114,7,3,0.0
11482,7,3,0.0
54053,7,3,0.0
19188,7,3,0.0
46347,7,3,0.0
19164,7,3,0.0
46371,7,3,0.0
19132,7,3,0.0
46403,7,3,0.0
46123,7,3,0.0
50349,7,3,0.0
55821,7,3,0.0
55852,7,3,0.0
9683,7,3,0.0
17274,7,3,0.0
34236,7,3,0.0
1914,7,3,0.0
7386,7,3,0.0
6522,7,3,0.0
34278,7,3,0.0
5498,7,3,0.0
23352,7,3,0.0
51108,7,3,0.0
42183,7,3,0.0
24114,7,3,0.0
41421,7,3,0.0
52641,7,3,0.0
23394,7,3,0.0
42141,7,3,0.0
40356,7,3,0.0
20388,7,3,0.0
55878,7,3,0.0
9657,7,3,0.0
30234,7,3,0.0
29978,7,3,0.0
22734,7,3,0.0
42801,7,3,0.0
22702,7,3,0.0
42833,7,3,0.0
23972,7,3,0.0
35431,7,3,0.0
41563,7,3,0.0
54441,7,3,0.0
38187,7,3,0.0
5994,7,3,0.0
40274,7,3,0.0
52562,7,3,0.0
11218,7,3,0.0
55634,7,3,0.0
55906,7,3,0.0
36706,7,3,0.0
63509,7,3,0.0
44641,7,3,0.0
46406,7,3,0.0
19129,7,3,0.0
31114,7,3,0.0
34421,7,3,0.0
38756,7,3,0.0
23492,7,3,0.0
42043,7,3,0.0
45898,7,3,0.0
19892,7,3,0.0
19637,7,3,0.0
15268,7,3,0.0
50267,7,3,0.0
39754,7,3,0.0
25781,7,3,0.0
39904,7,3,0.0
25631,7,3,0.0
47374,7,3,0.0
18161,7,3,0.0
46436,7,3,0.0
19099,7,3,0.0
47524,7,3,0.0
18011,7,3,0.0
5098,7,3,0.0
60437,7,3,0.0
20942,7,3,0.0
44593,7,3,0.0
5612,7,3,0.0
59923,7,3,0.0
12718,7,3,0.0
52817,7,3,0.0
30092,7,3,0.0
35443,7,3,0.0
29578,7,3,0.0
35957,7,3,0.0
15188,7,3,0.0
41677,7,3,0.0
20894,7,3,0.0
25261,7,3,0.0
9178,7,3,0.0
56357,7,3,0.0
12973,7,3,0.0
54317,7,3,0.0
9901,7,3,0.0
9629,7,3,0.0
2026,7,3,0.0
28829,7,3,0.0
61766,7,3,0.0
11206,7,3,0.0
58694,7,3,0.0
58954,7,3,0.0
47689,7,3,0.0
28066,7,3,0.0
37469,7,3,0.0
38744,7,3,0.0
26576,7,3,0.0
38959,7,3,0.0
29084,7,3,0.0
12184,7,3,0.0
53351,7,3,0.0
42850,7,3,0.0
22685,7,3,0.0
42952,7,3,0.0
22583,7,3,0.0
40280,7,3,0.0
25255,7,3,0.0
44338,7,3,0.0
21197,7,3,0.0
44440,7,3,0.0
21095,7,3,0.0
17906,7,3,0.0
47629,7,3,0.0
5624,7,3,0.0
59911,7,3,0.0
3514,7,3,0.0
62021,7,3,0.0
23984,7,3,0.0
41551,7,3,0.0
20386,7,3,0.0
45149,7,3,0.0
12116,7,3,0.0
35569,7,3,0.0
17846,7,3,0.0
3046,7,3,0.0
62489,7,3,0.0
3769,7,3,0.0
54329,7,3,0.0
6841,7,3,0.0
6581,7,3,0.0
22248,7,3,0.0
64641,7,3,0.0
59561,7,3,0.0
41422,7,3,0.0
24113,7,3,0.0
35314,7,3,0.0
30221,7,3,0.0
47386,7,3,0.0
18149,7,3,0.0
44326,7,3,0.0
21209,7,3,0.0
19878,7,3,0.0
45657,7,3,0.0
29082,7,3,0.0
36453,7,3,0.0
43287,7,3,0.0
26903,7,3,0.0
35194,7,3,0.0
35290,7,3,0.0
41326,7,3,0.0
24209,7,3,0.0
19174,7,3,0.0
46361,7,3,0.0
31270,7,3,0.0
34265,7,3,0.0
63526,7,3,0.0
2009,7,3,0.0
45166,7,3,0.0
20369,7,3,0.0
10870,7,3,0.0
58949,7,3,0.0
30341,7,3,0.0
26450,7,3,0.0
39085,7,3,0.0
30245,7,3,0.0
41446,7,3,0.0
25306,7,3,0.0
40229,7,3,0.0
28186,7,3,0.0
37349,7,3,0.0
60442,7,3,0.0
5093,7,3,0.0
35962,7,3,0.0
29573,7,3,0.0
10846,7,3,0.0
55889,7,3,0.0
23366,7,3,0.0
42169,7,3,0.0
24089,7,3,0.0
59971,7,3,0.0
50616,7,3,0.0
51741,7,3,0.0
14919,7,3,0.0
53676,7,3,0.0
57909,7,3,0.0
11859,7,3,0.0
54948,7,3,0.0
10587,7,3,0.0
59589,7,3,0.0
36549,7,3,0.0
54936,7,3,0.0
10599,7,3,0.0
45777,7,3,0.0
47301,7,3,0.0
14818,7,3,0.0
50717,7,3,0.0
35943,7,3,0.0
29112,7,3,0.0
36423,7,3,0.0
25528,7,3,0.0
40007,7,3,0.0
36451,7,3,0.0
57969,7,3,0.0
50872,7,3,0.0
14663,7,3,0.0
21294,7,3,0.0
41844,7,3,0.0
44241,7,3,0.0
6054,7,3,0.0
45654,7,3,0.0
59481,7,3,0.0
13794,7,3,0.0
18348,7,3,0.0
57948,7,3,0.0
47187,7,3,0.0
22158,7,3,0.0
42708,7,3,0.0
43377,7,3,0.0
18378,7,3,0.0
47157,7,3,0.0
58053,7,3,0.0
59601,7,3,0.0
54426,7,3,0.0
36501,7,3,0.0
11109,7,3,0.0
38632,7,3,0.0
19818,7,3,0.0
45717,7,3,0.0
59493,7,3,0.0
29874,7,3,0.0
35661,7,3,0.0
26324,7,3,0.0
26290,7,3,0.0
11722,7,3,0.0
53813,7,3,0.0
45147,7,3,0.0
19884,7,3,0.0
45651,7,3,0.0
19372,7,3,0.0
46163,7,3,0.0
45643,7,3,0.0
51789,7,3,0.0
53932,7,3,0.0
11603,7,3,0.0
18234,7,3,0.0
35676,7,3,0.0
7626,7,3,0.0
6042,7,3,0.0
36438,7,3,0.0
21432,7,3,0.0
51828,7,3,0.0
44103,7,3,0.0
21474,7,3,0.0
44061,7,3,0.0
51921,7,3,0.0
22194,7,3,0.0
43341,7,3,0.0
39636,7,3,0.0
54438,7,3,0.0
11097,7,3,0.0
29034,7,3,0.0
23694,7,3,0.0
41841,7,3,0.0
23252,7,3,0.0
23182,7,3,0.0
10876,7,3,0.0
15956,7,3,0.0
43969,7,3,0.0
59497,7,3,0.0
26857,7,3,0.0
59017,7,3,0.0
28297,7,3,0.0
55969,7,3,0.0
31393,7,3,0.0
47147,7,3,0.0
59939,7,3,0.0
57899,7,3,0.0
58154,7,3,0.0
45707,7,3,0.0
58019,7,3,0.0
57914,7,3,0.0
59531,7,3,0.0
44075,7,3,0.0
51755,7,3,0.0
59915,7,3,0.0
52010,7,3,0.0
36515,7,3,0.0
51851,7,3,0.0
51758,7,3,0.0
59555,7,3,0.0
41675,7,3,0.0
49835,7,3,0.0
57515,7,3,0.0
49850,7,3,0.0
35555,7,3,0.0
51371,7,3,0.0
49838,7,3,0.0
60035,7,3,0.0
55505,7,3,0.0
56705,7,3,0.0
55373,7,3,0.0
54413,7,3,0.0
11506,7,3,0.0
54029,7,3,0.0
12226,7,3,0.0
53309,7,3,0.0
42190,7,3,0.0
47281,7,3,0.0
44110,7,3,0.0
48001,7,3,0.0
18094,7,3,0.0
47441,7,3,0.0
19054,7,3,0.0
46481,7,3,0.0
17396,7,3,0.0
48139,7,3,0.0
20276,7,3,0.0
45259,7,3,0.0
58565,7,3,0.0
62849,7,3,0.0
58481,7,3,0.0
54449,7,3,0.0
14542,7,3,0.0
50993,7,3,0.0
15298,7,3,0.0
50237,7,3,0.0
39154,7,3,0.0
44173,7,3,0.0
47218,7,3,0.0
44929,7,3,0.0
21178,7,3,0.0
44357,7,3,0.0
25210,7,3,0.0
40325,7,3,0.0
17372,7,3,0.0
48163,7,3,0.0
29468,7,3,0.0
36067,7,3,0.0
60485,7,3,0.0
63569,7,3,0.0
59201,7,3,0.0
56129,7,3,0.0
15502,7,3,0.0
50033,7,3,0.0
15538,7,3,0.0
49997,7,3,0.0
40834,7,3,0.0
43213,7,3,0.0
46978,7,3,0.0
43249,7,3,0.0
23338,7,3,0.0
42197,7,3,0.0
26410,7,3,0.0
39125,7,3,0.0
19772,7,3,0.0
45763,7,3,0.0
28988,7,3,0.0
36547,7,3,0.0
38174,7,3,0.0
38198,7,3,0.0
38286,7,3,0.0
38257,7,3,0.0
26741,7,3,0.0
38322,7,3,0.0
38221,7,3,0.0
26717,7,3,0.0
29514,7,3,0.0
20322,7,3,0.0
38222,7,3,0.0
45418,7,3,0.0
20117,7,3,0.0
38258,7,3,0.0
36202,7,3,0.0
29333,7,3,0.0
15976,7,3,0.0
49559,7,3,0.0
37949,7,3,0.0
23334,7,3,0.0
42201,7,3,0.0
27554,7,3,0.0
37981,7,3,0.0
26394,7,3,0.0
39141,7,3,0.0
27530,7,3,0.0
38005,7,3,0.0
19881,7,3,0.0
29097,7,3,0.0
9886,7,3,0.0
55649,7,3,0.0
37606,7,3,0.0
27929,7,3,0.0
6838,7,3,0.0
58697,7,3,0.0
34522,7,3,0.0
31013,7,3,0.0
43378,7,3,0.0
36182,7,3,0.0
29353,7,3,0.0
43342,7,3,0.0
45398,7,3,0.0
20137,7,3,0.0
34646,7,3,0.0
30889,7,3,0.0
37718,7,3,0.0
27817,7,3,0.0
18162,7,3,0.0
47373,7,3,0.0
21198,7,3,0.0
44337,7,3,0.0
5756,7,3,0.0
48169,7,3,0.0
1916,7,3,0.0
63619,7,3,0.0
4988,7,3,0.0
60547,7,3,0.0
5783,7,3,0.0
27361,7,3,0.0
27337,7,3,0.0
27249,7,3,0.0
27278,7,3,0.0
39814,7,3,0.0
25721,7,3,0.0
27213,7,3,0.0
27314,7,3,0.0
42898,7,3,0.0
22637,7,3,0.0
36021,7,3,0.0
45213,7,3,0.0
27313,7,3,0.0
27277,7,3,0.0
37214,7,3,0.0
39006,7,3,0.0
38737,7,3,0.0
26501,7,3,0.0
25997,7,3,0.0
39762,7,3,0.0
29754,7,3,0.0
37982,7,3,0.0
46618,7,3,0.0
18917,7,3,0.0
38738,7,3,0.0
14056,7,3,0.0
51479,7,3,0.0
37709,7,3,0.0
21174,7,3,0.0
44361,7,3,0.0
24954,7,3,0.0
40581,7,3,0.0
26810,7,3,0.0
38725,7,3,0.0
19161,7,3,0.0
31257,7,3,0.0
10606,7,3,0.0
54929,7,3,0.0
40486,7,3,0.0
25049,7,3,0.0
7078,7,3,0.0
58457,7,3,0.0
34262,7,3,0.0
31273,7,3,0.0
42142,7,3,0.0
46358,7,3,0.0
19177,7,3,0.0
34166,7,3,0.0
31369,7,3,0.0
23598,7,3,0.0
41937,7,3,0.0
5996,7,3,0.0
45769,7,3,0.0
5948,7,3,0.0
59587,7,3,0.0
6503,7,3,0.0
28321,7,3,0.0
26529,7,3,0.0
26798,7,3,0.0
39094,7,3,0.0
26441,7,3,0.0
22157,7,3,0.0
25773,7,3,0.0
35781,7,3,0.0
27553,7,3,0.0
26797,7,3,0.0
23441,7,3,0.0
42102,7,3,0.0
22961,7,3,0.0
42822,7,3,0.0
38006,7,3,0.0
38726,7,3,0.0
7912,7,3,0.0
57623,7,3,0.0
34673,7,3,0.0
18078,7,3,0.0
47457,7,3,0.0
18798,7,3,0.0
46737,7,3,0.0
25317,7,3,0.0
28197,7,3,0.0
10618,7,3,0.0
54917,7,3,0.0
10138,7,3,0.0
55397,7,3,0.0
37334,7,3,0.0
28201,7,3,0.0
40214,7,3,0.0
25321,7,3,0.0
6008,7,3,0.0
36577,7,3,0.0
9563,7,3,0.0
23393,7,3,0.0
23433,7,3,0.0
22193,7,3,0.0
22713,7,3,0.0
27529,7,3,0.0
26809,7,3,0.0
49579,7,3,0.0
43804,7,3,0.0
58196,7,3,0.0
7339,7,3,0.0
43828,7,3,0.0
52052,7,3,0.0
13483,7,3,0.0
60289,7,3,0.0
14510,7,3,0.0
51025,7,3,0.0
11450,7,3,0.0
54085,7,3,0.0
51739,7,3,0.0
41404,7,3,0.0
58676,7,3,0.0
6859,7,3,0.0
41908,7,3,0.0
50612,7,3,0.0
14923,7,3,0.0
59569,7,3,0.0
14990,7,3,0.0
50545,7,3,0.0
11210,7,3,0.0
54325,7,3,0.0
57895,7,3,0.0
35260,7,3,0.0
55580,7,3,0.0
9955,7,3,0.0
35740,7,3,0.0
53660,7,3,0.0
11875,7,3,0.0
59533,7,3,0.0
11954,7,3,0.0
53581,7,3,0.0
11234,7,3,0.0
54301,7,3,0.0
47404,7,3,0.0
63558,7,3,0.0
1977,7,3,0.0
54086,7,3,0.0
11449,7,3,0.0
47472,7,3,0.0
18374,7,3,0.0
40244,7,3,0.0
40266,7,3,0.0
46434,7,3,0.0
19101,7,3,0.0
48226,7,3,0.0
17309,7,3,0.0
31842,7,3,0.0
33693,7,3,0.0
25291,7,3,0.0
25269,7,3,0.0
17381,7,3,0.0
30146,7,3,0.0
23778,7,3,0.0
41757,7,3,0.0
49781,7,3,0.0
11386,7,3,0.0
54149,7,3,0.0
31906,7,3,0.0
33629,7,3,0.0
59956,7,3,0.0
5579,7,3,0.0
13707,7,3,0.0
41596,7,3,0.0
23939,7,3,0.0
23691,7,3,0.0
44146,7,3,0.0
21389,7,3,0.0
44148,7,3,0.0
21387,7,3,0.0
40833,7,3,0.0
31332,7,3,0.0
34203,7,3,0.0
30372,7,3,0.0
35163,7,3,0.0
48154,7,3,0.0
21731,7,3,0.0
15754,7,3,0.0
35389,7,3,0.0
57955,7,3,0.0
33653,7,3,0.0
31882,7,3,0.0
45724,7,3,0.0
62598,7,3,0.0
2937,7,3,0.0
54326,7,3,0.0
11209,7,3,0.0
46992,7,3,0.0
19574,7,3,0.0
37844,7,3,0.0
38106,7,3,0.0
46674,7,3,0.0
18861,7,3,0.0
46786,7,3,0.0
18749,7,3,0.0
30402,7,3,0.0
35133,7,3,0.0
27691,7,3,0.0
27429,7,3,0.0
31826,7,3,0.0
24258,7,3,0.0
41277,7,3,0.0
50981,7,3,0.0
20021,7,3,0.0
31426,7,3,0.0
34109,7,3,0.0
58276,7,3,0.0
7259,7,3,0.0
14427,7,3,0.0
42796,7,3,0.0
22739,7,3,0.0
22731,7,3,0.0
42946,7,3,0.0
22589,7,3,0.0
42948,7,3,0.0
22587,7,3,0.0
10186,7,3,0.0
55349,7,3,0.0
39153,7,3,0.0
24131,7,3,0.0
14554,7,3,0.0
33709,7,3,0.0
58915,7,3,0.0
45514,7,3,0.0
34613,7,3,0.0
30922,7,3,0.0
59752,7,3,0.0
54884,7,3,0.0
46690,7,3,0.0
18845,7,3,0.0
34414,7,3,0.0
31121,7,3,0.0
35230,7,3,0.0
55700,7,3,0.0
30305,7,3,0.0
47506,7,3,0.0
18029,7,3,0.0
26866,7,3,0.0
38669,7,3,0.0
28546,7,3,0.0
36989,7,3,0.0
59800,7,3,0.0
5735,7,3,0.0
10651,7,3,0.0
42094,7,3,0.0
42574,7,3,0.0
59032,7,3,0.0
44344,7,3,0.0
60498,7,3,0.0
5037,7,3,0.0
51026,7,3,0.0
14509,7,3,0.0
44364,7,3,0.0
21458,7,3,0.0
46364,7,3,0.0
31818,7,3,0.0
33717,7,3,0.0
48202,7,3,0.0
17333,7,3,0.0
19171,7,3,0.0
17369,7,3,0.0
24002,7,3,0.0
29898,7,3,0.0
35637,7,3,0.0
49757,7,3,0.0
14446,7,3,0.0
51089,7,3,0.0
59932,7,3,0.0
5603,7,3,0.0
7587,7,3,0.0
35452,7,3,0.0
30083,7,3,0.0
29859,7,3,0.0
47182,7,3,0.0
18353,7,3,0.0
47196,7,3,0.0
18339,7,3,0.0
46977,7,3,0.0
28248,7,3,0.0
37287,7,3,0.0
24216,7,3,0.0
41319,7,3,0.0
48166,7,3,0.0
21707,7,3,0.0
15778,7,3,0.0
41533,7,3,0.0
51787,7,3,0.0
36532,7,3,0.0
56466,7,3,0.0
9069,7,3,0.0
54302,7,3,0.0
11233,7,3,0.0
40836,7,3,0.0
28766,7,3,0.0
34772,7,3,0.0
38118,7,3,0.0
40518,7,3,0.0
25017,7,3,0.0
40642,7,3,0.0
24893,7,3,0.0
30763,7,3,0.0
27417,7,3,0.0
31814,7,3,0.0
54041,7,3,0.0
29213,7,3,0.0
28354,7,3,0.0
37181,7,3,0.0
52120,7,3,0.0
13415,7,3,0.0
11367,7,3,0.0
39736,7,3,0.0
25799,7,3,0.0
25827,7,3,0.0
39874,7,3,0.0
25661,7,3,0.0
39888,7,3,0.0
25647,7,3,0.0
7138,7,3,0.0
58397,7,3,0.0
42189,7,3,0.0
30275,7,3,0.0
11494,7,3,0.0
33721,7,3,0.0
55819,7,3,0.0
36322,7,3,0.0
37661,7,3,0.0
27874,7,3,0.0
54872,7,3,0.0
40522,7,3,0.0
25013,7,3,0.0
37498,7,3,0.0
28037,7,3,0.0
41398,7,3,0.0
58772,7,3,0.0
24137,7,3,0.0
44422,7,3,0.0
21113,7,3,0.0
26830,7,3,0.0
38705,7,3,0.0
31618,7,3,0.0
33917,7,3,0.0
59812,7,3,0.0
5723,7,3,0.0
10663,7,3,0.0
39034,7,3,0.0
39538,7,3,0.0
55972,7,3,0.0
41944,7,3,0.0
58818,7,3,0.0
6717,7,3,0.0
50546,7,3,0.0
14989,7,3,0.0
42204,7,3,0.0
23858,7,3,0.0
45404,7,3,0.0
46282,7,3,0.0
19253,7,3,0.0
20131,7,3,0.0
19769,7,3,0.0
23762,7,3,0.0
50477,7,3,0.0
13966,7,3,0.0
51569,7,3,0.0
57772,7,3,0.0
7763,7,3,0.0
6867,7,3,0.0
34732,7,3,0.0
30803,7,3,0.0
31299,7,3,0.0
46222,7,3,0.0
19313,7,3,0.0
46476,7,3,0.0
19059,7,3,0.0
47217,7,3,0.0
26088,7,3,0.0
39447,7,3,0.0
23016,7,3,0.0
42519,7,3,0.0
45766,7,3,0.0
23627,7,3,0.0
15058,7,3,0.0
41773,7,3,0.0
50347,7,3,0.0
35812,7,3,0.0
55746,7,3,0.0
9789,7,3,0.0
53582,7,3,0.0
11953,7,3,0.0
39156,7,3,0.0
29966,7,3,0.0
36212,7,3,0.0
40162,7,3,0.0
25373,7,3,0.0
29323,7,3,0.0
29894,7,3,0.0
53561,7,3,0.0
28973,7,3,0.0
51640,7,3,0.0
13895,7,3,0.0
9927,7,3,0.0
37816,7,3,0.0
27719,7,3,0.0
28227,7,3,0.0
40114,7,3,0.0
25421,7,3,0.0
40368,7,3,0.0
25167,7,3,0.0
7858,7,3,0.0
57677,7,3,0.0
44109,7,3,0.0
29795,7,3,0.0
11974,7,3,0.0
35641,7,3,0.0
53419,7,3,0.0
36562,7,3,0.0
54632,7,3,0.0
38122,7,3,0.0
27413,7,3,0.0
38698,7,3,0.0
26837,7,3,0.0
43798,7,3,0.0
59732,7,3,0.0
21737,7,3,0.0
43222,7,3,0.0
22313,7,3,0.0
27790,7,3,0.0
37745,7,3,0.0
30898,7,3,0.0
34637,7,3,0.0
60052,7,3,0.0
5483,7,3,0.0
10903,7,3,0.0
38794,7,3,0.0
38818,7,3,0.0
5739,7,3,0.0
15252,7,3,0.0
14772,7,3,0.0
10716,7,3,0.0
54819,7,3,0.0
11676,7,3,0.0
53859,7,3,0.0
50283,7,3,0.0
50763,7,3,0.0
12180,7,3,0.0
10740,7,3,0.0
54795,7,3,0.0
53355,7,3,0.0
46788,7,3,0.0
37812,7,3,0.0
45972,7,3,0.0
50403,7,3,0.0
34548,7,3,0.0
61827,7,3,0.0
50913,7,3,0.0
12924,7,3,0.0
52611,7,3,0.0
37596,7,3,0.0
27939,7,3,0.0
53814,7,3,0.0
11721,7,3,0.0
30876,7,3,0.0
34659,7,3,0.0
53852,7,3,0.0
11683,7,3,0.0
14556,7,3,0.0
50979,7,3,0.0
40656,7,3,0.0
24879,7,3,0.0
53406,7,3,0.0
12129,7,3,0.0
54834,7,3,0.0
10701,7,3,0.0
18747,7,3,0.0
27723,7,3,0.0
14622,7,3,0.0
19292,7,3,0.0
46243,7,3,0.0
15132,7,3,0.0
19563,7,3,0.0
3708,7,3,0.0
30987,7,3,0.0
34716,7,3,0.0
36756,7,3,0.0
53451,7,3,0.0
53961,7,3,0.0
50718,7,3,0.0
14817,7,3,0.0
27828,7,3,0.0
37707,7,3,0.0
50804,7,3,0.0
14731,7,3,0.0
11508,7,3,0.0
54027,7,3,0.0
54798,7,3,0.0
10737,7,3,0.0
50358,7,3,0.0
15177,7,3,0.0
30819,7,3,0.0
11574,7,3,0.0
25460,7,3,0.0
40075,7,3,0.0
12084,7,3,0.0
28779,7,3,0.0
63649,7,3,0.0
60553,7,3,0.0
51742,7,3,0.0
13793,7,3,0.0
57910,7,3,0.0
7625,7,3,0.0
61974,7,3,0.0
57964,7,3,0.0
27504,7,3,0.0
38031,7,3,0.0
18936,7,3,0.0
46599,7,3,0.0
51832,7,3,0.0
13703,7,3,0.0
7992,7,3,0.0
57543,7,3,0.0
3516,7,3,0.0
62019,7,3,0.0
17394,7,3,0.0
15792,7,3,0.0
49743,7,3,0.0
36801,7,3,0.0
3798,7,3,0.0
61737,7,3,0.0
3561,7,3,0.0
7571,7,3,0.0
52758,7,3,0.0
27468,7,3,0.0
38067,7,3,0.0
25068,7,3,0.0
40467,7,3,0.0
17358,7,3,0.0
14124,7,3,0.0
51411,7,3,0.0
15756,7,3,0.0
49779,7,3,0.0
12732,7,3,0.0
52803,7,3,0.0
46017,7,3,0.0
13014,7,3,0.0
52521,7,3,0.0
12777,7,3,0.0
13406,7,3,0.0
52129,7,3,0.0
7286,7,3,0.0
58249,7,3,0.0
24116,7,3,0.0
41419,7,3,0.0
58186,7,3,0.0
52066,7,3,0.0
21191,7,3,0.0
35299,7,3,0.0
18131,7,3,0.0
24212,7,3,0.0
41323,7,3,0.0
55939,7,3,0.0
32024,7,3,0.0
33511,7,3,0.0
27992,7,3,0.0
37543,7,3,0.0
58691,7,3,0.0
44392,7,3,0.0
21143,7,3,0.0
30356,7,3,0.0
35179,7,3,0.0
59011,7,3,0.0
31076,7,3,0.0
34459,7,3,0.0
32036,7,3,0.0
33499,7,3,0.0
55619,7,3,0.0
47464,7,3,0.0
18071,7,3,0.0
30236,7,3,0.0
54659,7,3,0.0
6844,7,3,0.0
9596,7,3,0.0
33754,7,3,0.0
9916,7,3,0.0
6524,7,3,0.0
33766,7,3,0.0
15704,7,3,0.0
49831,7,3,0.0
15716,7,3,0.0
49819,7,3,0.0
39732,7,3,0.0
47412,7,3,0.0
48228,7,3,0.0
36708,7,3,0.0
63507,7,3,0.0
52833,7,3,0.0
54054,7,3,0.0
11481,7,3,0.0
31116,7,3,0.0
34419,7,3,0.0
54572,7,3,0.0
10963,7,3,0.0
40236,7,3,0.0
25299,7,3,0.0
40416,7,3,0.0
25119,7,3,0.0
55566,7,3,0.0
9969,7,3,0.0
54114,7,3,0.0
11421,7,3,0.0
12702,7,3,0.0
25803,7,3,0.0
17852,7,3,0.0
47683,7,3,0.0
18123,7,3,0.0
17307,7,3,0.0
2028,7,3,0.0
28827,7,3,0.0
37947,7,3,0.0
51044,7,3,0.0
53307,7,3,0.0
64129,7,3,0.0
59593,7,3,0.0
9174,7,3,0.0
56361,7,3,0.0
49582,7,3,0.0
15953,7,3,0.0
58150,7,3,0.0
7385,7,3,0.0
35316,7,3,0.0
30219,7,3,0.0
9204,7,3,0.0
56331,7,3,0.0
52038,7,3,0.0
13497,7,3,0.0
27588,7,3,0.0
14491,7,3,0.0
12228,7,3,0.0
35196,7,3,0.0
49518,7,3,0.0
16017,7,3,0.0
53358,7,3,0.0
12177,7,3,0.0
30339,7,3,0.0
26420,7,3,0.0
39115,7,3,0.0
61734,7,3,0.0
58924,7,3,0.0
26544,7,3,0.0
38991,7,3,0.0
20376,7,3,0.0
45159,7,3,0.0
51112,7,3,0.0
14423,7,3,0.0
5112,7,3,0.0
60423,7,3,0.0
3036,7,3,0.0
62499,7,3,0.0
15312,7,3,0.0
50223,7,3,0.0
20274,7,3,0.0
36081,7,3,0.0
3558,7,3,0.0
61977,7,3,0.0
3801,7,3,0.0
6611,7,3,0.0
49638,7,3,0.0
25788,7,3,0.0
39747,7,3,0.0
28188,7,3,0.0
37347,7,3,0.0
19518,7,3,0.0
48177,7,3,0.0
15654,7,3,0.0
49881,7,3,0.0
15897,7,3,0.0
55459,7,3,0.0
23012,7,3,0.0
42523,7,3,0.0
29144,7,3,0.0
36391,7,3,0.0
26072,7,3,0.0
39463,7,3,0.0
44059,7,3,0.0
23591,7,3,0.0
58451,7,3,0.0
42712,7,3,0.0
22823,7,3,0.0
13646,7,3,0.0
51889,7,3,0.0
6086,7,3,0.0
59449,7,3,0.0
21476,7,3,0.0
58426,7,3,0.0
50866,7,3,0.0
36499,7,3,0.0
19811,7,3,0.0
59491,7,3,0.0
29396,7,3,0.0
36139,7,3,0.0
54419,7,3,0.0
46744,7,3,0.0
18791,7,3,0.0
29036,7,3,0.0
7084,7,3,0.0
10076,7,3,0.0
36154,7,3,0.0
55379,7,3,0.0
11116,7,3,0.0
6044,7,3,0.0
36406,7,3,0.0
13784,7,3,0.0
51751,7,3,0.0
14036,7,3,0.0
51499,7,3,0.0
48321,7,3,0.0
31937,7,3,0.0
58445,7,3,0.0
58700,7,3,0.0
58460,7,3,0.0
60429,7,3,0.0
57549,7,3,0.0
9934,7,3,0.0
55601,7,3,0.0
11374,7,3,0.0
54161,7,3,0.0
37774,7,3,0.0
26739,7,3,0.0
37662,7,3,0.0
37675,7,3,0.0
26683,7,3,0.0
29996,7,3,0.0
37678,7,3,0.0
53612,7,3,0.0
11923,7,3,0.0
37748,7,3,0.0
35692,7,3,0.0
29843,7,3,0.0
12132,7,3,0.0
15686,7,3,0.0
49849,7,3,0.0
28100,7,3,0.0
37435,7,3,0.0
26396,7,3,0.0
39139,7,3,0.0
28044,7,3,0.0
37491,7,3,0.0
62337,7,3,0.0
29129,7,3,0.0
7382,7,3,0.0
58153,7,3,0.0
34492,7,3,0.0
31043,7,3,0.0
51572,7,3,0.0
35638,7,3,0.0
29897,7,3,0.0
34614,7,3,0.0
30921,7,3,0.0
51502,7,3,0.0
53558,7,3,0.0
11977,7,3,0.0
9972,7,3,0.0
55563,7,3,0.0
13486,7,3,0.0
52049,7,3,0.0
13532,7,3,0.0
52003,7,3,0.0
27761,7,3,0.0
40326,7,3,0.0
25209,7,3,0.0
27873,7,3,0.0
55172,7,3,0.0
27860,7,3,0.0
51092,7,3,0.0
14443,7,3,0.0
35539,7,3,0.0
27857,7,3,0.0
27787,7,3,0.0
53403,7,3,0.0
38974,7,3,0.0
26499,7,3,0.0
37182,7,3,0.0
25483,7,3,0.0
29276,7,3,0.0
37438,7,3,0.0
54812,7,3,0.0
10723,7,3,0.0
38708,7,3,0.0
13526,7,3,0.0
52009,7,3,0.0
24956,7,3,0.0
40579,7,3,0.0
26844,7,3,0.0
38691,7,3,0.0
63537,7,3,0.0
31769,7,3,0.0
7622,7,3,0.0
57913,7,3,0.0
33718,7,3,0.0
31817,7,3,0.0
33654,7,3,0.0
31881,7,3,0.0
49822,7,3,0.0
54038,7,3,0.0
11497,7,3,0.0
14926,7,3,0.0
50609,7,3,0.0
15692,7,3,0.0
49843,7,3,0.0
26561,7,3,0.0
39126,7,3,0.0
26409,7,3,0.0
28353,7,3,0.0
55412,7,3,0.0
13963,7,3,0.0
36259,7,3,0.0
28097,7,3,0.0
26827,7,3,0.0
53121,7,3,0.0
25724,7,3,0.0
39811,7,3,0.0
51441,7,3,0.0
26444,7,3,0.0
39091,7,3,0.0
15761,7,3,0.0
49782,7,3,0.0
14801,7,3,0.0
50982,7,3,0.0
37494,7,3,0.0
38694,7,3,0.0
18812,7,3,0.0
46723,7,3,0.0
18332,7,3,0.0
47203,7,3,0.0
37302,7,3,0.0
28233,7,3,0.0
39702,7,3,0.0
25833,7,3,0.0
17213,7,3,0.0
15713,7,3,0.0
15753,7,3,0.0
14033,7,3,0.0
14553,7,3,0.0
28041,7,3,0.0
26841,7,3,0.0
55664,7,3,0.0
39724,7,3,0.0
54116,7,3,0.0
11419,7,3,0.0
52506,7,3,0.0
58674,7,3,0.0
6861,7,3,0.0
45595,7,3,0.0
25811,7,3,0.0
42099,7,3,0.0
29604,7,3,0.0
15076,7,3,0.0
50459,7,3,0.0
31428,7,3,0.0
34107,7,3,0.0
50298,7,3,0.0
15237,7,3,0.0
51826,7,3,0.0
13709,7,3,0.0
13029,7,3,0.0
35931,7,3,0.0
23436,7,3,0.0
34163,7,3,0.0
31372,7,3,0.0
55184,7,3,0.0
37564,7,3,0.0
54836,7,3,0.0
10699,7,3,0.0
49626,7,3,0.0
58194,7,3,0.0
7341,7,3,0.0
45355,7,3,0.0
27971,7,3,0.0
42819,7,3,0.0
31284,7,3,0.0
16036,7,3,0.0
49499,7,3,0.0
31908,7,3,0.0
33627,7,3,0.0
51018,7,3,0.0
14517,7,3,0.0
51106,7,3,0.0
14429,7,3,0.0
15909,7,3,0.0
34251,7,3,0.0
22716,7,3,0.0
34643,7,3,0.0
30892,7,3,0.0
9835,7,3,0.0
26868,7,3,0.0
38667,7,3,0.0
28548,7,3,0.0
36987,7,3,0.0
58439,7,3,0.0
49774,7,3,0.0
50734,7,3,0.0
20180,7,3,0.0
19940,7,3,0.0
31276,7,3,0.0
34259,7,3,0.0
54042,7,3,0.0
11493,7,3,0.0
29356,7,3,0.0
36179,7,3,0.0
55342,7,3,0.0
10193,7,3,0.0
55354,7,3,0.0
10181,7,3,0.0
7109,7,3,0.0
29381,7,3,0.0
28216,7,3,0.0
37319,7,3,0.0
55169,7,3,0.0
16024,7,3,0.0
49511,7,3,0.0
40492,7,3,0.0
25043,7,3,0.0
38012,7,3,0.0
27523,7,3,0.0
46648,7,3,0.0
49622,7,3,0.0
58258,7,3,0.0
15913,7,3,0.0
52102,7,3,0.0
13433,7,3,0.0
32132,7,3,0.0
33403,7,3,0.0
59842,7,3,0.0
5693,7,3,0.0
18887,7,3,0.0
39036,7,3,0.0
40052,7,3,0.0
45598,7,3,0.0
19937,7,3,0.0
28734,7,3,0.0
34738,7,3,0.0
40612,7,3,0.0
24923,7,3,0.0
30797,7,3,0.0
29723,7,3,0.0
28324,7,3,0.0
37211,7,3,0.0
19047,7,3,0.0
25179,7,3,0.0
7652,7,3,0.0
57883,7,3,0.0
48141,7,3,0.0
38171,7,3,0.0
27364,7,3,0.0
48322,7,3,0.0
53562,7,3,0.0
11973,7,3,0.0
53902,7,3,0.0
11633,7,3,0.0
54154,7,3,0.0
11381,7,3,0.0
7349,7,3,0.0
31781,7,3,0.0
25576,7,3,0.0
39959,7,3,0.0
55409,7,3,0.0
14824,7,3,0.0
50711,7,3,0.0
37612,7,3,0.0
27923,7,3,0.0
45928,7,3,0.0
38732,7,3,0.0
26803,7,3,0.0
52502,7,3,0.0
59698,7,3,0.0
13033,7,3,0.0
51382,7,3,0.0
14153,7,3,0.0
30932,7,3,0.0
34603,7,3,0.0
60562,7,3,0.0
4973,7,3,0.0
19607,7,3,0.0
38796,7,3,0.0
38852,7,3,0.0
45358,7,3,0.0
20177,7,3,0.0
29454,7,3,0.0
35698,7,3,0.0
39652,7,3,0.0
25883,7,3,0.0
29837,7,3,0.0
29003,7,3,0.0
18087,7,3,0.0
25899,7,3,0.0
7892,7,3,0.0
57643,7,3,0.0
45261,7,3,0.0
54584,7,3,0.0
37935,7,3,0.0
54104,7,3,0.0
37455,7,3,0.0
45912,7,3,0.0
46392,7,3,0.0
61057,7,3,0.0
59617,7,3,0.0
3030,7,3,0.0
62505,7,3,0.0
49594,7,3,0.0
15941,7,3,0.0
51994,7,3,0.0
13541,7,3,0.0
3510,7,3,0.0
62025,7,3,0.0
41436,7,3,0.0
24099,7,3,0.0
44316,7,3,0.0
21219,7,3,0.0
28080,7,3,0.0
27600,7,3,0.0
10951,7,3,0.0
11431,7,3,0.0
19623,7,3,0.0
19143,7,3,0.0
42780,7,3,0.0
48216,7,3,0.0
50970,7,3,0.0
14565,7,3,0.0
46536,7,3,0.0
18999,7,3,0.0
22755,7,3,0.0
20924,7,3,0.0
44611,7,3,0.0
17319,7,3,0.0
41340,7,3,0.0
49530,7,3,0.0
16005,7,3,0.0
24195,7,3,0.0
23324,7,3,0.0
42211,7,3,0.0
55864,7,3,0.0
54184,7,3,0.0
11351,7,3,0.0
12762,7,3,0.0
52773,7,3,0.0
9671,7,3,0.0
15642,7,3,0.0
49893,7,3,0.0
58507,7,3,0.0
47143,7,3,0.0
55367,7,3,0.0
59467,7,3,0.0
45703,7,3,0.0
54407,7,3,0.0
7538,7,3,0.0
57997,7,3,0.0
6098,7,3,0.0
59437,7,3,0.0
18392,7,3,0.0
19832,7,3,0.0
10168,7,3,0.0
7028,7,3,0.0
11128,7,3,0.0
6068,7,3,0.0
26703,7,3,0.0
26671,7,3,0.0
34618,7,3,0.0
50552,7,3,0.0
14983,7,3,0.0
23864,7,3,0.0
34652,7,3,0.0
41848,7,3,0.0
23687,7,3,0.0
15192,7,3,0.0
15698,7,3,0.0
49837,7,3,0.0
31184,7,3,0.0
34351,7,3,0.0
23348,7,3,0.0
42187,7,3,0.0
31152,7,3,0.0
34383,7,3,0.0
57692,7,3,0.0
41758,7,3,0.0
23777,7,3,0.0
57658,7,3,0.0
50462,7,3,0.0
15073,7,3,0.0
6876,7,3,0.0
58659,7,3,0.0
7354,7,3,0.0
58181,7,3,0.0
7412,7,3,0.0
58123,7,3,0.0
6898,7,3,0.0
58637,7,3,0.0
46482,7,3,0.0
19053,7,3,0.0
54164,7,3,0.0
11371,7,3,0.0
30917,7,3,0.0
41671,7,3,0.0
30883,7,3,0.0
50343,7,3,0.0
14458,7,3,0.0
51077,7,3,0.0
42046,7,3,0.0
23427,7,3,0.0
34110,7,3,0.0
19363,7,3,0.0
20084,7,3,0.0
34366,7,3,0.0
38684,7,3,0.0
13778,7,3,0.0
51757,7,3,0.0
33694,7,3,0.0
31841,7,3,0.0
33630,7,3,0.0
31905,7,3,0.0
11890,7,3,0.0
53645,7,3,0.0
49846,7,3,0.0
50966,7,3,0.0
14569,7,3,0.0
15728,7,3,0.0
49807,7,3,0.0
23489,7,3,0.0
42198,7,3,0.0
23337,7,3,0.0
31425,7,3,0.0
7843,7,3,0.0
45451,7,3,0.0
31169,7,3,0.0
26851,7,3,0.0
22652,7,3,0.0
42883,7,3,0.0
15749,7,3,0.0
49758,7,3,0.0
11717,7,3,0.0
34398,7,3,0.0
38682,7,3,0.0
21428,7,3,0.0
44107,7,3,0.0
34206,7,3,0.0
31329,7,3,0.0
42774,7,3,0.0
22761,7,3,0.0
23408,7,3,0.0
42127,7,3,0.0
15689,7,3,0.0
15777,7,3,0.0
7877,7,3,0.0
31137,7,3,0.0
26853,7,3,0.0
42808,7,3,0.0
51032,7,3,0.0
14503,7,3,0.0
22727,7,3,0.0
11992,7,3,0.0
53543,7,3,0.0
57934,7,3,0.0
7601,7,3,0.0
28368,7,3,0.0
37167,7,3,0.0
37199,7,3,0.0
28336,7,3,0.0
6763,7,3,0.0
31632,7,3,0.0
33903,7,3,0.0
49786,7,3,0.0
53818,7,3,0.0
31896,7,3,0.0
33639,7,3,0.0
37703,7,3,0.0
27832,7,3,0.0
20152,7,3,0.0
45383,7,3,0.0
58414,7,3,0.0
7121,7,3,0.0
7277,7,3,0.0
32144,7,3,0.0
33391,7,3,0.0
42108,7,3,0.0
46172,7,3,0.0
31384,7,3,0.0
34151,7,3,0.0
38183,7,3,0.0
27352,7,3,0.0
34552,7,3,0.0
30983,7,3,0.0
36712,7,3,0.0
38768,7,3,0.0
26767,7,3,0.0
61718,7,3,0.0
59662,7,3,0.0
3817,7,3,0.0
57502,7,3,0.0
8033,7,3,0.0
63622,7,3,0.0
1913,7,3,0.0
28823,7,3,0.0
38832,7,3,0.0
38864,7,3,0.0
50478,7,3,0.0
15057,7,3,0.0
14669,7,3,0.0
13469,7,3,0.0
19432,7,3,0.0
46103,7,3,0.0
11752,7,3,0.0
53783,7,3,0.0
41806,7,3,0.0
23729,7,3,0.0
22827,7,3,0.0
21147,7,3,0.0
25743,7,3,0.0
25231,7,3,0.0
33658,7,3,0.0
21464,7,3,0.0
34172,7,3,0.0
13752,7,3,0.0
58652,7,3,0.0
41278,7,3,0.0
24257,7,3,0.0
7114,7,3,0.0
58421,7,3,0.0
58138,7,3,0.0
49502,7,3,0.0
16033,7,3,0.0
7596,7,3,0.0
57939,7,3,0.0
8132,7,3,0.0
57403,7,3,0.0
8098,7,3,0.0
57437,7,3,0.0
47442,7,3,0.0
18093,7,3,0.0
55604,7,3,0.0
9931,7,3,0.0
31877,7,3,0.0
44071,7,3,0.0
31363,7,3,0.0
51783,7,3,0.0
22707,7,3,0.0
19123,7,3,0.0
33646,7,3,0.0
18404,7,3,0.0
37244,7,3,0.0
35134,7,3,0.0
30401,7,3,0.0
10210,7,3,0.0
55325,7,3,0.0
52006,7,3,0.0
49526,7,3,0.0
16009,7,3,0.0
14288,7,3,0.0
51247,7,3,0.0
14218,7,3,0.0
51317,7,3,0.0
44358,7,3,0.0
21177,7,3,0.0
6883,7,3,0.0
31889,7,3,0.0
47131,7,3,0.0
28291,7,3,0.0
14549,7,3,0.0
11477,7,3,0.0
34158,7,3,0.0
37242,7,3,0.0
35166,7,3,0.0
30369,7,3,0.0
41334,7,3,0.0
24201,7,3,0.0
22448,7,3,0.0
43087,7,3,0.0
22412,7,3,0.0
43123,7,3,0.0
13529,7,3,0.0
7397,7,3,0.0
31377,7,3,0.0
28293,7,3,0.0
5803,7,3,0.0
50986,7,3,0.0
54058,7,3,0.0
28128,7,3,0.0
37407,7,3,0.0
37919,7,3,0.0
27616,7,3,0.0
31176,7,3,0.0
34359,7,3,0.0
37943,7,3,0.0
27592,7,3,0.0
5837,7,3,0.0
42828,7,3,0.0
46412,7,3,0.0
31144,7,3,0.0
34391,7,3,0.0
37463,7,3,0.0
28072,7,3,0.0
5873,7,3,0.0
39792,7,3,0.0
40304,7,3,0.0
35800,7,3,0.0
36280,7,3,0.0
31528,7,3,0.0
29735,7,3,0.0
29368,7,3,0.0
36167,7,3,0.0
34007,7,3,0.0
29255,7,3,0.0
32072,7,3,0.0
29912,7,3,0.0
35623,7,3,0.0
33463,7,3,0.0
63625,7,3,0.0
58984,7,3,0.0
6551,7,3,0.0
11978,7,3,0.0
53557,7,3,0.0
20140,7,3,0.0
45395,7,3,0.0
11498,7,3,0.0
54037,7,3,0.0
19180,7,3,0.0
46355,7,3,0.0
5852,7,3,0.0
59683,7,3,0.0
7532,7,3,0.0
58003,7,3,0.0
5818,7,3,0.0
59717,7,3,0.0
7018,7,3,0.0
58517,7,3,0.0
1910,7,3,0.0
21110,7,3,0.0
44425,7,3,0.0
22310,7,3,0.0
43225,7,3,0.0
13430,7,3,0.0
52105,7,3,0.0
14150,7,3,0.0
51385,7,3,0.0
41956,7,3,0.0
45484,7,3,0.0
28456,7,3,0.0
23579,7,3,0.0
37079,7,3,0.0
20051,7,3,0.0
32096,7,3,0.0
23780,7,3,0.0
41755,7,3,0.0
33439,7,3,0.0
60577,7,3,0.0
55912,7,3,0.0
9623,7,3,0.0
15074,7,3,0.0
50461,7,3,0.0
14570,7,3,0.0
50965,7,3,0.0
25336,7,3,0.0
40199,7,3,0.0
5876,7,3,0.0
59659,7,3,0.0
13688,7,3,0.0
51847,7,3,0.0
5806,7,3,0.0
59729,7,3,0.0
10090,7,3,0.0
55445,7,3,0.0
4958,7,3,0.0
18014,7,3,0.0
47521,7,3,0.0
22298,7,3,0.0
43237,7,3,0.0
7262,7,3,0.0
58273,7,3,0.0
8018,7,3,0.0
57517,7,3,0.0
44596,7,3,0.0
47644,7,3,0.0
20939,7,3,0.0
17891,7,3,0.0
60097,7,3,0.0
30416,7,3,0.0
24260,7,3,0.0
41275,7,3,0.0
35119,7,3,0.0
54952,7,3,0.0
10583,7,3,0.0
16034,7,3,0.0
49501,7,3,0.0
16010,7,3,0.0
49525,7,3,0.0
8036,7,3,0.0
57499,7,3,0.0
14168,7,3,0.0
51367,7,3,0.0
6766,7,3,0.0
58769,7,3,0.0
9850,7,3,0.0
55685,7,3,0.0
5438,7,3,0.0
17774,7,3,0.0
47761,7,3,0.0
20858,7,3,0.0
44677,7,3,0.0
5582,7,3,0.0
59953,7,3,0.0
5618,7,3,0.0
59917,7,3,0.0
50658,7,3,0.0
53706,7,3,0.0
28488,7,3,0.0
14877,7,3,0.0
37047,7,3,0.0
31584,7,3,0.0
11829,7,3,0.0
33951,7,3,0.0
48232,7,3,0.0
17303,7,3,0.0
22764,7,3,0.0
42771,7,3,0.0
25848,7,3,0.0
39687,7,3,0.0
5874,7,3,0.0
59661,7,3,0.0
5838,7,3,0.0
59697,7,3,0.0
21368,7,3,0.0
44167,7,3,0.0
18284,7,3,0.0
47251,7,3,0.0
9790,7,3,0.0
55745,7,3,0.0
6718,7,3,0.0
58817,7,3,0.0
14108,7,3,0.0
51427,7,3,0.0
7988,7,3,0.0
57547,7,3,0.0
52818,7,3,0.0
56346,7,3,0.0
12717,7,3,0.0
9189,7,3,0.0
30384,7,3,0.0
35151,7,3,0.0
46792,7,3,0.0
18743,7,3,0.0
24204,7,3,0.0
41331,7,3,0.0
8034,7,3,0.0
57501,7,3,0.0
7278,7,3,0.0
58257,7,3,0.0
22328,7,3,0.0
43207,7,3,0.0
18044,7,3,0.0
47491,7,3,0.0
9070,7,3,0.0
56465,7,3,0.0
5038,7,3,0.0
60497,7,3,0.0
12668,7,3,0.0
52867,7,3,0.0
5108,7,3,0.0
60427,7,3,0.0
62022,7,3,0.0
62502,7,3,0.0
3033,7,3,0.0
3513,7,3,0.0
40672,7,3,0.0
24863,7,3,0.0
14154,7,3,0.0
51381,7,3,0.0
13434,7,3,0.0
52101,7,3,0.0
22316,7,3,0.0
43219,7,3,0.0
21116,7,3,0.0
44419,7,3,0.0
2938,7,3,0.0
62597,7,3,0.0
1978,7,3,0.0
63557,7,3,0.0
3452,7,3,0.0
62083,7,3,0.0
2012,7,3,0.0
63523,7,3,0.0
9970,7,3,0.0
12130,7,3,0.0
18164,7,3,0.0
20324,7,3,0.0
55565,7,3,0.0
53405,7,3,0.0
6862,7,3,0.0
15178,7,3,0.0
21212,7,3,0.0
29528,7,3,0.0
58673,7,3,0.0
50357,7,3,0.0
7342,7,3,0.0
13498,7,3,0.0
23852,7,3,0.0
30008,7,3,0.0
58193,7,3,0.0
52037,7,3,0.0
47371,7,3,0.0
45211,7,3,0.0
5534,7,3,0.0
5558,7,3,0.0
22418,7,3,0.0
22406,7,3,0.0
43117,7,3,0.0
43129,7,3,0.0
55058,7,3,0.0
55046,7,3,0.0
10489,7,3,0.0
10477,7,3,0.0
6494,7,3,0.0
6998,7,3,0.0
22898,7,3,0.0
22646,7,3,0.0
42637,7,3,0.0
42889,7,3,0.0
53618,7,3,0.0
53366,7,3,0.0
12169,7,3,0.0
11917,7,3,0.0
44323,7,3,0.0
36007,7,3,0.0
9590,7,3,0.0
10070,7,3,0.0
25934,7,3,0.0
25694,7,3,0.0
39601,7,3,0.0
39841,7,3,0.0
50510,7,3,0.0
50270,7,3,0.0
15265,7,3,0.0
15025,7,3,0.0
41683,7,3,0.0
35527,7,3,0.0
5022,7,3,0.0
5078,7,3,0.0
14228,7,3,0.0
14214,7,3,0.0
51307,7,3,0.0
51321,7,3,0.0
46868,7,3,0.0
46854,7,3,0.0
18667,7,3,0.0
18681,7,3,0.0
6462,7,3,0.0
7478,7,3,0.0
14708,7,3,0.0
14454,7,3,0.0
50827,7,3,0.0
51081,7,3,0.0
45428,7,3,0.0
45174,7,3,0.0
20107,7,3,0.0
20361,7,3,0.0
17270,7,3,0.0
18230,7,3,0.0
25390,7,3,0.0
25150,7,3,0.0
40145,7,3,0.0
40385,7,3,0.0
41774,7,3,0.0
41534,7,3,0.0
24001,7,3,0.0
23761,7,3,0.0
1974,7,3,0.0
2006,7,3,0.0
8084,7,3,0.0
8082,7,3,0.0
57451,7,3,0.0
57453,7,3,0.0
40724,7,3,0.0
40722,7,3,0.0
24811,7,3,0.0
24813,7,3,0.0
9534,7,3,0.0
13598,7,3,0.0
11612,7,3,0.0
11358,7,3,0.0
53923,7,3,0.0
54177,7,3,0.0
36188,7,3,0.0
35934,7,3,0.0
29347,7,3,0.0
29601,7,3,0.0
17246,7,3,0.0
21278,7,3,0.0
19258,7,3,0.0
19006,7,3,0.0
46277,7,3,0.0
46529,7,3,0.0
35642,7,3,0.0
35390,7,3,0.0
29893,7,3,0.0
30145,7,3,0.0
2934,7,3,0.0
3446,7,3,0.0
6644,7,3,0.0
6642,7,3,0.0
58891,7,3,0.0
58893,7,3,0.0
37364,7,3,0.0
37362,7,3,0.0
28171,7,3,0.0
28173,7,3,0.0
9054,7,3,0.0
12638,7,3,0.0
9692,7,3,0.0
9678,7,3,0.0
55843,7,3,0.0
55857,7,3,0.0
34268,7,3,0.0
34254,7,3,0.0
31267,7,3,0.0
31281,7,3,0.0
17726,7,3,0.0
20798,7,3,0.0
17338,7,3,0.0
17326,7,3,0.0
48197,7,3,0.0
48209,7,3,0.0
33722,7,3,0.0
33710,7,3,0.0
31813,7,3,0.0
31825,7,3,0.0
59073,8,3,0.0
59041,8,3,0.0
56001,8,3,0.0
55945,8,3,0.0
59692,8,3,0.0
59704,8,3,0.0
17261,8,3,0.0
17273,8,3,0.0
48289,8,3,0.0
48265,8,3,0.0
59722,8,3,0.0
59736,8,3,0.0
9579,8,3,0.0
9593,8,3,0.0
59746,8,3,0.0
59748,8,3,0.0
6507,8,3,0.0
6509,8,3,0.0
54977,8,3,0.0
10558,8,3,0.0
26812,8,3,0.0
46753,8,3,0.0
18782,8,3,0.0
26842,8,3,0.0
40585,8,3,0.0
24950,8,3,0.0
26854,8,3,0.0
38681,8,3,0.0
38693,8,3,0.0
38723,8,3,0.0
60513,8,3,0.0
60001,8,3,0.0
56481,8,3,0.0
58012,8,3,0.0
58264,8,3,0.0
17981,8,3,0.0
18233,8,3,0.0
55465,8,3,0.0
47809,8,3,0.0
58522,8,3,0.0
58776,8,3,0.0
9819,8,3,0.0
10073,8,3,0.0
47305,8,3,0.0
59026,8,3,0.0
59028,8,3,0.0
5787,8,3,0.0
5789,8,3,0.0
56417,8,3,0.0
9118,8,3,0.0
27532,8,3,0.0
47713,8,3,0.0
17822,8,3,0.0
28042,8,3,0.0
37241,8,3,0.0
28294,8,3,0.0
26390,8,3,0.0
37493,8,3,0.0
38003,8,3,0.0
39145,8,3,0.0
47302,8,3,0.0
55942,8,3,0.0
38105,8,3,0.0
7523,8,3,0.0
48262,8,3,0.0
11422,8,3,0.0
54113,8,3,0.0
25814,8,3,0.0
39721,8,3,0.0
27430,8,3,0.0
55462,8,3,0.0
40265,8,3,0.0
5843,8,3,0.0
10702,8,3,0.0
54833,8,3,0.0
27974,8,3,0.0
37561,8,3,0.0
25270,8,3,0.0
7013,8,3,0.0
19102,8,3,0.0
46433,8,3,0.0
5813,8,3,0.0
18862,8,3,0.0
46673,8,3,0.0
14518,8,3,0.0
51017,8,3,0.0
58057,8,3,0.0
15238,8,3,0.0
50297,8,3,0.0
60457,8,3,0.0
58537,8,3,0.0
22742,8,3,0.0
42793,8,3,0.0
59977,8,3,0.0
23942,8,3,0.0
41593,8,3,0.0
48274,8,3,0.0
5831,8,3,0.0
55956,8,3,0.0
5799,8,3,0.0
47554,8,3,0.0
7271,8,3,0.0
55716,8,3,0.0
6759,8,3,0.0
62601,8,3,0.0
63561,8,3,0.0
51892,8,3,0.0
52132,8,3,0.0
21053,8,3,0.0
21293,8,3,0.0
44737,8,3,0.0
44257,8,3,0.0
62537,8,3,0.0
2998,8,3,0.0
27568,8,3,0.0
34157,8,3,0.0
31378,8,3,0.0
23318,8,3,0.0
34397,8,3,0.0
31138,8,3,0.0
20918,8,3,0.0
37967,8,3,0.0
44617,8,3,0.0
42217,8,3,0.0
44242,8,3,0.0
38117,8,3,0.0
13643,8,3,0.0
27418,8,3,0.0
10738,8,3,0.0
54797,8,3,0.0
31058,8,3,0.0
34477,8,3,0.0
51937,8,3,0.0
63529,8,3,0.0
12178,8,3,0.0
53357,8,3,0.0
30098,8,3,0.0
35437,8,3,0.0
25018,8,3,0.0
40517,8,3,0.0
44482,8,3,0.0
13403,8,3,0.0
52897,8,3,0.0
62089,8,3,0.0
28112,8,3,0.0
3542,8,3,0.0
18932,8,3,0.0
46603,8,3,0.0
20372,8,3,0.0
45163,8,3,0.0
37423,8,3,0.0
61993,8,3,0.0
31172,8,3,0.0
12758,8,3,0.0
25052,8,3,0.0
40483,8,3,0.0
29588,8,3,0.0
35947,8,3,0.0
34363,8,3,0.0
52777,8,3,0.0
31892,8,3,0.0
15638,8,3,0.0
27932,8,3,0.0
37603,8,3,0.0
31028,8,3,0.0
34507,8,3,0.0
33643,8,3,0.0
49897,8,3,0.0
