function_id,task,basis,exact,search_complete,formula_gate_refs,observed_hashconsed_dag_upper_bound_gates,depth,unique_gate_input_edges,internal_gate_fanout_max_including_output,basis_formula_dag_code_upper_bound_bits,residual_bits,basis_formula_witness_plus_residual_bits,compile_seconds,candidates_evaluated,expression,formula_optimal_across_bases,smallest_observed_hashconsed_dag_upper_bound_across_bases,smallest_observed_witness_code_across_basis_formula_witnesses,formula_regret_gates
0,zero,AIG,1,1,0,0,0,0,0,7,1.0,8.0,0.12607866199687123,25865,0,1,1,1,0.0
1,truth_table_001,AIG,1,1,2,2,2,4,1,25,1.0,26.0,0.12607866199687123,25865,"AND(~x0,AND(~x1,~x2))",1,1,1,0.0
2,truth_table_002,AIG,1,1,2,2,2,4,1,25,1.0,26.0,0.12607866199687123,25865,"AND(x0,AND(~x1,~x2))",1,1,1,0.0
3,truth_table_003,AIG,1,1,1,1,1,2,1,17,1.0,18.0,0.12607866199687123,25865,"AND(~x1,~x2)",1,1,1,0.0
4,truth_table_004,AIG,1,1,2,2,2,4,1,25,1.0,26.0,0.12607866199687123,25865,"AND(x1,AND(~x0,~x2))",1,1,1,0.0
5,truth_table_005,AIG,1,1,1,1,1,2,1,17,1.0,18.0,0.12607866199687123,25865,"AND(~x0,~x2)",1,1,1,0.0
6,truth_table_006,AIG,1,1,4,4,3,8,1,52,1.0,53.0,0.12607866199687123,25865,"AND(~AND(x0,x1),AND(~x2,~AND(~x0,~x1)))",0,0,0,2.0
7,truth_table_007,AIG,1,1,2,2,2,4,1,25,1.0,26.0,0.12607866199687123,25865,"AND(~x2,~AND(x0,x1))",1,1,1,0.0
8,truth_table_008,AIG,1,1,2,2,2,4,1,25,1.0,26.0,0.12607866199687123,25865,"AND(x0,AND(x1,~x2))",1,1,1,0.0
9,truth_table_009,AIG,1,1,4,4,3,8,1,52,1.0,53.0,0.12607866199687123,25865,"AND(~AND(x0,~x1),AND(~x2,~AND(~x0,x1)))",0,0,0,2.0
10,truth_table_010,AIG,1,1,1,1,1,2,1,17,1.0,18.0,0.12607866199687123,25865,"AND(x0,~x2)",1,1,1,0.0
11,truth_table_011,AIG,1,1,2,2,2,4,1,25,1.0,26.0,0.12607866199687123,25865,"AND(~x2,~AND(~x0,x1))",1,1,1,0.0
12,truth_table_012,AIG,1,1,1,1,1,2,1,17,1.0,18.0,0.12607866199687123,25865,"AND(x1,~x2)",1,1,1,0.0
13,truth_table_013,AIG,1,1,2,2,2,4,1,25,1.0,26.0,0.12607866199687123,25865,"AND(~x2,~AND(x0,~x1))",1,1,1,0.0
14,truth_table_014,AIG,1,1,2,2,2,4,1,25,1.0,26.0,0.12607866199687123,25865,"AND(~x2,~AND(~x0,~x1))",1,1,1,0.0
15,truth_table_015,AIG,1,1,0,0,0,0,0,7,1.0,8.0,0.12607866199687123,25865,~x2,1,1,1,0.0
16,truth_table_016,AIG,1,1,2,2,2,4,1,25,1.0,26.0,0.12607866199687123,25865,"AND(x2,AND(~x0,~x1))",1,1,1,0.0
17,truth_table_017,AIG,1,1,1,1,1,2,1,17,1.0,18.0,0.12607866199687123,25865,"AND(~x0,~x1)",1,1,1,0.0
18,truth_table_018,AIG,1,1,4,4,3,8,1,52,1.0,53.0,0.12607866199687123,25865,"AND(~AND(x0,x2),AND(~x1,~AND(~x0,~x2)))",0,0,0,2.0
19,truth_table_019,AIG,1,1,2,2,2,4,1,25,1.0,26.0,0.12607866199687123,25865,"AND(~x1,~AND(x0,x2))",1,1,1,0.0
20,truth_table_020,AIG,1,1,4,4,3,8,1,52,1.0,53.0,0.12607866199687123,25865,"AND(~AND(x1,x2),AND(~x0,~AND(~x1,~x2)))",0,0,0,2.0
21,truth_table_021,AIG,1,1,2,2,2,4,1,25,1.0,26.0,0.12607866199687123,25865,"AND(~x0,~AND(x1,x2))",1,1,1,0.0
22,exactly_one3,AIG,1,1,7,7,4,14,1,84,1.0,85.0,0.12607866199687123,25865,"AND(~AND(x0,x1),AND(~AND(~x0,AND(~x1,~x2)),~AND(x2,~AND(~x0,~x1))))",0,0,0,3.0
23,truth_table_023,AIG,1,1,4,4,3,8,1,52,1.0,53.0,0.12607866199687123,25865,"AND(~AND(x0,x1),~AND(x2,~AND(~x0,~x1)))",0,0,0,3.0
24,truth_table_024,AIG,1,1,5,5,3,10,1,62,1.0,63.0,0.12607866199687123,25865,"AND(~AND(x0,x2),AND(~AND(~x0,x1),~AND(~x1,~x2)))",0,0,0,3.0
25,truth_table_025,AIG,1,1,4,4,3,8,1,52,1.0,53.0,0.12607866199687123,25865,"AND(~AND(x0,~x1),~AND(x1,~AND(x0,~x2)))",0,0,0,1.0
26,truth_table_026,AIG,1,1,4,4,3,8,1,52,1.0,53.0,0.12607866199687123,25865,"AND(~AND(x0,x2),~AND(~x0,~AND(~x1,x2)))",0,0,0,1.0
27,truth_table_027,AIG,1,1,3,3,2,6,1,35,1.0,36.0,0.12607866199687123,25865,"AND(~AND(x0,x2),~AND(~x0,x1))",0,0,0,1.0
28,truth_table_028,AIG,1,1,4,4,3,8,1,52,1.0,53.0,0.12607866199687123,25865,"AND(~AND(x1,x2),~AND(~x1,~AND(~x0,x2)))",0,0,0,1.0
29,truth_table_029,AIG,1,1,3,3,2,6,1,35,1.0,36.0,0.12607866199687123,25865,"AND(~AND(x0,~x1),~AND(x1,x2))",0,0,0,1.0
30,truth_table_030,AIG,1,1,5,5,3,10,1,62,1.0,63.0,0.12607866199687123,25865,"AND(~AND(~x0,AND(~x1,~x2)),~AND(x2,~AND(~x0,~x1)))",0,0,0,3.0
31,truth_table_031,AIG,1,1,2,2,2,4,1,25,1.0,26.0,0.12607866199687123,25865,"~AND(x2,~AND(~x0,~x1))",1,1,1,0.0
32,truth_table_032,AIG,1,1,2,2,2,4,1,25,1.0,26.0,0.12607866199687123,25865,"AND(x0,AND(~x1,x2))",1,1,1,0.0
33,truth_table_033,AIG,1,1,4,4,3,8,1,52,1.0,53.0,0.12607866199687123,25865,"AND(~AND(x0,~x2),AND(~x1,~AND(~x0,x2)))",0,0,0,2.0
34,truth_table_034,AIG,1,1,1,1,1,2,1,17,1.0,18.0,0.12607866199687123,25865,"AND(x0,~x1)",1,1,1,0.0
35,truth_table_035,AIG,1,1,2,2,2,4,1,25,1.0,26.0,0.12607866199687123,25865,"AND(~x1,~AND(~x0,x2))",1,1,1,0.0
36,truth_table_036,AIG,1,1,5,5,3,10,1,62,1.0,63.0,0.12607866199687123,25865,"AND(~AND(x0,x1),AND(~AND(~x0,x2),~AND(~x1,~x2)))",0,0,0,3.0
37,truth_table_037,AIG,1,1,4,4,3,8,1,52,1.0,53.0,0.12607866199687123,25865,"AND(~AND(x0,~x2),~AND(x2,~AND(x0,~x1)))",0,0,0,1.0
38,truth_table_038,AIG,1,1,4,4,3,8,1,52,1.0,53.0,0.12607866199687123,25865,"AND(~AND(x0,x1),~AND(~x0,~AND(x1,~x2)))",0,0,0,1.0
39,truth_table_039,AIG,1,1,3,3,2,6,1,35,1.0,36.0,0.12607866199687123,25865,"AND(~AND(x0,x1),~AND(~x0,x2))",0,0,0,1.0
40,truth_table_040,AIG,1,1,4,4,3,8,1,52,1.0,53.0,0.12607866199687123,25865,"AND(x0,AND(~AND(x1,x2),~AND(~x1,~x2)))",0,0,0,2.0
41,truth_table_041,AIG,1,1,7,6,4,12,2,72,1.0,73.0,0.12607866199687123,25865,"AND(~AND(x0,AND(~x1,~x2)),AND(~AND(x1,x2),~AND(~x0,~AND(~x1,~x2))))",0,0,0,3.0
42,truth_table_042,AIG,1,1,2,2,2,4,1,25,1.0,26.0,0.12607866199687123,25865,"AND(x0,~AND(x1,x2))",1,1,1,0.0
43,truth_table_043,AIG,1,1,4,4,3,8,1,52,1.0,53.0,0.12607866199687123,25865,"AND(~AND(x1,x2),~AND(~x0,~AND(~x1,~x2)))",0,0,0,3.0
44,truth_table_044,AIG,1,1,4,4,3,8,1,52,1.0,53.0,0.12607866199687123,25865,"AND(~AND(x1,x2),~AND(~x1,~AND(x0,x2)))",0,0,0,1.0
45,truth_table_045,AIG,1,1,5,5,3,10,1,62,1.0,63.0,0.12607866199687123,25865,"AND(~AND(x0,AND(~x1,~x2)),~AND(x2,~AND(x0,~x1)))",0,0,0,3.0
46,truth_table_046,AIG,1,1,3,3,2,6,1,35,1.0,36.0,0.12607866199687123,25865,"AND(~AND(~x0,~x1),~AND(x1,x2))",0,0,0,1.0
47,truth_table_047,AIG,1,1,2,2,2,4,1,25,1.0,26.0,0.12607866199687123,25865,"~AND(x2,~AND(x0,~x1))",1,1,1,0.0
48,truth_table_048,AIG,1,1,1,1,1,2,1,17,1.0,18.0,0.12607866199687123,25865,"AND(~x1,x2)",1,1,1,0.0
49,truth_table_049,AIG,1,1,2,2,2,4,1,25,1.0,26.0,0.12607866199687123,25865,"AND(~x1,~AND(x0,~x2))",1,1,1,0.0
50,truth_table_050,AIG,1,1,2,2,2,4,1,25,1.0,26.0,0.12607866199687123,25865,"AND(~x1,~AND(~x0,~x2))",1,1,1,0.0
51,truth_table_051,AIG,1,1,0,0,0,0,0,7,1.0,8.0,0.12607866199687123,25865,~x1,1,1,1,0.0
52,truth_table_052,AIG,1,1,4,4,3,8,1,52,1.0,53.0,0.12607866199687123,25865,"AND(~AND(x1,x2),~AND(~x2,~AND(~x0,x1)))",0,0,0,1.0
53,truth_table_053,AIG,1,1,3,3,2,6,1,35,1.0,36.0,0.12607866199687123,25865,"AND(~AND(x0,~x2),~AND(x1,x2))",0,0,0,1.0
54,truth_table_054,AIG,1,1,5,5,3,10,1,62,1.0,63.0,0.12607866199687123,25865,"AND(~AND(~x0,AND(~x1,~x2)),~AND(x1,~AND(~x0,~x2)))",0,0,0,3.0
55,truth_table_055,AIG,1,1,2,2,2,4,1,25,1.0,26.0,0.12607866199687123,25865,"~AND(x1,~AND(~x0,~x2))",1,1,1,0.0
56,truth_table_056,AIG,1,1,4,4,3,8,1,52,1.0,53.0,0.12607866199687123,25865,"AND(~AND(x1,x2),~AND(~x2,~AND(x0,x1)))",0,0,0,1.0
57,truth_table_057,AIG,1,1,5,5,3,10,1,62,1.0,63.0,0.12607866199687123,25865,"AND(~AND(x0,AND(~x1,~x2)),~AND(x1,~AND(x0,~x2)))",0,0,0,3.0
58,truth_table_058,AIG,1,1,3,3,2,6,1,35,1.0,36.0,0.12607866199687123,25865,"AND(~AND(~x0,~x2),~AND(x1,x2))",0,0,0,1.0
59,truth_table_059,AIG,1,1,2,2,2,4,1,25,1.0,26.0,0.12607866199687123,25865,"~AND(x1,~AND(x0,~x2))",1,1,1,0.0
60,truth_table_060,AIG,1,1,3,3,2,6,1,35,1.0,36.0,0.12607866199687123,25865,"AND(~AND(x1,x2),~AND(~x1,~x2))",0,0,0,2.0
61,truth_table_061,AIG,1,1,4,4,3,8,1,52,1.0,53.0,0.12607866199687123,25865,"AND(~AND(x1,x2),~AND(x0,AND(~x1,~x2)))",0,0,0,1.0
62,truth_table_062,AIG,1,1,4,4,3,8,1,52,1.0,53.0,0.12607866199687123,25865,"AND(~AND(x1,x2),~AND(~x0,AND(~x1,~x2)))",0,0,0,1.0
63,truth_table_063,AIG,1,1,1,1,1,2,1,17,1.0,18.0,0.12607866199687123,25865,"~AND(x1,x2)",1,1,1,0.0
64,truth_table_064,AIG,1,1,2,2,2,4,1,25,1.0,26.0,0.12607866199687123,25865,"AND(x1,AND(~x0,x2))",1,1,1,0.0
65,truth_table_065,AIG,1,1,4,4,3,8,1,52,1.0,53.0,0.12607866199687123,25865,"AND(~AND(x1,~x2),AND(~x0,~AND(~x1,x2)))",0,0,0,2.0
66,truth_table_066,AIG,1,1,5,5,3,10,1,62,1.0,63.0,0.12607866199687123,25865,"AND(~AND(x0,x1),AND(~AND(~x0,~x2),~AND(~x1,x2)))",0,0,0,3.0
67,truth_table_067,AIG,1,1,4,4,3,8,1,52,1.0,53.0,0.12607866199687123,25865,"AND(~AND(x1,~x2),~AND(x2,~AND(~x0,x1)))",0,0,0,1.0
68,truth_table_068,AIG,1,1,1,1,1,2,1,17,1.0,18.0,0.12607866199687123,25865,"AND(~x0,x1)",1,1,1,0.0
69,truth_table_069,AIG,1,1,2,2,2,4,1,25,1.0,26.0,0.12607866199687123,25865,"AND(~x0,~AND(~x1,x2))",1,1,1,0.0
70,truth_table_070,AIG,1,1,4,4,3,8,1,52,1.0,53.0,0.12607866199687123,25865,"AND(~AND(x0,x1),~AND(~x1,~AND(x0,~x2)))",0,0,0,1.0
71,truth_table_071,AIG,1,1,3,3,2,6,1,35,1.0,36.0,0.12607866199687123,25865,"AND(~AND(x0,x1),~AND(~x1,x2))",0,0,0,1.0
72,truth_table_072,AIG,1,1,4,4,3,8,1,52,1.0,53.0,0.12607866199687123,25865,"AND(x1,AND(~AND(x0,x2),~AND(~x0,~x2)))",0,0,0,2.0
73,truth_table_073,AIG,1,1,7,6,4,12,2,72,1.0,73.0,0.12607866199687123,25865,"AND(~AND(x0,x2),AND(~AND(x1,AND(~x0,~x2)),~AND(~x1,~AND(~x0,~x2))))",0,0,0,3.0
74,truth_table_074,AIG,1,1,4,4,3,8,1,52,1.0,53.0,0.12607866199687123,25865,"AND(~AND(x0,x2),~AND(~x0,~AND(x1,x2)))",0,0,0,1.0
75,truth_table_075,AIG,1,1,5,5,3,10,1,62,1.0,63.0,0.12607866199687123,25865,"AND(~AND(x1,AND(~x0,~x2)),~AND(x2,~AND(~x0,x1)))",0,0,0,3.0
76,truth_table_076,AIG,1,1,2,2,2,4,1,25,1.0,26.0,0.12607866199687123,25865,"AND(x1,~AND(x0,x2))",1,1,1,0.0
77,truth_table_077,AIG,1,1,4,4,3,8,1,52,1.0,53.0,0.12607866199687123,25865,"AND(~AND(x0,x2),~AND(~x1,~AND(~x0,~x2)))",0,0,0,3.0
78,truth_table_078,AIG,1,1,3,3,2,6,1,35,1.0,36.0,0.12607866199687123,25865,"AND(~AND(x0,x2),~AND(~x0,~x1))",0,0,0,1.0
79,truth_table_079,AIG,1,1,2,2,2,4,1,25,1.0,26.0,0.12607866199687123,25865,"~AND(x2,~AND(~x0,x1))",1,1,1,0.0
80,truth_table_080,AIG,1,1,1,1,1,2,1,17,1.0,18.0,0.12607866199687123,25865,"AND(~x0,x2)",1,1,1,0.0
81,truth_table_081,AIG,1,1,2,2,2,4,1,25,1.0,26.0,0.12607866199687123,25865,"AND(~x0,~AND(x1,~x2))",1,1,1,0.0
82,truth_table_082,AIG,1,1,4,4,3,8,1,52,1.0,53.0,0.12607866199687123,25865,"AND(~AND(x0,x2),~AND(~x2,~AND(x0,~x1)))",0,0,0,1.0
83,truth_table_083,AIG,1,1,3,3,2,6,1,35,1.0,36.0,0.12607866199687123,25865,"AND(~AND(x0,x2),~AND(x1,~x2))",0,0,0,1.0
84,truth_table_084,AIG,1,1,2,2,2,4,1,25,1.0,26.0,0.12607866199687123,25865,"AND(~x0,~AND(~x1,~x2))",1,1,1,0.0
85,truth_table_085,AIG,1,1,0,0,0,0,0,7,1.0,8.0,0.12607866199687123,25865,~x0,1,1,1,0.0
86,truth_table_086,AIG,1,1,5,4,3,8,2,52,1.0,53.0,0.12607866199687123,25865,"AND(~AND(x0,~AND(~x1,~x2)),~AND(~x0,AND(~x1,~x2)))",0,0,0,3.0
87,truth_table_087,AIG,1,1,2,2,2,4,1,25,1.0,26.0,0.12607866199687123,25865,"~AND(x0,~AND(~x1,~x2))",1,1,1,0.0
88,truth_table_088,AIG,1,1,4,4,3,8,1,52,1.0,53.0,0.12607866199687123,25865,"AND(~AND(x0,x2),~AND(~x2,~AND(x0,x1)))",0,0,0,1.0
89,truth_table_089,AIG,1,1,5,5,3,10,1,62,1.0,63.0,0.12607866199687123,25865,"AND(~AND(x0,~AND(x1,~x2)),~AND(x1,AND(~x0,~x2)))",0,0,0,3.0
90,truth_table_090,AIG,1,1,3,3,2,6,1,35,1.0,36.0,0.12607866199687123,25865,"AND(~AND(x0,x2),~AND(~x0,~x2))",0,0,0,2.0
91,truth_table_091,AIG,1,1,4,4,3,8,1,52,1.0,53.0,0.12607866199687123,25865,"AND(~AND(x0,x2),~AND(x1,AND(~x0,~x2)))",0,0,0,1.0
92,truth_table_092,AIG,1,1,3,3,2,6,1,35,1.0,36.0,0.12607866199687123,25865,"AND(~AND(x0,x2),~AND(~x1,~x2))",0,0,0,1.0
93,truth_table_093,AIG,1,1,2,2,2,4,1,25,1.0,26.0,0.12607866199687123,25865,"~AND(x0,~AND(x1,~x2))",1,1,1,0.0
94,truth_table_094,AIG,1,1,4,4,3,8,1,52,1.0,53.0,0.12607866199687123,25865,"AND(~AND(x0,x2),~AND(~x0,AND(~x1,~x2)))",0,0,0,1.0
95,truth_table_095,AIG,1,1,1,1,1,2,1,17,1.0,18.0,0.12607866199687123,25865,"~AND(x0,x2)",1,1,1,0.0
96,truth_table_096,AIG,1,1,4,4,3,8,1,52,1.0,53.0,0.12607866199687123,25865,"AND(x2,AND(~AND(x0,x1),~AND(~x0,~x1)))",0,0,0,2.0
97,truth_table_097,AIG,1,1,7,6,4,12,2,72,1.0,73.0,0.12607866199687123,25865,"AND(~AND(x0,x1),AND(~AND(x2,AND(~x0,~x1)),~AND(~x2,~AND(~x0,~x1))))",0,0,0,3.0
98,truth_table_098,AIG,1,1,4,4,3,8,1,52,1.0,53.0,0.12607866199687123,25865,"AND(~AND(x0,x1),~AND(~x0,~AND(x1,x2)))",0,0,0,1.0
99,truth_table_099,AIG,1,1,5,5,3,10,1,62,1.0,63.0,0.12607866199687123,25865,"AND(~AND(x2,AND(~x0,~x1)),~AND(x1,~AND(~x0,x2)))",0,0,0,3.0
100,truth_table_100,AIG,1,1,4,4,3,8,1,52,1.0,53.0,0.12607866199687123,25865,"AND(~AND(x0,x1),~AND(~x1,~AND(x0,x2)))",0,0,0,1.0
101,truth_table_101,AIG,1,1,5,5,3,10,1,62,1.0,63.0,0.12607866199687123,25865,"AND(~AND(x0,~AND(~x1,x2)),~AND(x2,AND(~x0,~x1)))",0,0,0,3.0
102,truth_table_102,AIG,1,1,3,3,2,6,1,35,1.0,36.0,0.12607866199687123,25865,"AND(~AND(x0,x1),~AND(~x0,~x1))",0,0,0,2.0
103,truth_table_103,AIG,1,1,4,4,3,8,1,52,1.0,53.0,0.12607866199687123,25865,"AND(~AND(x0,x1),~AND(x2,AND(~x0,~x1)))",0,0,0,1.0
104,truth_table_104,AIG,1,1,7,7,4,14,1,84,1.0,85.0,0.12607866199687123,25865,"AND(~AND(x0,AND(x1,x2)),AND(~AND(~x0,~x1),~AND(~x2,~AND(x0,x1))))",0,0,0,3.0
105,truth_table_105,AIG,1,1,9,9,4,18,1,104,1.0,105.0,0.12607866199687123,25865,"AND(~AND(x0,AND(~AND(x1,~x2),~AND(~x1,x2))),~AND(~AND(x1,x2),AND(~x0,~AND(~x1,~x2))))",0,0,0,7.0
106,truth_table_106,AIG,1,1,5,4,3,8,2,52,1.0,53.0,0.12607866199687123,25865,"AND(~AND(x0,AND(x1,x2)),~AND(~x0,~AND(x1,x2)))",0,0,0,3.0
107,truth_table_107,AIG,1,1,7,6,4,12,2,72,1.0,73.0,0.12607866199687123,25865,"AND(~AND(x0,AND(x1,x2)),~AND(~AND(x1,x2),AND(~x0,~AND(~x1,~x2))))",0,0,0,3.0
108,truth_table_108,AIG,1,1,5,5,3,10,1,62,1.0,63.0,0.12607866199687123,25865,"AND(~AND(x0,AND(x1,x2)),~AND(~x1,~AND(x0,x2)))",0,0,0,3.0
109,truth_table_109,AIG,1,1,7,7,4,14,1,84,1.0,85.0,0.12607866199687123,25865,"AND(~AND(x0,AND(x1,x2)),~AND(~AND(x0,x2),AND(~x1,~AND(~x0,~x2))))",0,0,0,3.0
110,truth_table_110,AIG,1,1,4,4,3,8,1,52,1.0,53.0,0.12607866199687123,25865,"AND(~AND(~x0,~x1),~AND(x0,AND(x1,x2)))",0,0,0,1.0
111,truth_table_111,AIG,1,1,4,4,3,8,1,52,1.0,53.0,0.12607866199687123,25865,"~AND(x2,AND(~AND(x0,~x1),~AND(~x0,x1)))",0,0,0,2.0
112,truth_table_112,AIG,1,1,2,2,2,4,1,25,1.0,26.0,0.12607866199687123,25865,"AND(x2,~AND(x0,x1))",1,1,1,0.0
113,truth_table_113,AIG,1,1,4,4,3,8,1,52,1.0,53.0,0.12607866199687123,25865,"AND(~AND(x0,x1),~AND(~x2,~AND(~x0,~x1)))",0,0,0,3.0
114,truth_table_114,AIG,1,1,3,3,2,6,1,35,1.0,36.0,0.12607866199687123,25865,"AND(~AND(x0,x1),~AND(~x0,~x2))",0,0,0,1.0
115,truth_table_115,AIG,1,1,2,2,2,4,1,25,1.0,26.0,0.12607866199687123,25865,"~AND(x1,~AND(~x0,x2))",1,1,1,0.0
116,truth_table_116,AIG,1,1,3,3,2,6,1,35,1.0,36.0,0.12607866199687123,25865,"AND(~AND(x0,x1),~AND(~x1,~x2))",0,0,0,1.0
117,truth_table_117,AIG,1,1,2,2,2,4,1,25,1.0,26.0,0.12607866199687123,25865,"~AND(x0,~AND(~x1,x2))",1,1,1,0.0
118,truth_table_118,AIG,1,1,4,4,3,8,1,52,1.0,53.0,0.12607866199687123,25865,"AND(~AND(x0,x1),~AND(~x0,AND(~x1,~x2)))",0,0,0,1.0
119,truth_table_119,AIG,1,1,1,1,1,2,1,17,1.0,18.0,0.12607866199687123,25865,"~AND(x0,x1)",1,1,1,0.0
120,truth_table_120,AIG,1,1,5,5,3,10,1,62,1.0,63.0,0.12607866199687123,25865,"AND(~AND(x0,AND(x1,x2)),~AND(~x2,~AND(x0,x1)))",0,0,0,3.0
121,truth_table_121,AIG,1,1,7,7,4,14,1,84,1.0,85.0,0.12607866199687123,25865,"AND(~AND(x0,AND(x1,x2)),~AND(~AND(x0,x1),AND(~x2,~AND(~x0,~x1))))",0,0,0,3.0
122,truth_table_122,AIG,1,1,4,4,3,8,1,52,1.0,53.0,0.12607866199687123,25865,"AND(~AND(~x0,~x2),~AND(x0,AND(x1,x2)))",0,0,0,1.0
123,truth_table_123,AIG,1,1,4,4,3,8,1,52,1.0,53.0,0.12607866199687123,25865,"~AND(x1,AND(~AND(x0,~x2),~AND(~x0,x2)))",0,0,0,2.0
124,truth_table_124,AIG,1,1,4,4,3,8,1,52,1.0,53.0,0.12607866199687123,25865,"AND(~AND(~x1,~x2),~AND(x0,AND(x1,x2)))",0,0,0,1.0
125,truth_table_125,AIG,1,1,4,4,3,8,1,52,1.0,53.0,0.12607866199687123,25865,"~AND(x0,AND(~AND(x1,~x2),~AND(~x1,x2)))",0,0,0,2.0
126,truth_table_126,AIG,1,1,5,5,3,10,1,62,1.0,63.0,0.12607866199687123,25865,"AND(~AND(x0,AND(x1,x2)),~AND(~x0,AND(~x1,~x2)))",0,0,0,3.0
127,truth_table_127,AIG,1,1,2,2,2,4,1,25,1.0,26.0,0.12607866199687123,25865,"~AND(x0,AND(x1,x2))",1,1,1,0.0
128,and3,AIG,1,1,2,2,2,4,1,25,1.0,26.0,0.12607866199687123,25865,"AND(x0,AND(x1,x2))",1,1,1,0.0
129,truth_table_129,AIG,1,1,5,5,3,10,1,62,1.0,63.0,0.12607866199687123,25865,"AND(~AND(x0,~AND(x1,x2)),~AND(~x0,~AND(~x1,~x2)))",0,0,0,3.0
130,truth_table_130,AIG,1,1,4,4,3,8,1,52,1.0,53.0,0.12607866199687123,25865,"AND(x0,AND(~AND(x1,~x2),~AND(~x1,x2)))",0,0,0,2.0
131,truth_table_131,AIG,1,1,4,4,3,8,1,52,1.0,53.0,0.12607866199687123,25865,"AND(~AND(x1,~x2),~AND(x2,~AND(x0,x1)))",0,0,0,1.0
132,truth_table_132,AIG,1,1,4,4,3,8,1,52,1.0,53.0,0.12607866199687123,25865,"AND(x1,AND(~AND(x0,~x2),~AND(~x0,x2)))",0,0,0,2.0
133,truth_table_133,AIG,1,1,4,4,3,8,1,52,1.0,53.0,0.12607866199687123,25865,"AND(~AND(x0,~x2),~AND(x2,~AND(x0,x1)))",0,0,0,1.0
134,truth_table_134,AIG,1,1,7,7,4,14,1,84,1.0,85.0,0.12607866199687123,25865,"AND(~AND(x0,AND(x1,~x2)),AND(~AND(~x0,x2),~AND(~x1,~AND(x0,~x2))))",0,0,0,3.0
135,truth_table_135,AIG,1,1,5,5,3,10,1,62,1.0,63.0,0.12607866199687123,25865,"AND(~AND(x0,AND(x1,~x2)),~AND(x2,~AND(x0,x1)))",0,0,0,3.0
136,truth_table_136,AIG,1,1,1,1,1,2,1,17,1.0,18.0,0.12607866199687123,25865,"AND(x0,x1)",1,1,1,0.0
137,truth_table_137,AIG,1,1,4,4,3,8,1,52,1.0,53.0,0.12607866199687123,25865,"AND(~AND(x0,~x1),~AND(~x0,~AND(~x1,~x2)))",0,0,0,1.0
138,truth_table_138,AIG,1,1,2,2,2,4,1,25,1.0,26.0,0.12607866199687123,25865,"AND(x0,~AND(~x1,x2))",1,1,1,0.0
139,truth_table_139,AIG,1,1,3,3,2,6,1,35,1.0,36.0,0.12607866199687123,25865,"AND(~AND(~x0,x1),~AND(~x1,x2))",0,0,0,1.0
140,truth_table_140,AIG,1,1,2,2,2,4,1,25,1.0,26.0,0.12607866199687123,25865,"AND(x1,~AND(~x0,x2))",1,1,1,0.0
141,truth_table_141,AIG,1,1,3,3,2,6,1,35,1.0,36.0,0.12607866199687123,25865,"AND(~AND(x0,~x1),~AND(~x0,x2))",0,0,0,1.0
142,truth_table_142,AIG,1,1,4,4,3,8,1,52,1.0,53.0,0.12607866199687123,25865,"AND(~AND(~x0,x2),~AND(~x1,~AND(x0,~x2)))",0,0,0,3.0
143,truth_table_143,AIG,1,1,2,2,2,4,1,25,1.0,26.0,0.12607866199687123,25865,"~AND(x2,~AND(x0,x1))",1,1,1,0.0
144,truth_table_144,AIG,1,1,4,4,3,8,1,52,1.0,53.0,0.12607866199687123,25865,"AND(x2,AND(~AND(x0,~x1),~AND(~x0,x1)))",0,0,0,2.0
145,truth_table_145,AIG,1,1,4,4,3,8,1,52,1.0,53.0,0.12607866199687123,25865,"AND(~AND(x0,~x1),~AND(x1,~AND(x0,x2)))",0,0,0,1.0
146,truth_table_146,AIG,1,1,7,6,4,12,2,72,1.0,73.0,0.12607866199687123,25865,"AND(~AND(x0,AND(~x1,x2)),AND(~AND(x1,~x2),~AND(~x0,~AND(~x1,x2))))",0,0,0,3.0
147,truth_table_147,AIG,1,1,5,5,3,10,1,62,1.0,63.0,0.12607866199687123,25865,"AND(~AND(x0,AND(~x1,x2)),~AND(x1,~AND(x0,x2)))",0,0,0,3.0
148,truth_table_148,AIG,1,1,7,7,4,14,1,84,1.0,85.0,0.12607866199687123,25865,"AND(~AND(x0,~AND(x1,x2)),AND(~AND(~x1,~x2),~AND(x1,AND(~x0,x2))))",0,0,0,3.0
149,truth_table_149,AIG,1,1,5,5,3,10,1,62,1.0,63.0,0.12607866199687123,25865,"AND(~AND(x0,~AND(x1,x2)),~AND(x1,AND(~x0,x2)))",0,0,0,3.0
150,parity3,AIG,1,1,9,9,4,18,1,104,1.0,105.0,0.12607866199687123,25865,"AND(~AND(x0,AND(~AND(x1,x2),~AND(~x1,~x2))),~AND(~AND(x1,~x2),AND(~x0,~AND(~x1,x2))))",0,0,0,7.0
151,truth_table_151,AIG,1,1,7,7,4,14,1,84,1.0,85.0,0.12607866199687123,25865,"AND(~AND(x0,AND(x1,~x2)),~AND(x2,AND(~AND(x0,x1),~AND(~x0,~x1))))",0,0,0,3.0
152,truth_table_152,AIG,1,1,4,4,3,8,1,52,1.0,53.0,0.12607866199687123,25865,"AND(~AND(x0,~x1),~AND(~x0,~AND(~x1,x2)))",0,0,0,1.0
153,truth_table_153,AIG,1,1,3,3,2,6,1,35,1.0,36.0,0.12607866199687123,25865,"AND(~AND(x0,~x1),~AND(~x0,x1))",0,0,0,2.0
154,truth_table_154,AIG,1,1,5,4,3,8,2,52,1.0,53.0,0.12607866199687123,25865,"AND(~AND(x0,AND(~x1,x2)),~AND(~x0,~AND(~x1,x2)))",0,0,0,3.0
155,truth_table_155,AIG,1,1,4,4,3,8,1,52,1.0,53.0,0.12607866199687123,25865,"AND(~AND(~x0,x1),~AND(x0,AND(~x1,x2)))",0,0,0,1.0
156,truth_table_156,AIG,1,1,5,4,3,8,2,52,1.0,53.0,0.12607866199687123,25865,"AND(~AND(x1,AND(~x0,x2)),~AND(~x1,~AND(~x0,x2)))",0,0,0,3.0
157,truth_table_157,AIG,1,1,4,4,3,8,1,52,1.0,53.0,0.12607866199687123,25865,"AND(~AND(x0,~x1),~AND(x1,AND(~x0,x2)))",0,0,0,1.0
158,truth_table_158,AIG,1,1,7,6,4,12,2,72,1.0,73.0,0.12607866199687123,25865,"AND(~AND(x0,AND(~x1,x2)),~AND(~AND(x1,~x2),AND(~x0,~AND(~x1,x2))))",0,0,0,3.0
159,truth_table_159,AIG,1,1,4,4,3,8,1,52,1.0,53.0,0.12607866199687123,25865,"~AND(x2,AND(~AND(x0,x1),~AND(~x0,~x1)))",0,0,0,2.0
160,truth_table_160,AIG,1,1,1,1,1,2,1,17,1.0,18.0,0.12607866199687123,25865,"AND(x0,x2)",1,1,1,0.0
161,truth_table_161,AIG,1,1,4,4,3,8,1,52,1.0,53.0,0.12607866199687123,25865,"AND(~AND(x0,~x2),~AND(~x0,~AND(~x1,~x2)))",0,0,0,1.0
162,truth_table_162,AIG,1,1,2,2,2,4,1,25,1.0,26.0,0.12607866199687123,25865,"AND(x0,~AND(x1,~x2))",1,1,1,0.0
163,truth_table_163,AIG,1,1,3,3,2,6,1,35,1.0,36.0,0.12607866199687123,25865,"AND(~AND(~x0,x2),~AND(x1,~x2))",0,0,0,1.0
164,truth_table_164,AIG,1,1,4,4,3,8,1,52,1.0,53.0,0.12607866199687123,25865,"AND(~AND(x0,~x2),~AND(~x0,~AND(x1,~x2)))",0,0,0,1.0
165,truth_table_165,AIG,1,1,3,3,2,6,1,35,1.0,36.0,0.12607866199687123,25865,"AND(~AND(x0,~x2),~AND(~x0,x2))",0,0,0,2.0
166,truth_table_166,AIG,1,1,5,4,3,8,2,52,1.0,53.0,0.12607866199687123,25865,"AND(~AND(x0,AND(x1,~x2)),~AND(~x0,~AND(x1,~x2)))",0,0,0,3.0
167,truth_table_167,AIG,1,1,4,4,3,8,1,52,1.0,53.0,0.12607866199687123,25865,"AND(~AND(~x0,x2),~AND(x0,AND(x1,~x2)))",0,0,0,1.0
168,truth_table_168,AIG,1,1,2,2,2,4,1,25,1.0,26.0,0.12607866199687123,25865,"AND(x0,~AND(~x1,~x2))",1,1,1,0.0
169,truth_table_169,AIG,1,1,5,4,3,8,2,52,1.0,53.0,0.12607866199687123,25865,"AND(~AND(x0,AND(~x1,~x2)),~AND(~x0,~AND(~x1,~x2)))",0,0,0,3.0
170,literal_x0,AIG,1,1,0,0,0,0,0,7,1.0,8.0,0.12607866199687123,25865,x0,1,1,1,0.0
171,truth_table_171,AIG,1,1,2,2,2,4,1,25,1.0,26.0,0.12607866199687123,25865,"~AND(~x0,~AND(~x1,~x2))",1,1,1,0.0
172,truth_table_172,AIG,1,1,3,3,2,6,1,35,1.0,36.0,0.12607866199687123,25865,"AND(~AND(~x0,x2),~AND(~x1,~x2))",0,0,0,1.0
173,truth_table_173,AIG,1,1,4,4,3,8,1,52,1.0,53.0,0.12607866199687123,25865,"AND(~AND(~x0,x2),~AND(x0,AND(~x1,~x2)))",0,0,0,1.0
174,truth_table_174,AIG,1,1,2,2,2,4,1,25,1.0,26.0,0.12607866199687123,25865,"~AND(~x0,~AND(x1,~x2))",1,1,1,0.0
175,truth_table_175,AIG,1,1,1,1,1,2,1,17,1.0,18.0,0.12607866199687123,25865,"~AND(~x0,x2)",1,1,1,0.0
176,truth_table_176,AIG,1,1,2,2,2,4,1,25,1.0,26.0,0.12607866199687123,25865,"AND(x2,~AND(~x0,x1))",1,1,1,0.0
177,truth_table_177,AIG,1,1,3,3,2,6,1,35,1.0,36.0,0.12607866199687123,25865,"AND(~AND(x0,~x2),~AND(~x0,x1))",0,0,0,1.0
178,truth_table_178,AIG,1,1,4,4,3,8,1,52,1.0,53.0,0.12607866199687123,25865,"AND(~AND(x1,~x2),~AND(~x0,~AND(~x1,x2)))",0,0,0,3.0
179,truth_table_179,AIG,1,1,2,2,2,4,1,25,1.0,26.0,0.12607866199687123,25865,"~AND(x1,~AND(x0,x2))",1,1,1,0.0
180,truth_table_180,AIG,1,1,5,5,3,10,1,62,1.0,63.0,0.12607866199687123,25865,"AND(~AND(x1,AND(~x0,x2)),~AND(~x2,~AND(~x0,x1)))",0,0,0,3.0
181,truth_table_181,AIG,1,1,4,4,3,8,1,52,1.0,53.0,0.12607866199687123,25865,"AND(~AND(x0,~x2),~AND(x1,AND(~x0,x2)))",0,0,0,1.0
182,truth_table_182,AIG,1,1,7,6,4,12,2,72,1.0,73.0,0.12607866199687123,25865,"AND(~AND(x0,AND(x1,~x2)),~AND(~AND(x1,~x2),AND(~x0,~AND(~x1,x2))))",0,0,0,3.0
183,truth_table_183,AIG,1,1,4,4,3,8,1,52,1.0,53.0,0.12607866199687123,25865,"~AND(x1,AND(~AND(x0,x2),~AND(~x0,~x2)))",0,0,0,2.0
184,truth_table_184,AIG,1,1,3,3,2,6,1,35,1.0,36.0,0.12607866199687123,25865,"AND(~AND(~x0,x1),~AND(~x1,~x2))",0,0,0,1.0
185,truth_table_185,AIG,1,1,4,4,3,8,1,52,1.0,53.0,0.12607866199687123,25865,"AND(~AND(~x0,x1),~AND(x0,AND(~x1,~x2)))",0,0,0,1.0
186,truth_table_186,AIG,1,1,2,2,2,4,1,25,1.0,26.0,0.12607866199687123,25865,"~AND(~x0,~AND(~x1,x2))",1,1,1,0.0
187,truth_table_187,AIG,1,1,1,1,1,2,1,17,1.0,18.0,0.12607866199687123,25865,"~AND(~x0,x1)",1,1,1,0.0
188,truth_table_188,AIG,1,1,4,4,3,8,1,52,1.0,53.0,0.12607866199687123,25865,"AND(~AND(~x1,~x2),~AND(x1,AND(~x0,x2)))",0,0,0,1.0
189,truth_table_189,AIG,1,1,5,5,3,10,1,62,1.0,63.0,0.12607866199687123,25865,"AND(~AND(x0,AND(~x1,~x2)),~AND(x1,AND(~x0,x2)))",0,0,0,3.0
190,truth_table_190,AIG,1,1,4,4,3,8,1,52,1.0,53.0,0.12607866199687123,25865,"~AND(~AND(x1,~x2),AND(~x0,~AND(~x1,x2)))",0,0,0,2.0
191,truth_table_191,AIG,1,1,2,2,2,4,1,25,1.0,26.0,0.12607866199687123,25865,"~AND(x1,AND(~x0,x2))",1,1,1,0.0
192,truth_table_192,AIG,1,1,1,1,1,2,1,17,1.0,18.0,0.12607866199687123,25865,"AND(x1,x2)",1,1,1,0.0
193,truth_table_193,AIG,1,1,4,4,3,8,1,52,1.0,53.0,0.12607866199687123,25865,"AND(~AND(x1,~x2),~AND(~x1,~AND(~x0,~x2)))",0,0,0,1.0
194,truth_table_194,AIG,1,1,4,4,3,8,1,52,1.0,53.0,0.12607866199687123,25865,"AND(~AND(x1,~x2),~AND(~x1,~AND(x0,~x2)))",0,0,0,1.0
195,truth_table_195,AIG,1,1,3,3,2,6,1,35,1.0,36.0,0.12607866199687123,25865,"AND(~AND(x1,~x2),~AND(~x1,x2))",0,0,0,2.0
196,truth_table_196,AIG,1,1,2,2,2,4,1,25,1.0,26.0,0.12607866199687123,25865,"AND(x1,~AND(x0,~x2))",1,1,1,0.0
197,truth_table_197,AIG,1,1,3,3,2,6,1,35,1.0,36.0,0.12607866199687123,25865,"AND(~AND(x0,~x2),~AND(~x1,x2))",0,0,0,1.0
198,truth_table_198,AIG,1,1,5,5,3,10,1,62,1.0,63.0,0.12607866199687123,25865,"AND(~AND(x0,AND(x1,~x2)),~AND(~x1,~AND(x0,~x2)))",0,0,0,3.0
199,truth_table_199,AIG,1,1,4,4,3,8,1,52,1.0,53.0,0.12607866199687123,25865,"AND(~AND(~x1,x2),~AND(x0,AND(x1,~x2)))",0,0,0,1.0
200,truth_table_200,AIG,1,1,2,2,2,4,1,25,1.0,26.0,0.12607866199687123,25865,"AND(x1,~AND(~x0,~x2))",1,1,1,0.0
201,truth_table_201,AIG,1,1,5,4,3,8,2,52,1.0,53.0,0.12607866199687123,25865,"AND(~AND(x1,AND(~x0,~x2)),~AND(~x1,~AND(~x0,~x2)))",0,0,0,3.0
202,truth_table_202,AIG,1,1,3,3,2,6,1,35,1.0,36.0,0.12607866199687123,25865,"AND(~AND(~x0,~x2),~AND(~x1,x2))",0,0,0,1.0
203,truth_table_203,AIG,1,1,4,4,3,8,1,52,1.0,53.0,0.12607866199687123,25865,"AND(~AND(~x1,x2),~AND(x1,AND(~x0,~x2)))",0,0,0,1.0
204,truth_table_204,AIG,1,1,0,0,0,0,0,7,1.0,8.0,0.12607866199687123,25865,x1,1,1,1,0.0
205,truth_table_205,AIG,1,1,2,2,2,4,1,25,1.0,26.0,0.12607866199687123,25865,"~AND(~x1,~AND(~x0,~x2))",1,1,1,0.0
206,truth_table_206,AIG,1,1,2,2,2,4,1,25,1.0,26.0,0.12607866199687123,25865,"~AND(~x1,~AND(x0,~x2))",1,1,1,0.0
207,truth_table_207,AIG,1,1,1,1,1,2,1,17,1.0,18.0,0.12607866199687123,25865,"~AND(~x1,x2)",1,1,1,0.0
208,truth_table_208,AIG,1,1,2,2,2,4,1,25,1.0,26.0,0.12607866199687123,25865,"AND(x2,~AND(x0,~x1))",1,1,1,0.0
209,truth_table_209,AIG,1,1,3,3,2,6,1,35,1.0,36.0,0.12607866199687123,25865,"AND(~AND(x0,~x1),~AND(x1,~x2))",0,0,0,1.0
210,truth_table_210,AIG,1,1,5,5,3,10,1,62,1.0,63.0,0.12607866199687123,25865,"AND(~AND(x0,AND(~x1,x2)),~AND(~x2,~AND(x0,~x1)))",0,0,0,3.0
211,truth_table_211,AIG,1,1,4,4,3,8,1,52,1.0,53.0,0.12607866199687123,25865,"AND(~AND(x1,~x2),~AND(x0,AND(~x1,x2)))",0,0,0,1.0
212,truth_table_212,AIG,1,1,4,4,3,8,1,52,1.0,53.0,0.12607866199687123,25865,"AND(~AND(x0,~x1),~AND(~x2,~AND(~x0,x1)))",0,0,0,3.0
213,truth_table_213,AIG,1,1,2,2,2,4,1,25,1.0,26.0,0.12607866199687123,25865,"~AND(x0,~AND(x1,x2))",1,1,1,0.0
214,truth_table_214,AIG,1,1,7,7,4,14,1,84,1.0,85.0,0.12607866199687123,25865,"AND(~AND(x0,AND(x1,~x2)),~AND(~AND(x0,~x2),AND(~x1,~AND(~x0,x2))))",0,0,0,3.0
215,truth_table_215,AIG,1,1,4,4,3,8,1,52,1.0,53.0,0.12607866199687123,25865,"~AND(x0,AND(~AND(x1,x2),~AND(~x1,~x2)))",0,0,0,2.0
216,mux3,AIG,1,1,3,3,2,6,1,35,1.0,36.0,0.12607866199687123,25865,"AND(~AND(x0,~x1),~AND(~x0,~x2))",0,0,0,1.0
217,truth_table_217,AIG,1,1,4,4,3,8,1,52,1.0,53.0,0.12607866199687123,25865,"AND(~AND(x0,~x1),~AND(x1,AND(~x0,~x2)))",0,0,0,1.0
218,truth_table_218,AIG,1,1,4,4,3,8,1,52,1.0,53.0,0.12607866199687123,25865,"AND(~AND(~x0,~x2),~AND(x0,AND(~x1,x2)))",0,0,0,1.0
219,truth_table_219,AIG,1,1,5,5,3,10,1,62,1.0,63.0,0.12607866199687123,25865,"AND(~AND(x0,AND(~x1,x2)),~AND(x1,AND(~x0,~x2)))",0,0,0,3.0
220,truth_table_220,AIG,1,1,2,2,2,4,1,25,1.0,26.0,0.12607866199687123,25865,"~AND(~x1,~AND(~x0,x2))",1,1,1,0.0
221,truth_table_221,AIG,1,1,1,1,1,2,1,17,1.0,18.0,0.12607866199687123,25865,"~AND(x0,~x1)",1,1,1,0.0
222,truth_table_222,AIG,1,1,4,4,3,8,1,52,1.0,53.0,0.12607866199687123,25865,"~AND(~AND(x0,~x2),AND(~x1,~AND(~x0,x2)))",0,0,0,2.0
223,truth_table_223,AIG,1,1,2,2,2,4,1,25,1.0,26.0,0.12607866199687123,25865,"~AND(x0,AND(~x1,x2))",1,1,1,0.0
224,truth_table_224,AIG,1,1,2,2,2,4,1,25,1.0,26.0,0.12607866199687123,25865,"AND(x2,~AND(~x0,~x1))",1,1,1,0.0
225,truth_table_225,AIG,1,1,5,4,3,8,2,52,1.0,53.0,0.12607866199687123,25865,"AND(~AND(x2,AND(~x0,~x1)),~AND(~x2,~AND(~x0,~x1)))",0,0,0,3.0
226,truth_table_226,AIG,1,1,3,3,2,6,1,35,1.0,36.0,0.12607866199687123,25865,"AND(~AND(~x0,~x1),~AND(x1,~x2))",0,0,0,1.0
227,truth_table_227,AIG,1,1,4,4,3,8,1,52,1.0,53.0,0.12607866199687123,25865,"AND(~AND(x1,~x2),~AND(x2,AND(~x0,~x1)))",0,0,0,1.0
228,truth_table_228,AIG,1,1,3,3,2,6,1,35,1.0,36.0,0.12607866199687123,25865,"AND(~AND(x0,~x2),~AND(~x0,~x1))",0,0,0,1.0
229,truth_table_229,AIG,1,1,4,4,3,8,1,52,1.0,53.0,0.12607866199687123,25865,"AND(~AND(x0,~x2),~AND(x2,AND(~x0,~x1)))",0,0,0,1.0
230,truth_table_230,AIG,1,1,4,4,3,8,1,52,1.0,53.0,0.12607866199687123,25865,"AND(~AND(~x0,~x1),~AND(x0,AND(x1,~x2)))",0,0,0,1.0
231,truth_table_231,AIG,1,1,5,5,3,10,1,62,1.0,63.0,0.12607866199687123,25865,"AND(~AND(x0,AND(x1,~x2)),~AND(x2,AND(~x0,~x1)))",0,0,0,3.0
232,majority3,AIG,1,1,4,4,3,8,1,52,1.0,53.0,0.12607866199687123,25865,"AND(~AND(~x0,~x1),~AND(~x2,~AND(x0,x1)))",0,0,0,3.0
233,truth_table_233,AIG,1,1,7,6,4,12,2,72,1.0,73.0,0.12607866199687123,25865,"AND(~AND(x0,AND(~x1,~x2)),~AND(~AND(x1,x2),AND(~x0,~AND(~x1,~x2))))",0,0,0,3.0
234,truth_table_234,AIG,1,1,2,2,2,4,1,25,1.0,26.0,0.12607866199687123,25865,"~AND(~x0,~AND(x1,x2))",1,1,1,0.0
235,truth_table_235,AIG,1,1,4,4,3,8,1,52,1.0,53.0,0.12607866199687123,25865,"~AND(~AND(x1,x2),AND(~x0,~AND(~x1,~x2)))",0,0,0,2.0
236,truth_table_236,AIG,1,1,2,2,2,4,1,25,1.0,26.0,0.12607866199687123,25865,"~AND(~x1,~AND(x0,x2))",1,1,1,0.0
237,truth_table_237,AIG,1,1,4,4,3,8,1,52,1.0,53.0,0.12607866199687123,25865,"~AND(~AND(x0,x2),AND(~x1,~AND(~x0,~x2)))",0,0,0,2.0
238,truth_table_238,AIG,1,1,1,1,1,2,1,17,1.0,18.0,0.12607866199687123,25865,"~AND(~x0,~x1)",1,1,1,0.0
239,truth_table_239,AIG,1,1,2,2,2,4,1,25,1.0,26.0,0.12607866199687123,25865,"~AND(x2,AND(~x0,~x1))",1,1,1,0.0
240,truth_table_240,AIG,1,1,0,0,0,0,0,7,1.0,8.0,0.12607866199687123,25865,x2,1,1,1,0.0
241,truth_table_241,AIG,1,1,2,2,2,4,1,25,1.0,26.0,0.12607866199687123,25865,"~AND(~x2,~AND(~x0,~x1))",1,1,1,0.0
242,truth_table_242,AIG,1,1,2,2,2,4,1,25,1.0,26.0,0.12607866199687123,25865,"~AND(~x2,~AND(x0,~x1))",1,1,1,0.0
243,truth_table_243,AIG,1,1,1,1,1,2,1,17,1.0,18.0,0.12607866199687123,25865,"~AND(x1,~x2)",1,1,1,0.0
244,truth_table_244,AIG,1,1,2,2,2,4,1,25,1.0,26.0,0.12607866199687123,25865,"~AND(~x2,~AND(~x0,x1))",1,1,1,0.0
245,truth_table_245,AIG,1,1,1,1,1,2,1,17,1.0,18.0,0.12607866199687123,25865,"~AND(x0,~x2)",1,1,1,0.0
246,truth_table_246,AIG,1,1,4,4,3,8,1,52,1.0,53.0,0.12607866199687123,25865,"~AND(~AND(x0,~x1),AND(~x2,~AND(~x0,x1)))",0,0,0,2.0
247,truth_table_247,AIG,1,1,2,2,2,4,1,25,1.0,26.0,0.12607866199687123,25865,"~AND(x0,AND(x1,~x2))",1,1,1,0.0
248,truth_table_248,AIG,1,1,2,2,2,4,1,25,1.0,26.0,0.12607866199687123,25865,"~AND(~x2,~AND(x0,x1))",1,1,1,0.0
249,truth_table_249,AIG,1,1,4,4,3,8,1,52,1.0,53.0,0.12607866199687123,25865,"~AND(~AND(x0,x1),AND(~x2,~AND(~x0,~x1)))",0,0,0,2.0
250,truth_table_250,AIG,1,1,1,1,1,2,1,17,1.0,18.0,0.12607866199687123,25865,"~AND(~x0,~x2)",1,1,1,0.0
251,truth_table_251,AIG,1,1,2,2,2,4,1,25,1.0,26.0,0.12607866199687123,25865,"~AND(x1,AND(~x0,~x2))",1,1,1,0.0
252,truth_table_252,AIG,1,1,1,1,1,2,1,17,1.0,18.0,0.12607866199687123,25865,"~AND(~x1,~x2)",1,1,1,0.0
253,truth_table_253,AIG,1,1,2,2,2,4,1,25,1.0,26.0,0.12607866199687123,25865,"~AND(x0,AND(~x1,~x2))",1,1,1,0.0
254,or3,AIG,1,1,2,2,2,4,1,25,1.0,26.0,0.12607866199687123,25865,"~AND(~x0,AND(~x1,~x2))",1,1,1,0.0
255,truth_table_255,AIG,1,1,0,0,0,0,0,7,1.0,8.0,0.12607866199687123,25865,1,1,1,1,0.0
0,zero,XAG,1,1,0,0,0,0,0,7,1.0,8.0,0.05249061796348542,11426,0,1,1,1,0.0
1,truth_table_001,XAG,1,1,2,2,2,4,1,27,1.0,28.0,0.05249061796348542,11426,"AND(~x0,AND(~x1,~x2))",1,1,0,0.0
2,truth_table_002,XAG,1,1,2,2,2,4,1,27,1.0,28.0,0.05249061796348542,11426,"AND(x0,AND(~x1,~x2))",1,1,0,0.0
3,truth_table_003,XAG,1,1,1,1,1,2,1,18,1.0,19.0,0.05249061796348542,11426,"AND(~x1,~x2)",1,1,0,0.0
4,truth_table_004,XAG,1,1,2,2,2,4,1,27,1.0,28.0,0.05249061796348542,11426,"AND(x1,AND(~x0,~x2))",1,1,0,0.0
5,truth_table_005,XAG,1,1,1,1,1,2,1,18,1.0,19.0,0.05249061796348542,11426,"AND(~x0,~x2)",1,1,0,0.0
6,truth_table_006,XAG,1,1,2,2,2,4,1,27,1.0,28.0,0.05249061796348542,11426,"AND(~x2,XOR(x0,x1))",1,1,1,0.0
7,truth_table_007,XAG,1,1,2,2,2,4,1,27,1.0,28.0,0.05249061796348542,11426,"AND(~x2,~AND(x0,x1))",1,1,0,0.0
8,truth_table_008,XAG,1,1,2,2,2,4,1,27,1.0,28.0,0.05249061796348542,11426,"AND(x0,AND(x1,~x2))",1,1,0,0.0
9,truth_table_009,XAG,1,1,2,2,2,4,1,27,1.0,28.0,0.05249061796348542,11426,"AND(~x2,XOR(x0,~x1))",1,1,1,0.0
10,truth_table_010,XAG,1,1,1,1,1,2,1,18,1.0,19.0,0.05249061796348542,11426,"AND(x0,~x2)",1,1,0,0.0
11,truth_table_011,XAG,1,1,2,2,2,4,1,27,1.0,28.0,0.05249061796348542,11426,"AND(~x2,~AND(~x0,x1))",1,1,0,0.0
12,truth_table_012,XAG,1,1,1,1,1,2,1,18,1.0,19.0,0.05249061796348542,11426,"AND(x1,~x2)",1,1,0,0.0
13,truth_table_013,XAG,1,1,2,2,2,4,1,27,1.0,28.0,0.05249061796348542,11426,"AND(~x2,~AND(x0,~x1))",1,1,0,0.0
14,truth_table_014,XAG,1,1,2,2,2,4,1,27,1.0,28.0,0.05249061796348542,11426,"AND(~x2,~AND(~x0,~x1))",1,1,0,0.0
15,truth_table_015,XAG,1,1,0,0,0,0,0,7,1.0,8.0,0.05249061796348542,11426,~x2,1,1,1,0.0
16,truth_table_016,XAG,1,1,2,2,2,4,1,27,1.0,28.0,0.05249061796348542,11426,"AND(x2,AND(~x0,~x1))",1,1,0,0.0
17,truth_table_017,XAG,1,1,1,1,1,2,1,18,1.0,19.0,0.05249061796348542,11426,"AND(~x0,~x1)",1,1,0,0.0
18,truth_table_018,XAG,1,1,2,2,2,4,1,27,1.0,28.0,0.05249061796348542,11426,"AND(~x1,XOR(x0,x2))",1,1,1,0.0
19,truth_table_019,XAG,1,1,2,2,2,4,1,27,1.0,28.0,0.05249061796348542,11426,"AND(~x1,~AND(x0,x2))",1,1,0,0.0
20,truth_table_020,XAG,1,1,2,2,2,4,1,27,1.0,28.0,0.05249061796348542,11426,"AND(~x0,XOR(x1,x2))",1,1,1,0.0
21,truth_table_021,XAG,1,1,2,2,2,4,1,27,1.0,28.0,0.05249061796348542,11426,"AND(~x0,~AND(x1,x2))",1,1,0,0.0
22,exactly_one3,XAG,1,1,4,4,3,8,1,56,1.0,57.0,0.05249061796348542,11426,"AND(~AND(x0,x1),XOR(x0,XOR(x1,x2)))",1,1,1,0.0
23,truth_table_023,XAG,1,1,4,4,3,8,1,56,1.0,57.0,0.05249061796348542,11426,"AND(~AND(x0,x1),~AND(x2,XOR(x0,x1)))",0,0,0,3.0
24,truth_table_024,XAG,1,1,3,3,2,6,1,38,1.0,39.0,0.05249061796348542,11426,"AND(XOR(x0,x2),XOR(x1,x2))",0,0,0,1.0
25,truth_table_025,XAG,1,1,3,3,2,6,1,38,1.0,39.0,0.05249061796348542,11426,"AND(~AND(x0,x2),XOR(x0,~x1))",1,1,1,0.0
26,truth_table_026,XAG,1,1,3,3,2,6,1,38,1.0,39.0,0.05249061796348542,11426,"AND(~AND(x1,x2),XOR(x0,x2))",1,1,1,0.0
27,truth_table_027,XAG,1,1,3,3,2,6,1,38,1.0,39.0,0.05249061796348542,11426,"AND(~AND(x0,x2),~AND(~x0,x1))",0,0,0,1.0
28,truth_table_028,XAG,1,1,3,3,2,6,1,38,1.0,39.0,0.05249061796348542,11426,"AND(~AND(x0,x2),XOR(x1,x2))",1,1,1,0.0
29,truth_table_029,XAG,1,1,3,3,2,6,1,38,1.0,39.0,0.05249061796348542,11426,"AND(~AND(x0,~x1),~AND(x1,x2))",0,0,0,1.0
30,truth_table_030,XAG,1,1,2,2,2,4,1,27,1.0,28.0,0.05249061796348542,11426,"XOR(x2,~AND(~x0,~x1))",1,1,1,0.0
31,truth_table_031,XAG,1,1,2,2,2,4,1,27,1.0,28.0,0.05249061796348542,11426,"~AND(x2,~AND(~x0,~x1))",1,1,0,0.0
32,truth_table_032,XAG,1,1,2,2,2,4,1,27,1.0,28.0,0.05249061796348542,11426,"AND(x0,AND(~x1,x2))",1,1,0,0.0
33,truth_table_033,XAG,1,1,2,2,2,4,1,27,1.0,28.0,0.05249061796348542,11426,"AND(~x1,XOR(x0,~x2))",1,1,1,0.0
34,truth_table_034,XAG,1,1,1,1,1,2,1,18,1.0,19.0,0.05249061796348542,11426,"AND(x0,~x1)",1,1,0,0.0
35,truth_table_035,XAG,1,1,2,2,2,4,1,27,1.0,28.0,0.05249061796348542,11426,"AND(~x1,~AND(~x0,x2))",1,1,0,0.0
36,truth_table_036,XAG,1,1,3,3,2,6,1,38,1.0,39.0,0.05249061796348542,11426,"AND(XOR(x0,x1),XOR(x0,~x2))",0,0,0,1.0
37,truth_table_037,XAG,1,1,3,3,2,6,1,38,1.0,39.0,0.05249061796348542,11426,"AND(~AND(x0,x1),XOR(x0,~x2))",1,1,1,0.0
38,truth_table_038,XAG,1,1,3,3,2,6,1,38,1.0,39.0,0.05249061796348542,11426,"AND(~AND(x1,x2),XOR(x0,x1))",1,1,1,0.0
39,truth_table_039,XAG,1,1,3,3,2,6,1,38,1.0,39.0,0.05249061796348542,11426,"AND(~AND(x0,x1),~AND(~x0,x2))",0,0,0,1.0
40,truth_table_040,XAG,1,1,2,2,2,4,1,27,1.0,28.0,0.05249061796348542,11426,"AND(x0,XOR(x1,x2))",1,1,1,0.0
41,truth_table_041,XAG,1,1,4,4,3,8,1,56,1.0,57.0,0.05249061796348542,11426,"AND(~AND(x1,x2),XOR(x0,AND(~x1,~x2)))",1,1,1,0.0
42,truth_table_042,XAG,1,1,2,2,2,4,1,27,1.0,28.0,0.05249061796348542,11426,"AND(x0,~AND(x1,x2))",1,1,0,0.0
43,truth_table_043,XAG,1,1,4,4,3,8,1,56,1.0,57.0,0.05249061796348542,11426,"AND(~AND(x1,x2),~AND(~x0,XOR(x1,x2)))",0,0,0,3.0
44,truth_table_044,XAG,1,1,3,3,2,6,1,38,1.0,39.0,0.05249061796348542,11426,"AND(~AND(~x0,x2),XOR(x1,x2))",1,1,1,0.0
45,truth_table_045,XAG,1,1,2,2,2,4,1,27,1.0,28.0,0.05249061796348542,11426,"XOR(x2,~AND(x0,~x1))",1,1,1,0.0
46,truth_table_046,XAG,1,1,3,3,2,6,1,38,1.0,39.0,0.05249061796348542,11426,"AND(~AND(~x0,~x1),~AND(x1,x2))",0,0,0,1.0
47,truth_table_047,XAG,1,1,2,2,2,4,1,27,1.0,28.0,0.05249061796348542,11426,"~AND(x2,~AND(x0,~x1))",1,1,0,0.0
48,truth_table_048,XAG,1,1,1,1,1,2,1,18,1.0,19.0,0.05249061796348542,11426,"AND(~x1,x2)",1,1,0,0.0
49,truth_table_049,XAG,1,1,2,2,2,4,1,27,1.0,28.0,0.05249061796348542,11426,"AND(~x1,~AND(x0,~x2))",1,1,0,0.0
50,truth_table_050,XAG,1,1,2,2,2,4,1,27,1.0,28.0,0.05249061796348542,11426,"AND(~x1,~AND(~x0,~x2))",1,1,0,0.0
51,truth_table_051,XAG,1,1,0,0,0,0,0,7,1.0,8.0,0.05249061796348542,11426,~x1,1,1,1,0.0
52,truth_table_052,XAG,1,1,3,3,2,6,1,38,1.0,39.0,0.05249061796348542,11426,"AND(~AND(x0,x1),XOR(x1,x2))",1,1,1,0.0
53,truth_table_053,XAG,1,1,3,3,2,6,1,38,1.0,39.0,0.05249061796348542,11426,"AND(~AND(x0,~x2),~AND(x1,x2))",0,0,0,1.0
54,truth_table_054,XAG,1,1,2,2,2,4,1,27,1.0,28.0,0.05249061796348542,11426,"XOR(x1,~AND(~x0,~x2))",1,1,1,0.0
55,truth_table_055,XAG,1,1,2,2,2,4,1,27,1.0,28.0,0.05249061796348542,11426,"~AND(x1,~AND(~x0,~x2))",1,1,0,0.0
56,truth_table_056,XAG,1,1,3,3,2,6,1,38,1.0,39.0,0.05249061796348542,11426,"AND(~AND(~x0,x1),XOR(x1,x2))",1,1,1,0.0
57,truth_table_057,XAG,1,1,2,2,2,4,1,27,1.0,28.0,0.05249061796348542,11426,"XOR(x1,~AND(x0,~x2))",1,1,1,0.0
58,truth_table_058,XAG,1,1,3,3,2,6,1,38,1.0,39.0,0.05249061796348542,11426,"AND(~AND(~x0,~x2),~AND(x1,x2))",0,0,0,1.0
59,truth_table_059,XAG,1,1,2,2,2,4,1,27,1.0,28.0,0.05249061796348542,11426,"~AND(x1,~AND(x0,~x2))",1,1,0,0.0
60,truth_table_060,XAG,1,1,1,1,1,2,1,18,1.0,19.0,0.05249061796348542,11426,"XOR(x1,x2)",1,1,1,0.0
61,truth_table_061,XAG,1,1,3,3,2,6,1,38,1.0,39.0,0.05249061796348542,11426,"~AND(~AND(~x0,~x1),XOR(x1,~x2))",1,1,1,0.0
62,truth_table_062,XAG,1,1,3,3,2,6,1,38,1.0,39.0,0.05249061796348542,11426,"~AND(~AND(x0,~x1),XOR(x1,~x2))",1,1,1,0.0
63,truth_table_063,XAG,1,1,1,1,1,2,1,18,1.0,19.0,0.05249061796348542,11426,"~AND(x1,x2)",1,1,0,0.0
64,truth_table_064,XAG,1,1,2,2,2,4,1,27,1.0,28.0,0.05249061796348542,11426,"AND(x1,AND(~x0,x2))",1,1,0,0.0
65,truth_table_065,XAG,1,1,2,2,2,4,1,27,1.0,28.0,0.05249061796348542,11426,"AND(~x0,XOR(x1,~x2))",1,1,1,0.0
66,truth_table_066,XAG,1,1,3,3,2,6,1,38,1.0,39.0,0.05249061796348542,11426,"AND(XOR(x0,x1),XOR(x0,x2))",0,0,0,1.0
67,truth_table_067,XAG,1,1,3,3,2,6,1,38,1.0,39.0,0.05249061796348542,11426,"AND(~AND(x0,x1),XOR(x1,~x2))",1,1,1,0.0
68,truth_table_068,XAG,1,1,1,1,1,2,1,18,1.0,19.0,0.05249061796348542,11426,"AND(~x0,x1)",1,1,0,0.0
69,truth_table_069,XAG,1,1,2,2,2,4,1,27,1.0,28.0,0.05249061796348542,11426,"AND(~x0,~AND(~x1,x2))",1,1,0,0.0
70,truth_table_070,XAG,1,1,3,3,2,6,1,38,1.0,39.0,0.05249061796348542,11426,"AND(~AND(x0,x2),XOR(x0,x1))",1,1,1,0.0
71,truth_table_071,XAG,1,1,3,3,2,6,1,38,1.0,39.0,0.05249061796348542,11426,"AND(~AND(x0,x1),~AND(~x1,x2))",0,0,0,1.0
72,truth_table_072,XAG,1,1,2,2,2,4,1,27,1.0,28.0,0.05249061796348542,11426,"AND(x1,XOR(x0,x2))",1,1,1,0.0
73,truth_table_073,XAG,1,1,4,4,3,8,1,56,1.0,57.0,0.05249061796348542,11426,"AND(~AND(x0,x2),XOR(x0,XOR(x1,~x2)))",1,1,1,0.0
74,truth_table_074,XAG,1,1,3,3,2,6,1,38,1.0,39.0,0.05249061796348542,11426,"AND(~AND(~x0,~x1),XOR(x0,x2))",1,1,1,0.0
75,truth_table_075,XAG,1,1,2,2,2,4,1,27,1.0,28.0,0.05249061796348542,11426,"XOR(x2,~AND(~x0,x1))",1,1,1,0.0
76,truth_table_076,XAG,1,1,2,2,2,4,1,27,1.0,28.0,0.05249061796348542,11426,"AND(x1,~AND(x0,x2))",1,1,0,0.0
77,truth_table_077,XAG,1,1,4,4,3,8,1,56,1.0,57.0,0.05249061796348542,11426,"AND(~AND(x0,x2),~AND(~x1,XOR(x0,x2)))",0,0,0,3.0
78,truth_table_078,XAG,1,1,3,3,2,6,1,38,1.0,39.0,0.05249061796348542,11426,"AND(~AND(x0,x2),~AND(~x0,~x1))",0,0,0,1.0
79,truth_table_079,XAG,1,1,2,2,2,4,1,27,1.0,28.0,0.05249061796348542,11426,"~AND(x2,~AND(~x0,x1))",1,1,0,0.0
80,truth_table_080,XAG,1,1,1,1,1,2,1,18,1.0,19.0,0.05249061796348542,11426,"AND(~x0,x2)",1,1,0,0.0
81,truth_table_081,XAG,1,1,2,2,2,4,1,27,1.0,28.0,0.05249061796348542,11426,"AND(~x0,~AND(x1,~x2))",1,1,0,0.0
82,truth_table_082,XAG,1,1,3,3,2,6,1,38,1.0,39.0,0.05249061796348542,11426,"AND(~AND(x0,x1),XOR(x0,x2))",1,1,1,0.0
83,truth_table_083,XAG,1,1,3,3,2,6,1,38,1.0,39.0,0.05249061796348542,11426,"AND(~AND(x0,x2),~AND(x1,~x2))",0,0,0,1.0
84,truth_table_084,XAG,1,1,2,2,2,4,1,27,1.0,28.0,0.05249061796348542,11426,"AND(~x0,~AND(~x1,~x2))",1,1,0,0.0
85,truth_table_085,XAG,1,1,0,0,0,0,0,7,1.0,8.0,0.05249061796348542,11426,~x0,1,1,1,0.0
86,truth_table_086,XAG,1,1,2,2,2,4,1,27,1.0,28.0,0.05249061796348542,11426,"XOR(x0,~AND(~x1,~x2))",1,1,1,0.0
87,truth_table_087,XAG,1,1,2,2,2,4,1,27,1.0,28.0,0.05249061796348542,11426,"~AND(x0,~AND(~x1,~x2))",1,1,0,0.0
88,truth_table_088,XAG,1,1,3,3,2,6,1,38,1.0,39.0,0.05249061796348542,11426,"AND(~AND(x0,~x1),XOR(x0,x2))",1,1,1,0.0
89,truth_table_089,XAG,1,1,2,2,2,4,1,27,1.0,28.0,0.05249061796348542,11426,"XOR(x0,~AND(x1,~x2))",1,1,1,0.0
90,truth_table_090,XAG,1,1,1,1,1,2,1,18,1.0,19.0,0.05249061796348542,11426,"XOR(x0,x2)",1,1,1,0.0
91,truth_table_091,XAG,1,1,3,3,2,6,1,38,1.0,39.0,0.05249061796348542,11426,"~AND(~AND(~x0,~x1),XOR(x0,~x2))",1,1,1,0.0
92,truth_table_092,XAG,1,1,3,3,2,6,1,38,1.0,39.0,0.05249061796348542,11426,"AND(~AND(x0,x2),~AND(~x1,~x2))",0,0,0,1.0
93,truth_table_093,XAG,1,1,2,2,2,4,1,27,1.0,28.0,0.05249061796348542,11426,"~AND(x0,~AND(x1,~x2))",1,1,0,0.0
94,truth_table_094,XAG,1,1,3,3,2,6,1,38,1.0,39.0,0.05249061796348542,11426,"~AND(~AND(x1,~x2),XOR(x0,~x2))",1,1,1,0.0
95,truth_table_095,XAG,1,1,1,1,1,2,1,18,1.0,19.0,0.05249061796348542,11426,"~AND(x0,x2)",1,1,0,0.0
96,truth_table_096,XAG,1,1,2,2,2,4,1,27,1.0,28.0,0.05249061796348542,11426,"AND(x2,XOR(x0,x1))",1,1,1,0.0
97,truth_table_097,XAG,1,1,4,4,3,8,1,56,1.0,57.0,0.05249061796348542,11426,"AND(~AND(x0,x1),XOR(x0,XOR(x1,~x2)))",1,1,1,0.0
98,truth_table_098,XAG,1,1,3,3,2,6,1,38,1.0,39.0,0.05249061796348542,11426,"AND(~AND(x1,~x2),XOR(x0,x1))",1,1,1,0.0
99,truth_table_099,XAG,1,1,2,2,2,4,1,27,1.0,28.0,0.05249061796348542,11426,"XOR(x1,~AND(~x0,x2))",1,1,1,0.0
100,truth_table_100,XAG,1,1,3,3,2,6,1,38,1.0,39.0,0.05249061796348542,11426,"AND(~AND(x0,~x2),XOR(x0,x1))",1,1,1,0.0
101,truth_table_101,XAG,1,1,2,2,2,4,1,27,1.0,28.0,0.05249061796348542,11426,"XOR(x0,~AND(~x1,x2))",1,1,1,0.0
102,truth_table_102,XAG,1,1,1,1,1,2,1,18,1.0,19.0,0.05249061796348542,11426,"XOR(x0,x1)",1,1,1,0.0
103,truth_table_103,XAG,1,1,3,3,2,6,1,38,1.0,39.0,0.05249061796348542,11426,"~AND(~AND(~x0,~x2),XOR(x0,~x1))",1,1,1,0.0
104,truth_table_104,XAG,1,1,4,4,3,8,1,56,1.0,57.0,0.05249061796348542,11426,"AND(~AND(~x0,~x1),XOR(x0,XOR(x1,~x2)))",1,1,1,0.0
105,truth_table_105,XAG,1,1,2,2,2,4,1,27,1.0,28.0,0.05249061796348542,11426,"XOR(x0,XOR(x1,~x2))",1,1,1,0.0
106,truth_table_106,XAG,1,1,2,2,2,4,1,27,1.0,28.0,0.05249061796348542,11426,"XOR(x0,AND(x1,x2))",1,1,1,0.0
107,truth_table_107,XAG,1,1,4,4,3,8,1,56,1.0,57.0,0.05249061796348542,11426,"XOR(AND(x1,x2),~AND(~x0,~AND(~x1,~x2)))",1,1,1,0.0
108,truth_table_108,XAG,1,1,2,2,2,4,1,27,1.0,28.0,0.05249061796348542,11426,"XOR(x1,AND(x0,x2))",1,1,1,0.0
109,truth_table_109,XAG,1,1,4,4,3,8,1,56,1.0,57.0,0.05249061796348542,11426,"XOR(AND(x0,x2),~AND(~x1,~AND(~x0,~x2)))",1,1,1,0.0
110,truth_table_110,XAG,1,1,3,3,2,6,1,38,1.0,39.0,0.05249061796348542,11426,"~AND(~AND(x0,~x2),XOR(x0,~x1))",1,1,1,0.0
111,truth_table_111,XAG,1,1,2,2,2,4,1,27,1.0,28.0,0.05249061796348542,11426,"~AND(x2,XOR(x0,~x1))",1,1,1,0.0
112,truth_table_112,XAG,1,1,2,2,2,4,1,27,1.0,28.0,0.05249061796348542,11426,"AND(x2,~AND(x0,x1))",1,1,0,0.0
113,truth_table_113,XAG,1,1,4,4,3,8,1,56,1.0,57.0,0.05249061796348542,11426,"AND(~AND(x0,x1),~AND(~x2,XOR(x0,x1)))",0,0,0,3.0
114,truth_table_114,XAG,1,1,3,3,2,6,1,38,1.0,39.0,0.05249061796348542,11426,"AND(~AND(x0,x1),~AND(~x0,~x2))",0,0,0,1.0
115,truth_table_115,XAG,1,1,2,2,2,4,1,27,1.0,28.0,0.05249061796348542,11426,"~AND(x1,~AND(~x0,x2))",1,1,0,0.0
116,truth_table_116,XAG,1,1,3,3,2,6,1,38,1.0,39.0,0.05249061796348542,11426,"AND(~AND(x0,x1),~AND(~x1,~x2))",0,0,0,1.0
117,truth_table_117,XAG,1,1,2,2,2,4,1,27,1.0,28.0,0.05249061796348542,11426,"~AND(x0,~AND(~x1,x2))",1,1,0,0.0
118,truth_table_118,XAG,1,1,3,3,2,6,1,38,1.0,39.0,0.05249061796348542,11426,"~AND(~AND(~x0,x2),XOR(x0,~x1))",1,1,1,0.0
119,truth_table_119,XAG,1,1,1,1,1,2,1,18,1.0,19.0,0.05249061796348542,11426,"~AND(x0,x1)",1,1,0,0.0
120,truth_table_120,XAG,1,1,2,2,2,4,1,27,1.0,28.0,0.05249061796348542,11426,"XOR(x2,AND(x0,x1))",1,1,1,0.0
121,truth_table_121,XAG,1,1,4,4,3,8,1,56,1.0,57.0,0.05249061796348542,11426,"XOR(AND(x0,x1),~AND(~x2,~AND(~x0,~x1)))",1,1,1,0.0
122,truth_table_122,XAG,1,1,3,3,2,6,1,38,1.0,39.0,0.05249061796348542,11426,"~AND(~AND(x0,~x1),XOR(x0,~x2))",1,1,1,0.0
123,truth_table_123,XAG,1,1,2,2,2,4,1,27,1.0,28.0,0.05249061796348542,11426,"~AND(x1,XOR(x0,~x2))",1,1,1,0.0
124,truth_table_124,XAG,1,1,3,3,2,6,1,38,1.0,39.0,0.05249061796348542,11426,"~AND(~AND(~x0,x1),XOR(x1,~x2))",1,1,1,0.0
125,truth_table_125,XAG,1,1,2,2,2,4,1,27,1.0,28.0,0.05249061796348542,11426,"~AND(x0,XOR(x1,~x2))",1,1,1,0.0
126,truth_table_126,XAG,1,1,3,3,2,6,1,38,1.0,39.0,0.05249061796348542,11426,"~AND(XOR(x0,~x1),XOR(x0,~x2))",0,0,0,1.0
127,truth_table_127,XAG,1,1,2,2,2,4,1,27,1.0,28.0,0.05249061796348542,11426,"~AND(x0,AND(x1,x2))",1,1,0,0.0
128,and3,XAG,1,1,2,2,2,4,1,27,1.0,28.0,0.05249061796348542,11426,"AND(x0,AND(x1,x2))",1,1,0,0.0
129,truth_table_129,XAG,1,1,3,3,2,6,1,38,1.0,39.0,0.05249061796348542,11426,"AND(XOR(x0,~x1),XOR(x0,~x2))",0,0,0,1.0
130,truth_table_130,XAG,1,1,2,2,2,4,1,27,1.0,28.0,0.05249061796348542,11426,"AND(x0,XOR(x1,~x2))",1,1,1,0.0
131,truth_table_131,XAG,1,1,3,3,2,6,1,38,1.0,39.0,0.05249061796348542,11426,"AND(~AND(~x0,x1),XOR(x1,~x2))",1,1,1,0.0
132,truth_table_132,XAG,1,1,2,2,2,4,1,27,1.0,28.0,0.05249061796348542,11426,"AND(x1,XOR(x0,~x2))",1,1,1,0.0
133,truth_table_133,XAG,1,1,3,3,2,6,1,38,1.0,39.0,0.05249061796348542,11426,"AND(~AND(x0,~x1),XOR(x0,~x2))",1,1,1,0.0
134,truth_table_134,XAG,1,1,4,4,3,8,1,56,1.0,57.0,0.05249061796348542,11426,"AND(~AND(~x0,x2),XOR(x0,XOR(x1,x2)))",1,1,1,0.0
135,truth_table_135,XAG,1,1,2,2,2,4,1,27,1.0,28.0,0.05249061796348542,11426,"XOR(x2,~AND(x0,x1))",1,1,1,0.0
136,truth_table_136,XAG,1,1,1,1,1,2,1,18,1.0,19.0,0.05249061796348542,11426,"AND(x0,x1)",1,1,0,0.0
137,truth_table_137,XAG,1,1,3,3,2,6,1,38,1.0,39.0,0.05249061796348542,11426,"AND(~AND(~x0,x2),XOR(x0,~x1))",1,1,1,0.0
138,truth_table_138,XAG,1,1,2,2,2,4,1,27,1.0,28.0,0.05249061796348542,11426,"AND(x0,~AND(~x1,x2))",1,1,0,0.0
139,truth_table_139,XAG,1,1,3,3,2,6,1,38,1.0,39.0,0.05249061796348542,11426,"AND(~AND(~x0,x1),~AND(~x1,x2))",0,0,0,1.0
140,truth_table_140,XAG,1,1,2,2,2,4,1,27,1.0,28.0,0.05249061796348542,11426,"AND(x1,~AND(~x0,x2))",1,1,0,0.0
141,truth_table_141,XAG,1,1,3,3,2,6,1,38,1.0,39.0,0.05249061796348542,11426,"AND(~AND(x0,~x1),~AND(~x0,x2))",0,0,0,1.0
142,truth_table_142,XAG,1,1,4,4,3,8,1,56,1.0,57.0,0.05249061796348542,11426,"AND(~AND(~x0,x2),~AND(~x1,XOR(x0,~x2)))",0,0,0,3.0
143,truth_table_143,XAG,1,1,2,2,2,4,1,27,1.0,28.0,0.05249061796348542,11426,"~AND(x2,~AND(x0,x1))",1,1,0,0.0
144,truth_table_144,XAG,1,1,2,2,2,4,1,27,1.0,28.0,0.05249061796348542,11426,"AND(x2,XOR(x0,~x1))",1,1,1,0.0
145,truth_table_145,XAG,1,1,3,3,2,6,1,38,1.0,39.0,0.05249061796348542,11426,"AND(~AND(x0,~x2),XOR(x0,~x1))",1,1,1,0.0
146,truth_table_146,XAG,1,1,4,4,3,8,1,56,1.0,57.0,0.05249061796348542,11426,"AND(~AND(x1,~x2),XOR(x0,AND(~x1,x2)))",1,1,1,0.0
147,truth_table_147,XAG,1,1,2,2,2,4,1,27,1.0,28.0,0.05249061796348542,11426,"XOR(x1,~AND(x0,x2))",1,1,1,0.0
148,truth_table_148,XAG,1,1,4,4,3,8,1,56,1.0,57.0,0.05249061796348542,11426,"AND(~AND(x0,~x1),XOR(x0,XOR(x1,x2)))",1,1,1,0.0
149,truth_table_149,XAG,1,1,2,2,2,4,1,27,1.0,28.0,0.05249061796348542,11426,"XOR(x0,~AND(x1,x2))",1,1,1,0.0
150,parity3,XAG,1,1,2,2,2,4,1,27,1.0,28.0,0.05249061796348542,11426,"XOR(x0,XOR(x1,x2))",1,1,1,0.0
151,truth_table_151,XAG,1,1,4,4,3,8,1,56,1.0,57.0,0.05249061796348542,11426,"XOR(AND(x0,x1),~AND(x2,~AND(~x0,~x1)))",1,1,1,0.0
152,truth_table_152,XAG,1,1,3,3,2,6,1,38,1.0,39.0,0.05249061796348542,11426,"AND(~AND(~x0,~x2),XOR(x0,~x1))",1,1,1,0.0
153,truth_table_153,XAG,1,1,1,1,1,2,1,18,1.0,19.0,0.05249061796348542,11426,"XOR(x0,~x1)",1,1,1,0.0
154,truth_table_154,XAG,1,1,2,2,2,4,1,27,1.0,28.0,0.05249061796348542,11426,"XOR(x0,AND(~x1,x2))",1,1,1,0.0
155,truth_table_155,XAG,1,1,3,3,2,6,1,38,1.0,39.0,0.05249061796348542,11426,"~AND(~AND(x0,~x2),XOR(x0,x1))",1,1,1,0.0
156,truth_table_156,XAG,1,1,2,2,2,4,1,27,1.0,28.0,0.05249061796348542,11426,"XOR(x1,AND(~x0,x2))",1,1,1,0.0
157,truth_table_157,XAG,1,1,3,3,2,6,1,38,1.0,39.0,0.05249061796348542,11426,"~AND(~AND(x1,~x2),XOR(x0,x1))",1,1,1,0.0
158,truth_table_158,XAG,1,1,4,4,3,8,1,56,1.0,57.0,0.05249061796348542,11426,"XOR(AND(~x0,x2),~AND(~x1,~AND(x0,~x2)))",1,1,1,0.0
159,truth_table_159,XAG,1,1,2,2,2,4,1,27,1.0,28.0,0.05249061796348542,11426,"~AND(x2,XOR(x0,x1))",1,1,1,0.0
160,truth_table_160,XAG,1,1,1,1,1,2,1,18,1.0,19.0,0.05249061796348542,11426,"AND(x0,x2)",1,1,0,0.0
161,truth_table_161,XAG,1,1,3,3,2,6,1,38,1.0,39.0,0.05249061796348542,11426,"AND(~AND(x1,~x2),XOR(x0,~x2))",1,1,1,0.0
162,truth_table_162,XAG,1,1,2,2,2,4,1,27,1.0,28.0,0.05249061796348542,11426,"AND(x0,~AND(x1,~x2))",1,1,0,0.0
163,truth_table_163,XAG,1,1,3,3,2,6,1,38,1.0,39.0,0.05249061796348542,11426,"AND(~AND(~x0,x2),~AND(x1,~x2))",0,0,0,1.0
164,truth_table_164,XAG,1,1,3,3,2,6,1,38,1.0,39.0,0.05249061796348542,11426,"AND(~AND(~x0,~x1),XOR(x0,~x2))",1,1,1,0.0
165,truth_table_165,XAG,1,1,1,1,1,2,1,18,1.0,19.0,0.05249061796348542,11426,"XOR(x0,~x2)",1,1,1,0.0
166,truth_table_166,XAG,1,1,2,2,2,4,1,27,1.0,28.0,0.05249061796348542,11426,"XOR(x0,AND(x1,~x2))",1,1,1,0.0
167,truth_table_167,XAG,1,1,3,3,2,6,1,38,1.0,39.0,0.05249061796348542,11426,"~AND(~AND(x0,~x1),XOR(x0,x2))",1,1,1,0.0
168,truth_table_168,XAG,1,1,2,2,2,4,1,27,1.0,28.0,0.05249061796348542,11426,"AND(x0,~AND(~x1,~x2))",1,1,0,0.0
169,truth_table_169,XAG,1,1,2,2,2,4,1,27,1.0,28.0,0.05249061796348542,11426,"XOR(x0,AND(~x1,~x2))",1,1,1,0.0
170,literal_x0,XAG,1,1,0,0,0,0,0,7,1.0,8.0,0.05249061796348542,11426,x0,1,1,1,0.0
171,truth_table_171,XAG,1,1,2,2,2,4,1,27,1.0,28.0,0.05249061796348542,11426,"~AND(~x0,~AND(~x1,~x2))",1,1,0,0.0
172,truth_table_172,XAG,1,1,3,3,2,6,1,38,1.0,39.0,0.05249061796348542,11426,"AND(~AND(~x0,x2),~AND(~x1,~x2))",0,0,0,1.0
173,truth_table_173,XAG,1,1,3,3,2,6,1,38,1.0,39.0,0.05249061796348542,11426,"~AND(~AND(x0,x1),XOR(x0,x2))",1,1,1,0.0
174,truth_table_174,XAG,1,1,2,2,2,4,1,27,1.0,28.0,0.05249061796348542,11426,"~AND(~x0,~AND(x1,~x2))",1,1,0,0.0
175,truth_table_175,XAG,1,1,1,1,1,2,1,18,1.0,19.0,0.05249061796348542,11426,"~AND(~x0,x2)",1,1,0,0.0
176,truth_table_176,XAG,1,1,2,2,2,4,1,27,1.0,28.0,0.05249061796348542,11426,"AND(x2,~AND(~x0,x1))",1,1,0,0.0
177,truth_table_177,XAG,1,1,3,3,2,6,1,38,1.0,39.0,0.05249061796348542,11426,"AND(~AND(x0,~x2),~AND(~x0,x1))",0,0,0,1.0
178,truth_table_178,XAG,1,1,4,4,3,8,1,56,1.0,57.0,0.05249061796348542,11426,"AND(~AND(x1,~x2),~AND(~x0,XOR(x1,~x2)))",0,0,0,3.0
179,truth_table_179,XAG,1,1,2,2,2,4,1,27,1.0,28.0,0.05249061796348542,11426,"~AND(x1,~AND(x0,x2))",1,1,0,0.0
180,truth_table_180,XAG,1,1,2,2,2,4,1,27,1.0,28.0,0.05249061796348542,11426,"XOR(x2,AND(~x0,x1))",1,1,1,0.0
181,truth_table_181,XAG,1,1,3,3,2,6,1,38,1.0,39.0,0.05249061796348542,11426,"~AND(~AND(~x0,~x1),XOR(x0,x2))",1,1,1,0.0
182,truth_table_182,XAG,1,1,4,4,3,8,1,56,1.0,57.0,0.05249061796348542,11426,"XOR(AND(x1,~x2),~AND(~x0,~AND(~x1,x2)))",1,1,1,0.0
183,truth_table_183,XAG,1,1,2,2,2,4,1,27,1.0,28.0,0.05249061796348542,11426,"~AND(x1,XOR(x0,x2))",1,1,1,0.0
184,truth_table_184,XAG,1,1,3,3,2,6,1,38,1.0,39.0,0.05249061796348542,11426,"AND(~AND(~x0,x1),~AND(~x1,~x2))",0,0,0,1.0
185,truth_table_185,XAG,1,1,3,3,2,6,1,38,1.0,39.0,0.05249061796348542,11426,"~AND(~AND(x0,x2),XOR(x0,x1))",1,1,1,0.0
186,truth_table_186,XAG,1,1,2,2,2,4,1,27,1.0,28.0,0.05249061796348542,11426,"~AND(~x0,~AND(~x1,x2))",1,1,0,0.0
187,truth_table_187,XAG,1,1,1,1,1,2,1,18,1.0,19.0,0.05249061796348542,11426,"~AND(~x0,x1)",1,1,0,0.0
188,truth_table_188,XAG,1,1,3,3,2,6,1,38,1.0,39.0,0.05249061796348542,11426,"~AND(~AND(x0,x1),XOR(x1,~x2))",1,1,1,0.0
189,truth_table_189,XAG,1,1,3,3,2,6,1,38,1.0,39.0,0.05249061796348542,11426,"~AND(XOR(x0,x1),XOR(x0,x2))",0,0,0,1.0
190,truth_table_190,XAG,1,1,2,2,2,4,1,27,1.0,28.0,0.05249061796348542,11426,"~AND(~x0,XOR(x1,~x2))",1,1,1,0.0
191,truth_table_191,XAG,1,1,2,2,2,4,1,27,1.0,28.0,0.05249061796348542,11426,"~AND(x1,AND(~x0,x2))",1,1,0,0.0
192,truth_table_192,XAG,1,1,1,1,1,2,1,18,1.0,19.0,0.05249061796348542,11426,"AND(x1,x2)",1,1,0,0.0
193,truth_table_193,XAG,1,1,3,3,2,6,1,38,1.0,39.0,0.05249061796348542,11426,"AND(~AND(x0,~x1),XOR(x1,~x2))",1,1,1,0.0
194,truth_table_194,XAG,1,1,3,3,2,6,1,38,1.0,39.0,0.05249061796348542,11426,"AND(~AND(~x0,~x1),XOR(x1,~x2))",1,1,1,0.0
195,truth_table_195,XAG,1,1,1,1,1,2,1,18,1.0,19.0,0.05249061796348542,11426,"XOR(x1,~x2)",1,1,1,0.0
196,truth_table_196,XAG,1,1,2,2,2,4,1,27,1.0,28.0,0.05249061796348542,11426,"AND(x1,~AND(x0,~x2))",1,1,0,0.0
197,truth_table_197,XAG,1,1,3,3,2,6,1,38,1.0,39.0,0.05249061796348542,11426,"AND(~AND(x0,~x2),~AND(~x1,x2))",0,0,0,1.0
198,truth_table_198,XAG,1,1,2,2,2,4,1,27,1.0,28.0,0.05249061796348542,11426,"XOR(x1,AND(x0,~x2))",1,1,1,0.0
199,truth_table_199,XAG,1,1,3,3,2,6,1,38,1.0,39.0,0.05249061796348542,11426,"~AND(~AND(~x0,x1),XOR(x1,x2))",1,1,1,0.0
200,truth_table_200,XAG,1,1,2,2,2,4,1,27,1.0,28.0,0.05249061796348542,11426,"AND(x1,~AND(~x0,~x2))",1,1,0,0.0
201,truth_table_201,XAG,1,1,2,2,2,4,1,27,1.0,28.0,0.05249061796348542,11426,"XOR(x1,AND(~x0,~x2))",1,1,1,0.0
202,truth_table_202,XAG,1,1,3,3,2,6,1,38,1.0,39.0,0.05249061796348542,11426,"AND(~AND(~x0,~x2),~AND(~x1,x2))",0,0,0,1.0
203,truth_table_203,XAG,1,1,3,3,2,6,1,38,1.0,39.0,0.05249061796348542,11426,"~AND(~AND(x0,x1),XOR(x1,x2))",1,1,1,0.0
204,truth_table_204,XAG,1,1,0,0,0,0,0,7,1.0,8.0,0.05249061796348542,11426,x1,1,1,1,0.0
205,truth_table_205,XAG,1,1,2,2,2,4,1,27,1.0,28.0,0.05249061796348542,11426,"~AND(~x1,~AND(~x0,~x2))",1,1,0,0.0
206,truth_table_206,XAG,1,1,2,2,2,4,1,27,1.0,28.0,0.05249061796348542,11426,"~AND(~x1,~AND(x0,~x2))",1,1,0,0.0
207,truth_table_207,XAG,1,1,1,1,1,2,1,18,1.0,19.0,0.05249061796348542,11426,"~AND(~x1,x2)",1,1,0,0.0
208,truth_table_208,XAG,1,1,2,2,2,4,1,27,1.0,28.0,0.05249061796348542,11426,"AND(x2,~AND(x0,~x1))",1,1,0,0.0
209,truth_table_209,XAG,1,1,3,3,2,6,1,38,1.0,39.0,0.05249061796348542,11426,"AND(~AND(x0,~x1),~AND(x1,~x2))",0,0,0,1.0
210,truth_table_210,XAG,1,1,2,2,2,4,1,27,1.0,28.0,0.05249061796348542,11426,"XOR(x2,AND(x0,~x1))",1,1,1,0.0
211,truth_table_211,XAG,1,1,3,3,2,6,1,38,1.0,39.0,0.05249061796348542,11426,"~AND(~AND(~x0,x2),XOR(x1,x2))",1,1,1,0.0
212,truth_table_212,XAG,1,1,4,4,3,8,1,56,1.0,57.0,0.05249061796348542,11426,"AND(~AND(x0,~x1),~AND(~x2,XOR(x0,~x1)))",0,0,0,3.0
213,truth_table_213,XAG,1,1,2,2,2,4,1,27,1.0,28.0,0.05249061796348542,11426,"~AND(x0,~AND(x1,x2))",1,1,0,0.0
214,truth_table_214,XAG,1,1,4,4,3,8,1,56,1.0,57.0,0.05249061796348542,11426,"XOR(AND(x0,~x1),~AND(~x2,~AND(~x0,x1)))",1,1,1,0.0
215,truth_table_215,XAG,1,1,2,2,2,4,1,27,1.0,28.0,0.05249061796348542,11426,"~AND(x0,XOR(x1,x2))",1,1,1,0.0
216,mux3,XAG,1,1,3,3,2,6,1,38,1.0,39.0,0.05249061796348542,11426,"AND(~AND(x0,~x1),~AND(~x0,~x2))",0,0,0,1.0
217,truth_table_217,XAG,1,1,3,3,2,6,1,38,1.0,39.0,0.05249061796348542,11426,"~AND(~AND(x1,x2),XOR(x0,x1))",1,1,1,0.0
218,truth_table_218,XAG,1,1,3,3,2,6,1,38,1.0,39.0,0.05249061796348542,11426,"~AND(~AND(x0,x1),XOR(x0,~x2))",1,1,1,0.0
219,truth_table_219,XAG,1,1,3,3,2,6,1,38,1.0,39.0,0.05249061796348542,11426,"~AND(XOR(x0,x1),XOR(x0,~x2))",0,0,0,1.0
220,truth_table_220,XAG,1,1,2,2,2,4,1,27,1.0,28.0,0.05249061796348542,11426,"~AND(~x1,~AND(~x0,x2))",1,1,0,0.0
221,truth_table_221,XAG,1,1,1,1,1,2,1,18,1.0,19.0,0.05249061796348542,11426,"~AND(x0,~x1)",1,1,0,0.0
222,truth_table_222,XAG,1,1,2,2,2,4,1,27,1.0,28.0,0.05249061796348542,11426,"~AND(~x1,XOR(x0,~x2))",1,1,1,0.0
223,truth_table_223,XAG,1,1,2,2,2,4,1,27,1.0,28.0,0.05249061796348542,11426,"~AND(x0,AND(~x1,x2))",1,1,0,0.0
224,truth_table_224,XAG,1,1,2,2,2,4,1,27,1.0,28.0,0.05249061796348542,11426,"AND(x2,~AND(~x0,~x1))",1,1,0,0.0
225,truth_table_225,XAG,1,1,2,2,2,4,1,27,1.0,28.0,0.05249061796348542,11426,"XOR(x2,AND(~x0,~x1))",1,1,1,0.0
226,truth_table_226,XAG,1,1,3,3,2,6,1,38,1.0,39.0,0.05249061796348542,11426,"AND(~AND(~x0,~x1),~AND(x1,~x2))",0,0,0,1.0
227,truth_table_227,XAG,1,1,3,3,2,6,1,38,1.0,39.0,0.05249061796348542,11426,"~AND(~AND(x0,x2),XOR(x1,x2))",1,1,1,0.0
228,truth_table_228,XAG,1,1,3,3,2,6,1,38,1.0,39.0,0.05249061796348542,11426,"AND(~AND(x0,~x2),~AND(~x0,~x1))",0,0,0,1.0
229,truth_table_229,XAG,1,1,3,3,2,6,1,38,1.0,39.0,0.05249061796348542,11426,"~AND(~AND(x1,x2),XOR(x0,x2))",1,1,1,0.0
230,truth_table_230,XAG,1,1,3,3,2,6,1,38,1.0,39.0,0.05249061796348542,11426,"~AND(~AND(x0,x2),XOR(x0,~x1))",1,1,1,0.0
231,truth_table_231,XAG,1,1,3,3,2,6,1,38,1.0,39.0,0.05249061796348542,11426,"~AND(XOR(x0,x2),XOR(x1,x2))",0,0,0,1.0
232,majority3,XAG,1,1,4,4,3,8,1,56,1.0,57.0,0.05249061796348542,11426,"AND(~AND(~x0,~x1),~AND(~x2,XOR(x0,x1)))",0,0,0,3.0
233,truth_table_233,XAG,1,1,4,4,3,8,1,56,1.0,57.0,0.05249061796348542,11426,"XOR(AND(~x0,~x1),~AND(~x2,~AND(x0,x1)))",1,1,1,0.0
234,truth_table_234,XAG,1,1,2,2,2,4,1,27,1.0,28.0,0.05249061796348542,11426,"~AND(~x0,~AND(x1,x2))",1,1,0,0.0
235,truth_table_235,XAG,1,1,2,2,2,4,1,27,1.0,28.0,0.05249061796348542,11426,"~AND(~x0,XOR(x1,x2))",1,1,1,0.0
236,truth_table_236,XAG,1,1,2,2,2,4,1,27,1.0,28.0,0.05249061796348542,11426,"~AND(~x1,~AND(x0,x2))",1,1,0,0.0
237,truth_table_237,XAG,1,1,2,2,2,4,1,27,1.0,28.0,0.05249061796348542,11426,"~AND(~x1,XOR(x0,x2))",1,1,1,0.0
238,truth_table_238,XAG,1,1,1,1,1,2,1,18,1.0,19.0,0.05249061796348542,11426,"~AND(~x0,~x1)",1,1,0,0.0
239,truth_table_239,XAG,1,1,2,2,2,4,1,27,1.0,28.0,0.05249061796348542,11426,"~AND(x2,AND(~x0,~x1))",1,1,0,0.0
240,truth_table_240,XAG,1,1,0,0,0,0,0,7,1.0,8.0,0.05249061796348542,11426,x2,1,1,1,0.0
241,truth_table_241,XAG,1,1,2,2,2,4,1,27,1.0,28.0,0.05249061796348542,11426,"~AND(~x2,~AND(~x0,~x1))",1,1,0,0.0
242,truth_table_242,XAG,1,1,2,2,2,4,1,27,1.0,28.0,0.05249061796348542,11426,"~AND(~x2,~AND(x0,~x1))",1,1,0,0.0
243,truth_table_243,XAG,1,1,1,1,1,2,1,18,1.0,19.0,0.05249061796348542,11426,"~AND(x1,~x2)",1,1,0,0.0
244,truth_table_244,XAG,1,1,2,2,2,4,1,27,1.0,28.0,0.05249061796348542,11426,"~AND(~x2,~AND(~x0,x1))",1,1,0,0.0
245,truth_table_245,XAG,1,1,1,1,1,2,1,18,1.0,19.0,0.05249061796348542,11426,"~AND(x0,~x2)",1,1,0,0.0
246,truth_table_246,XAG,1,1,2,2,2,4,1,27,1.0,28.0,0.05249061796348542,11426,"~AND(~x2,XOR(x0,~x1))",1,1,1,0.0
247,truth_table_247,XAG,1,1,2,2,2,4,1,27,1.0,28.0,0.05249061796348542,11426,"~AND(x0,AND(x1,~x2))",1,1,0,0.0
248,truth_table_248,XAG,1,1,2,2,2,4,1,27,1.0,28.0,0.05249061796348542,11426,"~AND(~x2,~AND(x0,x1))",1,1,0,0.0
249,truth_table_249,XAG,1,1,2,2,2,4,1,27,1.0,28.0,0.05249061796348542,11426,"~AND(~x2,XOR(x0,x1))",1,1,1,0.0
250,truth_table_250,XAG,1,1,1,1,1,2,1,18,1.0,19.0,0.05249061796348542,11426,"~AND(~x0,~x2)",1,1,0,0.0
251,truth_table_251,XAG,1,1,2,2,2,4,1,27,1.0,28.0,0.05249061796348542,11426,"~AND(x1,AND(~x0,~x2))",1,1,0,0.0
252,truth_table_252,XAG,1,1,1,1,1,2,1,18,1.0,19.0,0.05249061796348542,11426,"~AND(~x1,~x2)",1,1,0,0.0
253,truth_table_253,XAG,1,1,2,2,2,4,1,27,1.0,28.0,0.05249061796348542,11426,"~AND(x0,AND(~x1,~x2))",1,1,0,0.0
254,or3,XAG,1,1,2,2,2,4,1,27,1.0,28.0,0.05249061796348542,11426,"~AND(~x0,AND(~x1,~x2))",1,1,0,0.0
255,truth_table_255,XAG,1,1,0,0,0,0,0,7,1.0,8.0,0.05249061796348542,11426,1,1,1,1,0.0
0,zero,MIG,1,1,0,0,0,0,0,7,1.0,8.0,0.15844620007555932,32184,0,1,1,1,0.0
1,truth_table_001,MIG,1,1,2,2,2,6,1,33,1.0,34.0,0.15844620007555932,32184,"MAJ(~x0,0,MAJ(x0,~x1,~x2))",1,1,0,0.0
2,truth_table_002,MIG,1,1,2,2,2,6,1,33,1.0,34.0,0.15844620007555932,32184,"MAJ(x0,0,MAJ(~x0,~x1,~x2))",1,1,0,0.0
3,truth_table_003,MIG,1,1,1,1,1,3,1,21,1.0,22.0,0.15844620007555932,32184,"MAJ(~x1,~x2,0)",1,1,0,0.0
4,truth_table_004,MIG,1,1,2,2,2,6,1,33,1.0,34.0,0.15844620007555932,32184,"MAJ(x1,0,MAJ(~x0,~x1,~x2))",1,1,0,0.0
5,truth_table_005,MIG,1,1,1,1,1,3,1,21,1.0,22.0,0.15844620007555932,32184,"MAJ(~x0,~x2,0)",1,1,0,0.0
6,truth_table_006,MIG,1,1,3,3,2,9,1,47,1.0,48.0,0.15844620007555932,32184,"MAJ(0,MAJ(x0,x1,~x2),MAJ(~x0,~x1,1))",0,0,0,1.0
7,truth_table_007,MIG,1,1,2,2,2,6,1,33,1.0,34.0,0.15844620007555932,32184,"MAJ(~x0,~x2,MAJ(x0,~x1,0))",1,1,0,0.0
8,truth_table_008,MIG,1,1,2,2,2,6,1,33,1.0,34.0,0.15844620007555932,32184,"MAJ(x0,0,MAJ(x1,~x2,0))",1,1,0,0.0
9,truth_table_009,MIG,1,1,3,3,2,9,1,47,1.0,48.0,0.15844620007555932,32184,"MAJ(0,MAJ(x0,~x1,~x2),MAJ(~x0,x1,1))",0,0,0,1.0
10,truth_table_010,MIG,1,1,1,1,1,3,1,21,1.0,22.0,0.15844620007555932,32184,"MAJ(x0,~x2,0)",1,1,0,0.0
11,truth_table_011,MIG,1,1,2,2,2,6,1,33,1.0,34.0,0.15844620007555932,32184,"MAJ(x0,~x2,MAJ(~x0,~x1,0))",1,1,0,0.0
12,truth_table_012,MIG,1,1,1,1,1,3,1,21,1.0,22.0,0.15844620007555932,32184,"MAJ(x1,~x2,0)",1,1,0,0.0
13,truth_table_013,MIG,1,1,2,2,2,6,1,33,1.0,34.0,0.15844620007555932,32184,"MAJ(x1,~x2,MAJ(~x0,~x1,0))",1,1,0,0.0
14,truth_table_014,MIG,1,1,2,2,2,6,1,33,1.0,34.0,0.15844620007555932,32184,"MAJ(x0,~x2,MAJ(x1,~x2,0))",1,1,0,0.0
15,truth_table_015,MIG,1,1,0,0,0,0,0,7,1.0,8.0,0.15844620007555932,32184,~x2,1,1,1,0.0
16,truth_table_016,MIG,1,1,2,2,2,6,1,33,1.0,34.0,0.15844620007555932,32184,"MAJ(x2,0,MAJ(~x0,~x1,0))",1,1,0,0.0
17,truth_table_017,MIG,1,1,1,1,1,3,1,21,1.0,22.0,0.15844620007555932,32184,"MAJ(~x0,~x1,0)",1,1,0,0.0
18,truth_table_018,MIG,1,1,3,3,2,9,1,47,1.0,48.0,0.15844620007555932,32184,"MAJ(0,MAJ(x0,~x1,x2),MAJ(~x0,~x2,1))",0,0,0,1.0
19,truth_table_019,MIG,1,1,2,2,2,6,1,33,1.0,34.0,0.15844620007555932,32184,"MAJ(~x0,~x1,MAJ(x0,~x2,0))",1,1,0,0.0
20,truth_table_020,MIG,1,1,3,3,2,9,1,47,1.0,48.0,0.15844620007555932,32184,"MAJ(0,MAJ(~x0,x1,x2),MAJ(~x1,~x2,1))",0,0,0,1.0
21,truth_table_021,MIG,1,1,2,2,2,6,1,33,1.0,34.0,0.15844620007555932,32184,"MAJ(~x0,0,MAJ(~x0,~x1,~x2))",1,1,0,0.0
22,exactly_one3,MIG,1,1,4,4,2,12,1,72,1.0,73.0,0.15844620007555932,32184,"MAJ(MAJ(~x0,~x1,~x2),MAJ(x0,x1,~x2),MAJ(~x0,x2,0))",1,1,0,0.0
23,truth_table_023,MIG,1,1,1,1,1,3,1,21,1.0,22.0,0.15844620007555932,32184,"MAJ(~x0,~x1,~x2)",1,1,1,0.0
24,truth_table_024,MIG,1,1,4,4,2,12,1,72,1.0,73.0,0.15844620007555932,32184,"MAJ(MAJ(x0,x1,0),MAJ(~x0,x2,0),MAJ(~x1,~x2,1))",0,0,0,2.0
25,truth_table_025,MIG,1,1,4,4,2,12,1,72,1.0,73.0,0.15844620007555932,32184,"MAJ(MAJ(x0,x1,0),MAJ(~x0,~x1,0),MAJ(~x0,~x2,1))",0,0,0,1.0
26,truth_table_026,MIG,1,1,4,4,2,12,1,72,1.0,73.0,0.15844620007555932,32184,"MAJ(MAJ(x0,~x1,1),MAJ(x0,~x2,0),MAJ(~x0,x2,0))",0,0,0,1.0
27,truth_table_027,MIG,1,1,3,3,2,9,1,47,1.0,48.0,0.15844620007555932,32184,"MAJ(0,MAJ(x0,~x1,1),MAJ(~x0,~x2,1))",0,0,0,1.0
28,truth_table_028,MIG,1,1,4,4,2,12,1,72,1.0,73.0,0.15844620007555932,32184,"MAJ(MAJ(~x0,x1,1),MAJ(x1,~x2,0),MAJ(~x1,x2,0))",0,0,0,1.0
29,truth_table_029,MIG,1,1,3,3,2,9,1,47,1.0,48.0,0.15844620007555932,32184,"MAJ(0,MAJ(~x0,x1,1),MAJ(~x1,~x2,1))",0,0,0,1.0
30,truth_table_030,MIG,1,1,4,4,2,12,1,72,1.0,73.0,0.15844620007555932,32184,"MAJ(MAJ(x0,x1,~x2),MAJ(~x0,x2,0),MAJ(~x1,~x2,1))",0,0,0,2.0
31,truth_table_031,MIG,1,1,2,2,2,6,1,33,1.0,34.0,0.15844620007555932,32184,"MAJ(~x0,~x2,MAJ(x0,~x1,1))",1,1,0,0.0
32,truth_table_032,MIG,1,1,2,2,2,6,1,33,1.0,34.0,0.15844620007555932,32184,"MAJ(x0,0,MAJ(~x0,~x1,x2))",1,1,0,0.0
33,truth_table_033,MIG,1,1,3,3,2,9,1,47,1.0,48.0,0.15844620007555932,32184,"MAJ(0,MAJ(x0,~x1,~x2),MAJ(~x0,x2,1))",0,0,0,1.0
34,truth_table_034,MIG,1,1,1,1,1,3,1,21,1.0,22.0,0.15844620007555932,32184,"MAJ(x0,~x1,0)",1,1,0,0.0
35,truth_table_035,MIG,1,1,2,2,2,6,1,33,1.0,34.0,0.15844620007555932,32184,"MAJ(x0,~x1,MAJ(~x0,~x2,0))",1,1,0,0.0
36,truth_table_036,MIG,1,1,4,4,2,12,1,72,1.0,73.0,0.15844620007555932,32184,"MAJ(MAJ(x0,x1,1),MAJ(~x0,~x2,0),MAJ(~x1,x2,0))",0,0,0,2.0
37,truth_table_037,MIG,1,1,4,4,2,12,1,72,1.0,73.0,0.15844620007555932,32184,"MAJ(MAJ(x0,x2,0),MAJ(~x0,~x2,0),MAJ(~x1,~x2,1))",0,0,0,1.0
38,truth_table_038,MIG,1,1,4,4,2,12,1,72,1.0,73.0,0.15844620007555932,32184,"MAJ(MAJ(x0,x1,1),MAJ(x0,~x1,0),MAJ(~x0,~x2,0))",0,0,0,1.0
39,truth_table_039,MIG,1,1,3,3,2,9,1,47,1.0,48.0,0.15844620007555932,32184,"MAJ(0,MAJ(~x0,~x1,1),MAJ(x0,~x2,1))",0,0,0,1.0
40,truth_table_040,MIG,1,1,3,3,2,9,1,47,1.0,48.0,0.15844620007555932,32184,"MAJ(0,MAJ(x0,x1,x2),MAJ(x0,~x1,~x2))",0,0,0,1.0
41,truth_table_041,MIG,1,1,4,4,2,12,1,72,1.0,73.0,0.15844620007555932,32184,"MAJ(MAJ(x0,x1,x2),MAJ(x0,~x1,~x2),MAJ(~x0,~x2,0))",1,1,0,0.0
42,truth_table_042,MIG,1,1,2,2,2,6,1,33,1.0,34.0,0.15844620007555932,32184,"MAJ(x0,0,MAJ(x0,~x1,~x2))",1,1,0,0.0
43,truth_table_043,MIG,1,1,1,1,1,3,1,21,1.0,22.0,0.15844620007555932,32184,"MAJ(x0,~x1,~x2)",1,1,1,0.0
44,truth_table_044,MIG,1,1,4,4,2,12,1,72,1.0,73.0,0.15844620007555932,32184,"MAJ(MAJ(x0,x1,1),MAJ(x1,~x2,0),MAJ(~x1,x2,0))",0,0,0,1.0
45,truth_table_045,MIG,1,1,4,4,2,12,1,72,1.0,73.0,0.15844620007555932,32184,"MAJ(MAJ(x0,x1,x2),MAJ(~x0,~x2,0),MAJ(~x1,~x2,1))",0,0,0,2.0
46,truth_table_046,MIG,1,1,3,3,2,9,1,47,1.0,48.0,0.15844620007555932,32184,"MAJ(0,MAJ(x0,x1,1),MAJ(~x1,~x2,1))",0,0,0,1.0
47,truth_table_047,MIG,1,1,2,2,2,6,1,33,1.0,34.0,0.15844620007555932,32184,"MAJ(x0,~x2,MAJ(~x0,~x1,1))",1,1,0,0.0
48,truth_table_048,MIG,1,1,1,1,1,3,1,21,1.0,22.0,0.15844620007555932,32184,"MAJ(~x1,x2,0)",1,1,0,0.0
49,truth_table_049,MIG,1,1,2,2,2,6,1,33,1.0,34.0,0.15844620007555932,32184,"MAJ(~x0,~x1,MAJ(x0,x2,0))",1,1,0,0.0
50,truth_table_050,MIG,1,1,2,2,2,6,1,33,1.0,34.0,0.15844620007555932,32184,"MAJ(x0,~x1,MAJ(~x0,x2,0))",1,1,0,0.0
51,truth_table_051,MIG,1,1,0,0,0,0,0,7,1.0,8.0,0.15844620007555932,32184,~x1,1,1,1,0.0
52,truth_table_052,MIG,1,1,4,4,2,12,1,72,1.0,73.0,0.15844620007555932,32184,"MAJ(MAJ(~x0,x1,0),MAJ(~x1,~x2,1),MAJ(~x1,x2,0))",0,0,0,1.0
53,truth_table_053,MIG,1,1,3,3,2,9,1,47,1.0,48.0,0.15844620007555932,32184,"MAJ(0,MAJ(~x0,x2,1),MAJ(~x1,~x2,1))",0,0,0,1.0
54,truth_table_054,MIG,1,1,4,4,2,12,1,72,1.0,73.0,0.15844620007555932,32184,"MAJ(MAJ(x0,x1,~x2),MAJ(~x0,~x1,1),MAJ(~x1,x2,0))",0,0,0,2.0
55,truth_table_055,MIG,1,1,2,2,2,6,1,33,1.0,34.0,0.15844620007555932,32184,"MAJ(~x0,~x1,MAJ(x0,~x2,1))",1,1,0,0.0
56,truth_table_056,MIG,1,1,4,4,2,12,1,72,1.0,73.0,0.15844620007555932,32184,"MAJ(MAJ(x0,x1,0),MAJ(~x1,~x2,1),MAJ(~x1,x2,0))",0,0,0,1.0
57,truth_table_057,MIG,1,1,4,4,2,12,1,72,1.0,73.0,0.15844620007555932,32184,"MAJ(MAJ(x0,x1,x2),MAJ(~x0,~x1,0),MAJ(~x1,~x2,1))",0,0,0,2.0
58,truth_table_058,MIG,1,1,3,3,2,9,1,47,1.0,48.0,0.15844620007555932,32184,"MAJ(0,MAJ(x0,x2,1),MAJ(~x1,~x2,1))",0,0,0,1.0
59,truth_table_059,MIG,1,1,2,2,2,6,1,33,1.0,34.0,0.15844620007555932,32184,"MAJ(x0,~x1,MAJ(~x0,~x2,1))",1,1,0,0.0
60,truth_table_060,MIG,1,1,3,3,2,9,1,47,1.0,48.0,0.15844620007555932,32184,"MAJ(0,MAJ(~x1,~x2,1),MAJ(x1,x2,1))",0,0,0,2.0
61,truth_table_061,MIG,1,1,4,4,2,12,1,72,1.0,73.0,0.15844620007555932,32184,"MAJ(MAJ(~x0,x1,1),MAJ(~x1,~x2,1),MAJ(~x1,x2,0))",0,0,0,1.0
62,truth_table_062,MIG,1,1,4,4,2,12,1,72,1.0,73.0,0.15844620007555932,32184,"MAJ(MAJ(x0,x1,1),MAJ(~x1,~x2,1),MAJ(~x1,x2,0))",0,0,0,1.0
63,truth_table_063,MIG,1,1,1,1,1,3,1,21,1.0,22.0,0.15844620007555932,32184,"MAJ(~x1,~x2,1)",1,1,0,0.0
64,truth_table_064,MIG,1,1,2,2,2,6,1,33,1.0,34.0,0.15844620007555932,32184,"MAJ(x1,0,MAJ(~x0,x2,0))",1,1,0,0.0
65,truth_table_065,MIG,1,1,3,3,2,9,1,47,1.0,48.0,0.15844620007555932,32184,"MAJ(0,MAJ(~x0,x1,~x2),MAJ(~x1,x2,1))",0,0,0,1.0
66,truth_table_066,MIG,1,1,4,4,2,12,1,72,1.0,73.0,0.15844620007555932,32184,"MAJ(MAJ(x0,x1,1),MAJ(~x0,x2,0),MAJ(~x1,~x2,0))",0,0,0,2.0
67,truth_table_067,MIG,1,1,4,4,2,12,1,72,1.0,73.0,0.15844620007555932,32184,"MAJ(MAJ(~x0,x1,0),MAJ(~x1,~x2,0),MAJ(~x1,x2,1))",0,0,0,1.0
68,truth_table_068,MIG,1,1,1,1,1,3,1,21,1.0,22.0,0.15844620007555932,32184,"MAJ(~x0,x1,0)",1,1,0,0.0
69,truth_table_069,MIG,1,1,2,2,2,6,1,33,1.0,34.0,0.15844620007555932,32184,"MAJ(~x0,0,MAJ(x1,~x2,1))",1,1,0,0.0
70,truth_table_070,MIG,1,1,4,4,2,12,1,72,1.0,73.0,0.15844620007555932,32184,"MAJ(MAJ(x0,x1,1),MAJ(~x0,x1,0),MAJ(~x1,~x2,0))",0,0,0,1.0
71,truth_table_071,MIG,1,1,3,3,2,9,1,47,1.0,48.0,0.15844620007555932,32184,"MAJ(0,MAJ(~x0,~x1,1),MAJ(x1,~x2,1))",0,0,0,1.0
72,truth_table_072,MIG,1,1,3,3,2,9,1,47,1.0,48.0,0.15844620007555932,32184,"MAJ(0,MAJ(x0,x1,x2),MAJ(~x0,x1,~x2))",0,0,0,1.0
73,truth_table_073,MIG,1,1,4,4,2,12,1,72,1.0,73.0,0.15844620007555932,32184,"MAJ(MAJ(x0,x1,x2),MAJ(~x0,x1,~x2),MAJ(~x1,~x2,0))",1,1,0,0.0
74,truth_table_074,MIG,1,1,4,4,2,12,1,72,1.0,73.0,0.15844620007555932,32184,"MAJ(MAJ(x0,x1,1),MAJ(x0,~x2,0),MAJ(~x0,x2,0))",0,0,0,1.0
75,truth_table_075,MIG,1,1,4,4,2,12,1,72,1.0,73.0,0.15844620007555932,32184,"MAJ(MAJ(x0,x1,x2),MAJ(~x0,~x2,1),MAJ(~x1,~x2,0))",0,0,0,2.0
76,truth_table_076,MIG,1,1,2,2,2,6,1,33,1.0,34.0,0.15844620007555932,32184,"MAJ(x1,0,MAJ(~x0,x1,~x2))",1,1,0,0.0
77,truth_table_077,MIG,1,1,1,1,1,3,1,21,1.0,22.0,0.15844620007555932,32184,"MAJ(~x0,x1,~x2)",1,1,1,0.0
78,truth_table_078,MIG,1,1,3,3,2,9,1,47,1.0,48.0,0.15844620007555932,32184,"MAJ(0,MAJ(x0,x1,1),MAJ(~x0,~x2,1))",0,0,0,1.0
79,truth_table_079,MIG,1,1,2,2,2,6,1,33,1.0,34.0,0.15844620007555932,32184,"MAJ(x1,~x2,MAJ(~x0,~x1,1))",1,1,0,0.0
80,truth_table_080,MIG,1,1,1,1,1,3,1,21,1.0,22.0,0.15844620007555932,32184,"MAJ(~x0,x2,0)",1,1,0,0.0
81,truth_table_081,MIG,1,1,2,2,2,6,1,33,1.0,34.0,0.15844620007555932,32184,"MAJ(~x0,0,MAJ(~x0,~x1,x2))",1,1,0,0.0
82,truth_table_082,MIG,1,1,4,4,2,12,1,72,1.0,73.0,0.15844620007555932,32184,"MAJ(MAJ(x0,x2,1),MAJ(~x0,x2,0),MAJ(~x1,~x2,0))",0,0,0,1.0
83,truth_table_083,MIG,1,1,3,3,2,9,1,47,1.0,48.0,0.15844620007555932,32184,"MAJ(0,MAJ(~x0,~x2,1),MAJ(~x1,x2,1))",0,0,0,1.0
84,truth_table_084,MIG,1,1,2,2,2,6,1,33,1.0,34.0,0.15844620007555932,32184,"MAJ(~x0,0,MAJ(x1,x2,1))",1,1,0,0.0
85,truth_table_085,MIG,1,1,0,0,0,0,0,7,1.0,8.0,0.15844620007555932,32184,~x0,1,1,1,0.0
86,truth_table_086,MIG,1,1,4,4,2,12,1,72,1.0,73.0,0.15844620007555932,32184,"MAJ(MAJ(x0,x1,~x2),MAJ(~x0,~x1,1),MAJ(~x0,x2,0))",0,0,0,2.0
87,truth_table_087,MIG,1,1,2,2,2,6,1,33,1.0,34.0,0.15844620007555932,32184,"MAJ(~x0,1,MAJ(~x0,~x1,~x2))",1,1,0,0.0
88,truth_table_088,MIG,1,1,4,4,2,12,1,72,1.0,73.0,0.15844620007555932,32184,"MAJ(MAJ(x0,x1,0),MAJ(~x0,~x2,1),MAJ(~x0,x2,0))",0,0,0,1.0
89,truth_table_089,MIG,1,1,4,4,2,12,1,72,1.0,73.0,0.15844620007555932,32184,"MAJ(MAJ(x0,x1,x2),MAJ(~x0,~x1,0),MAJ(~x0,~x2,1))",0,0,0,2.0
90,truth_table_090,MIG,1,1,3,3,2,9,1,47,1.0,48.0,0.15844620007555932,32184,"MAJ(0,MAJ(~x0,~x2,1),MAJ(x0,x2,1))",0,0,0,2.0
91,truth_table_091,MIG,1,1,4,4,2,12,1,72,1.0,73.0,0.15844620007555932,32184,"MAJ(MAJ(x0,~x1,1),MAJ(~x0,~x2,1),MAJ(~x0,x2,0))",0,0,0,1.0
92,truth_table_092,MIG,1,1,3,3,2,9,1,47,1.0,48.0,0.15844620007555932,32184,"MAJ(0,MAJ(~x0,~x2,1),MAJ(x1,x2,1))",0,0,0,1.0
93,truth_table_093,MIG,1,1,2,2,2,6,1,33,1.0,34.0,0.15844620007555932,32184,"MAJ(~x0,1,MAJ(x1,~x2,0))",1,1,0,0.0
94,truth_table_094,MIG,1,1,4,4,2,12,1,72,1.0,73.0,0.15844620007555932,32184,"MAJ(MAJ(x0,x1,1),MAJ(~x0,~x2,1),MAJ(~x0,x2,0))",0,0,0,1.0
95,truth_table_095,MIG,1,1,1,1,1,3,1,21,1.0,22.0,0.15844620007555932,32184,"MAJ(~x0,~x2,1)",1,1,0,0.0
96,truth_table_096,MIG,1,1,3,3,2,9,1,47,1.0,48.0,0.15844620007555932,32184,"MAJ(0,MAJ(x0,x1,x2),MAJ(~x0,~x1,1))",0,0,0,1.0
97,truth_table_097,MIG,1,1,4,4,2,12,1,72,1.0,73.0,0.15844620007555932,32184,"MAJ(MAJ(x0,x1,x2),MAJ(~x0,~x1,x2),MAJ(~x0,~x2,0))",1,1,0,0.0
98,truth_table_098,MIG,1,1,4,4,2,12,1,72,1.0,73.0,0.15844620007555932,32184,"MAJ(MAJ(x0,x1,1),MAJ(x0,~x1,0),MAJ(~x0,x2,0))",0,0,0,1.0
99,truth_table_099,MIG,1,1,4,4,2,12,1,72,1.0,73.0,0.15844620007555932,32184,"MAJ(MAJ(x0,x1,x2),MAJ(~x0,~x1,1),MAJ(~x1,~x2,0))",0,0,0,2.0
100,truth_table_100,MIG,1,1,4,4,2,12,1,72,1.0,73.0,0.15844620007555932,32184,"MAJ(MAJ(x0,x1,1),MAJ(~x0,x1,0),MAJ(~x1,x2,0))",0,0,0,1.0
101,truth_table_101,MIG,1,1,4,4,2,12,1,72,1.0,73.0,0.15844620007555932,32184,"MAJ(MAJ(x0,x1,x2),MAJ(~x0,~x1,1),MAJ(~x0,~x2,0))",0,0,0,2.0
102,truth_table_102,MIG,1,1,3,3,2,9,1,47,1.0,48.0,0.15844620007555932,32184,"MAJ(0,MAJ(~x0,~x1,1),MAJ(x0,x1,1))",0,0,0,2.0
103,truth_table_103,MIG,1,1,4,4,2,12,1,72,1.0,73.0,0.15844620007555932,32184,"MAJ(MAJ(~x0,~x1,1),MAJ(x0,x1,1),MAJ(~x0,~x2,0))",0,0,0,1.0
104,truth_table_104,MIG,1,1,4,4,2,12,1,72,1.0,73.0,0.15844620007555932,32184,"MAJ(MAJ(x0,x1,x2),MAJ(x0,~x1,~x2),MAJ(~x0,x1,0))",1,1,0,0.0
105,truth_table_105,MIG,1,1,3,3,2,9,1,47,1.0,48.0,0.15844620007555932,32184,"MAJ(x0,MAJ(~x0,~x1,x2),MAJ(~x0,x1,~x2))",0,0,0,1.0
106,truth_table_106,MIG,1,1,4,4,2,12,1,72,1.0,73.0,0.15844620007555932,32184,"MAJ(MAJ(x0,x1,1),MAJ(x0,~x1,~x2),MAJ(~x0,x2,0))",0,0,0,2.0
107,truth_table_107,MIG,1,1,4,4,2,12,1,72,1.0,73.0,0.15844620007555932,32184,"MAJ(MAJ(x0,x1,x2),MAJ(x0,~x1,~x2),MAJ(~x0,~x2,1))",1,1,0,0.0
108,truth_table_108,MIG,1,1,4,4,2,12,1,72,1.0,73.0,0.15844620007555932,32184,"MAJ(MAJ(x0,x1,1),MAJ(~x0,x1,~x2),MAJ(~x1,x2,0))",0,0,0,2.0
109,truth_table_109,MIG,1,1,4,4,2,12,1,72,1.0,73.0,0.15844620007555932,32184,"MAJ(MAJ(x0,x1,x2),MAJ(~x0,x1,~x2),MAJ(~x1,~x2,1))",1,1,0,0.0
110,truth_table_110,MIG,1,1,4,4,2,12,1,72,1.0,73.0,0.15844620007555932,32184,"MAJ(MAJ(x0,x1,1),MAJ(x0,~x1,0),MAJ(~x0,~x2,1))",0,0,0,1.0
111,truth_table_111,MIG,1,1,3,3,2,9,1,47,1.0,48.0,0.15844620007555932,32184,"MAJ(1,MAJ(x0,~x1,~x2),MAJ(~x0,x1,0))",0,0,0,1.0
112,truth_table_112,MIG,1,1,2,2,2,6,1,33,1.0,34.0,0.15844620007555932,32184,"MAJ(x2,0,MAJ(~x0,~x1,1))",1,1,0,0.0
113,truth_table_113,MIG,1,1,1,1,1,3,1,21,1.0,22.0,0.15844620007555932,32184,"MAJ(~x0,~x1,x2)",1,1,1,0.0
114,truth_table_114,MIG,1,1,3,3,2,9,1,47,1.0,48.0,0.15844620007555932,32184,"MAJ(0,MAJ(~x0,~x1,1),MAJ(x0,x2,1))",0,0,0,1.0
115,truth_table_115,MIG,1,1,2,2,2,6,1,33,1.0,34.0,0.15844620007555932,32184,"MAJ(~x0,~x1,MAJ(x0,x2,1))",1,1,0,0.0
116,truth_table_116,MIG,1,1,3,3,2,9,1,47,1.0,48.0,0.15844620007555932,32184,"MAJ(0,MAJ(~x0,~x1,1),MAJ(x1,x2,1))",0,0,0,1.0
117,truth_table_117,MIG,1,1,2,2,2,6,1,33,1.0,34.0,0.15844620007555932,32184,"MAJ(~x0,1,MAJ(~x0,~x1,x2))",1,1,0,0.0
118,truth_table_118,MIG,1,1,4,4,2,12,1,72,1.0,73.0,0.15844620007555932,32184,"MAJ(MAJ(~x0,~x1,1),MAJ(x0,x1,1),MAJ(~x0,x2,0))",0,0,0,1.0
119,truth_table_119,MIG,1,1,1,1,1,3,1,21,1.0,22.0,0.15844620007555932,32184,"MAJ(~x0,~x1,1)",1,1,0,0.0
120,truth_table_120,MIG,1,1,4,4,2,12,1,72,1.0,73.0,0.15844620007555932,32184,"MAJ(MAJ(x0,x1,x2),MAJ(~x0,x2,0),MAJ(~x1,~x2,1))",0,0,0,2.0
121,truth_table_121,MIG,1,1,4,4,2,12,1,72,1.0,73.0,0.15844620007555932,32184,"MAJ(MAJ(x0,x1,x2),MAJ(~x0,~x1,x2),MAJ(~x0,~x2,1))",1,1,0,0.0
122,truth_table_122,MIG,1,1,4,4,2,12,1,72,1.0,73.0,0.15844620007555932,32184,"MAJ(MAJ(x0,x2,1),MAJ(~x0,x2,0),MAJ(~x1,~x2,1))",0,0,0,1.0
123,truth_table_123,MIG,1,1,3,3,2,9,1,47,1.0,48.0,0.15844620007555932,32184,"MAJ(1,MAJ(x0,~x1,~x2),MAJ(~x0,x2,0))",0,0,0,1.0
124,truth_table_124,MIG,1,1,4,4,2,12,1,72,1.0,73.0,0.15844620007555932,32184,"MAJ(MAJ(~x0,x1,0),MAJ(~x1,~x2,1),MAJ(x1,x2,1))",0,0,0,1.0
125,truth_table_125,MIG,1,1,3,3,2,9,1,47,1.0,48.0,0.15844620007555932,32184,"MAJ(1,MAJ(~x0,x1,~x2),MAJ(~x1,x2,0))",0,0,0,1.0
126,truth_table_126,MIG,1,1,4,4,2,12,1,72,1.0,73.0,0.15844620007555932,32184,"MAJ(MAJ(x0,x1,1),MAJ(~x0,x2,0),MAJ(~x1,~x2,1))",0,0,0,2.0
127,truth_table_127,MIG,1,1,2,2,2,6,1,33,1.0,34.0,0.15844620007555932,32184,"MAJ(~x0,1,MAJ(x0,~x1,~x2))",1,1,0,0.0
128,and3,MIG,1,1,2,2,2,6,1,33,1.0,34.0,0.15844620007555932,32184,"MAJ(x0,0,MAJ(x1,x2,0))",1,1,0,0.0
129,truth_table_129,MIG,1,1,4,4,2,12,1,72,1.0,73.0,0.15844620007555932,32184,"MAJ(MAJ(x0,x1,0),MAJ(~x0,x2,1),MAJ(~x1,~x2,0))",0,0,0,2.0
130,truth_table_130,MIG,1,1,3,3,2,9,1,47,1.0,48.0,0.15844620007555932,32184,"MAJ(0,MAJ(x0,x1,~x2),MAJ(x0,~x1,x2))",0,0,0,1.0
131,truth_table_131,MIG,1,1,4,4,2,12,1,72,1.0,73.0,0.15844620007555932,32184,"MAJ(MAJ(x0,x1,0),MAJ(~x1,~x2,0),MAJ(~x1,x2,1))",0,0,0,1.0
132,truth_table_132,MIG,1,1,3,3,2,9,1,47,1.0,48.0,0.15844620007555932,32184,"MAJ(0,MAJ(x0,x1,~x2),MAJ(~x0,x1,x2))",0,0,0,1.0
133,truth_table_133,MIG,1,1,4,4,2,12,1,72,1.0,73.0,0.15844620007555932,32184,"MAJ(MAJ(x0,x1,0),MAJ(~x0,~x2,0),MAJ(~x0,x2,1))",0,0,0,1.0
134,truth_table_134,MIG,1,1,4,4,2,12,1,72,1.0,73.0,0.15844620007555932,32184,"MAJ(MAJ(x0,x1,~x2),MAJ(x0,~x1,x2),MAJ(~x0,x1,0))",1,1,0,0.0
135,truth_table_135,MIG,1,1,4,4,2,12,1,72,1.0,73.0,0.15844620007555932,32184,"MAJ(MAJ(x0,x1,~x2),MAJ(~x0,x2,1),MAJ(~x1,~x2,0))",0,0,0,2.0
136,truth_table_136,MIG,1,1,1,1,1,3,1,21,1.0,22.0,0.15844620007555932,32184,"MAJ(x0,x1,0)",1,1,0,0.0
137,truth_table_137,MIG,1,1,4,4,2,12,1,72,1.0,73.0,0.15844620007555932,32184,"MAJ(MAJ(x0,x1,0),MAJ(x0,~x1,1),MAJ(~x0,~x2,0))",0,0,0,1.0
138,truth_table_138,MIG,1,1,2,2,2,6,1,33,1.0,34.0,0.15844620007555932,32184,"MAJ(x0,0,MAJ(x0,x1,~x2))",1,1,0,0.0
139,truth_table_139,MIG,1,1,3,3,2,9,1,47,1.0,48.0,0.15844620007555932,32184,"MAJ(0,MAJ(x0,~x1,1),MAJ(x1,~x2,1))",0,0,0,1.0
140,truth_table_140,MIG,1,1,2,2,2,6,1,33,1.0,34.0,0.15844620007555932,32184,"MAJ(x0,x1,MAJ(x1,~x2,0))",1,1,0,0.0
141,truth_table_141,MIG,1,1,3,3,2,9,1,47,1.0,48.0,0.15844620007555932,32184,"MAJ(0,MAJ(~x0,x1,1),MAJ(x0,~x2,1))",0,0,0,1.0
142,truth_table_142,MIG,1,1,1,1,1,3,1,21,1.0,22.0,0.15844620007555932,32184,"MAJ(x0,x1,~x2)",1,1,1,0.0
143,truth_table_143,MIG,1,1,2,2,2,6,1,33,1.0,34.0,0.15844620007555932,32184,"MAJ(x0,~x2,MAJ(x1,~x2,1))",1,1,0,0.0
144,truth_table_144,MIG,1,1,3,3,2,9,1,47,1.0,48.0,0.15844620007555932,32184,"MAJ(0,MAJ(x0,~x1,x2),MAJ(~x0,x1,1))",0,0,0,1.0
145,truth_table_145,MIG,1,1,4,4,2,12,1,72,1.0,73.0,0.15844620007555932,32184,"MAJ(MAJ(x0,x1,0),MAJ(~x0,~x1,0),MAJ(~x0,x2,1))",0,0,0,1.0
146,truth_table_146,MIG,1,1,4,4,2,12,1,72,1.0,73.0,0.15844620007555932,32184,"MAJ(MAJ(x0,x1,~x2),MAJ(x0,~x1,x2),MAJ(~x0,x2,0))",1,1,0,0.0
147,truth_table_147,MIG,1,1,4,4,2,12,1,72,1.0,73.0,0.15844620007555932,32184,"MAJ(MAJ(x0,x1,~x2),MAJ(~x0,~x1,0),MAJ(~x1,x2,1))",0,0,0,2.0
148,truth_table_148,MIG,1,1,4,4,2,12,1,72,1.0,73.0,0.15844620007555932,32184,"MAJ(MAJ(x0,x1,~x2),MAJ(~x0,x1,x2),MAJ(~x1,x2,0))",1,1,0,0.0
149,truth_table_149,MIG,1,1,4,4,2,12,1,72,1.0,73.0,0.15844620007555932,32184,"MAJ(MAJ(x0,x1,~x2),MAJ(~x0,~x1,0),MAJ(~x0,x2,1))",0,0,0,2.0
150,parity3,MIG,1,1,3,3,2,9,1,47,1.0,48.0,0.15844620007555932,32184,"MAJ(x0,MAJ(~x0,~x1,~x2),MAJ(~x0,x1,x2))",0,0,0,1.0
151,truth_table_151,MIG,1,1,4,4,2,12,1,72,1.0,73.0,0.15844620007555932,32184,"MAJ(MAJ(~x0,~x1,~x2),MAJ(x0,x1,~x2),MAJ(~x0,x2,1))",1,1,0,0.0
152,truth_table_152,MIG,1,1,4,4,2,12,1,72,1.0,73.0,0.15844620007555932,32184,"MAJ(MAJ(x0,x1,0),MAJ(x0,~x1,1),MAJ(~x0,x2,0))",0,0,0,1.0
153,truth_table_153,MIG,1,1,3,3,2,9,1,47,1.0,48.0,0.15844620007555932,32184,"MAJ(0,MAJ(~x0,x1,1),MAJ(x0,~x1,1))",0,0,0,2.0
154,truth_table_154,MIG,1,1,4,4,2,12,1,72,1.0,73.0,0.15844620007555932,32184,"MAJ(MAJ(x0,x1,0),MAJ(x0,~x1,x2),MAJ(~x0,~x2,1))",0,0,0,2.0
155,truth_table_155,MIG,1,1,4,4,2,12,1,72,1.0,73.0,0.15844620007555932,32184,"MAJ(MAJ(x0,x1,0),MAJ(x0,~x1,1),MAJ(~x0,~x2,1))",0,0,0,1.0
156,truth_table_156,MIG,1,1,4,4,2,12,1,72,1.0,73.0,0.15844620007555932,32184,"MAJ(MAJ(x0,x1,0),MAJ(~x0,x1,x2),MAJ(~x1,~x2,1))",0,0,0,2.0
157,truth_table_157,MIG,1,1,4,4,2,12,1,72,1.0,73.0,0.15844620007555932,32184,"MAJ(MAJ(x0,x1,0),MAJ(~x0,x1,1),MAJ(~x1,~x2,1))",0,0,0,1.0
158,truth_table_158,MIG,1,1,4,4,2,12,1,72,1.0,73.0,0.15844620007555932,32184,"MAJ(MAJ(x0,x1,~x2),MAJ(x0,~x1,x2),MAJ(~x0,x1,1))",1,1,0,0.0
159,truth_table_159,MIG,1,1,3,3,2,9,1,47,1.0,48.0,0.15844620007555932,32184,"MAJ(1,MAJ(x0,x1,~x2),MAJ(~x0,~x1,0))",0,0,0,1.0
160,truth_table_160,MIG,1,1,1,1,1,3,1,21,1.0,22.0,0.15844620007555932,32184,"MAJ(x0,x2,0)",1,1,0,0.0
161,truth_table_161,MIG,1,1,4,4,2,12,1,72,1.0,73.0,0.15844620007555932,32184,"MAJ(MAJ(x0,x2,0),MAJ(~x0,x2,1),MAJ(~x1,~x2,0))",0,0,0,1.0
162,truth_table_162,MIG,1,1,2,2,2,6,1,33,1.0,34.0,0.15844620007555932,32184,"MAJ(x0,0,MAJ(x0,~x1,x2))",1,1,0,0.0
163,truth_table_163,MIG,1,1,3,3,2,9,1,47,1.0,48.0,0.15844620007555932,32184,"MAJ(0,MAJ(x0,~x2,1),MAJ(~x1,x2,1))",0,0,0,1.0
164,truth_table_164,MIG,1,1,4,4,2,12,1,72,1.0,73.0,0.15844620007555932,32184,"MAJ(MAJ(x0,x1,1),MAJ(x0,x2,0),MAJ(~x0,~x2,0))",0,0,0,1.0
165,truth_table_165,MIG,1,1,3,3,2,9,1,47,1.0,48.0,0.15844620007555932,32184,"MAJ(0,MAJ(~x0,x2,1),MAJ(x0,~x2,1))",0,0,0,2.0
166,truth_table_166,MIG,1,1,4,4,2,12,1,72,1.0,73.0,0.15844620007555932,32184,"MAJ(MAJ(x0,x1,1),MAJ(x0,~x1,x2),MAJ(~x0,~x2,0))",0,0,0,2.0
167,truth_table_167,MIG,1,1,4,4,2,12,1,72,1.0,73.0,0.15844620007555932,32184,"MAJ(MAJ(x0,~x1,0),MAJ(~x0,x2,1),MAJ(x0,~x2,1))",0,0,0,1.0
168,truth_table_168,MIG,1,1,2,2,2,6,1,33,1.0,34.0,0.15844620007555932,32184,"MAJ(x0,0,MAJ(x0,x1,x2))",1,1,0,0.0
169,truth_table_169,MIG,1,1,4,4,2,12,1,72,1.0,73.0,0.15844620007555932,32184,"MAJ(MAJ(x0,x1,0),MAJ(x0,~x1,~x2),MAJ(~x0,x2,1))",0,0,0,2.0
170,literal_x0,MIG,1,1,0,0,0,0,0,7,1.0,8.0,0.15844620007555932,32184,x0,1,1,1,0.0
171,truth_table_171,MIG,1,1,2,2,2,6,1,33,1.0,34.0,0.15844620007555932,32184,"MAJ(x0,1,MAJ(x0,~x1,~x2))",1,1,0,0.0
172,truth_table_172,MIG,1,1,3,3,2,9,1,47,1.0,48.0,0.15844620007555932,32184,"MAJ(0,MAJ(x0,~x2,1),MAJ(x1,x2,1))",0,0,0,1.0
173,truth_table_173,MIG,1,1,4,4,2,12,1,72,1.0,73.0,0.15844620007555932,32184,"MAJ(MAJ(x0,x1,0),MAJ(~x0,x2,1),MAJ(x0,~x2,1))",0,0,0,1.0
174,truth_table_174,MIG,1,1,2,2,2,6,1,33,1.0,34.0,0.15844620007555932,32184,"MAJ(x0,1,MAJ(x0,x1,~x2))",1,1,0,0.0
175,truth_table_175,MIG,1,1,1,1,1,3,1,21,1.0,22.0,0.15844620007555932,32184,"MAJ(x0,~x2,1)",1,1,0,0.0
176,truth_table_176,MIG,1,1,2,2,2,6,1,33,1.0,34.0,0.15844620007555932,32184,"MAJ(x0,x2,MAJ(~x0,~x1,0))",1,1,0,0.0
177,truth_table_177,MIG,1,1,3,3,2,9,1,47,1.0,48.0,0.15844620007555932,32184,"MAJ(0,MAJ(x0,~x1,1),MAJ(~x0,x2,1))",0,0,0,1.0
178,truth_table_178,MIG,1,1,1,1,1,3,1,21,1.0,22.0,0.15844620007555932,32184,"MAJ(x0,~x1,x2)",1,1,1,0.0
179,truth_table_179,MIG,1,1,2,2,2,6,1,33,1.0,34.0,0.15844620007555932,32184,"MAJ(x0,~x1,MAJ(~x0,x2,1))",1,1,0,0.0
180,truth_table_180,MIG,1,1,4,4,2,12,1,72,1.0,73.0,0.15844620007555932,32184,"MAJ(MAJ(x0,x1,~x2),MAJ(~x0,x2,1),MAJ(~x1,x2,0))",0,0,0,2.0
181,truth_table_181,MIG,1,1,4,4,2,12,1,72,1.0,73.0,0.15844620007555932,32184,"MAJ(MAJ(x0,x2,0),MAJ(~x0,x2,1),MAJ(~x1,~x2,1))",0,0,0,1.0
182,truth_table_182,MIG,1,1,4,4,2,12,1,72,1.0,73.0,0.15844620007555932,32184,"MAJ(MAJ(x0,x1,~x2),MAJ(x0,~x1,x2),MAJ(~x0,x2,1))",1,1,0,0.0
183,truth_table_183,MIG,1,1,3,3,2,9,1,47,1.0,48.0,0.15844620007555932,32184,"MAJ(1,MAJ(x0,~x1,x2),MAJ(~x0,~x2,0))",0,0,0,1.0
184,truth_table_184,MIG,1,1,3,3,2,9,1,47,1.0,48.0,0.15844620007555932,32184,"MAJ(0,MAJ(x0,~x1,1),MAJ(x1,x2,1))",0,0,0,1.0
185,truth_table_185,MIG,1,1,4,4,2,12,1,72,1.0,73.0,0.15844620007555932,32184,"MAJ(MAJ(x0,x1,0),MAJ(x0,~x1,1),MAJ(~x0,x2,1))",0,0,0,1.0
186,truth_table_186,MIG,1,1,2,2,2,6,1,33,1.0,34.0,0.15844620007555932,32184,"MAJ(x0,1,MAJ(x0,~x1,x2))",1,1,0,0.0
187,truth_table_187,MIG,1,1,1,1,1,3,1,21,1.0,22.0,0.15844620007555932,32184,"MAJ(x0,~x1,1)",1,1,0,0.0
188,truth_table_188,MIG,1,1,4,4,2,12,1,72,1.0,73.0,0.15844620007555932,32184,"MAJ(MAJ(x0,x1,0),MAJ(~x1,~x2,1),MAJ(x1,x2,1))",0,0,0,1.0
189,truth_table_189,MIG,1,1,4,4,2,12,1,72,1.0,73.0,0.15844620007555932,32184,"MAJ(MAJ(x0,x1,0),MAJ(~x0,x2,1),MAJ(~x1,~x2,1))",0,0,0,2.0
190,truth_table_190,MIG,1,1,3,3,2,9,1,47,1.0,48.0,0.15844620007555932,32184,"MAJ(1,MAJ(x0,x1,~x2),MAJ(x0,~x1,x2))",0,0,0,1.0
191,truth_table_191,MIG,1,1,2,2,2,6,1,33,1.0,34.0,0.15844620007555932,32184,"MAJ(x0,1,MAJ(~x0,~x1,~x2))",1,1,0,0.0
192,truth_table_192,MIG,1,1,1,1,1,3,1,21,1.0,22.0,0.15844620007555932,32184,"MAJ(x1,x2,0)",1,1,0,0.0
193,truth_table_193,MIG,1,1,4,4,2,12,1,72,1.0,73.0,0.15844620007555932,32184,"MAJ(MAJ(~x0,x1,1),MAJ(x1,x2,0),MAJ(~x1,~x2,0))",0,0,0,1.0
194,truth_table_194,MIG,1,1,4,4,2,12,1,72,1.0,73.0,0.15844620007555932,32184,"MAJ(MAJ(x0,x1,1),MAJ(x1,x2,0),MAJ(~x1,~x2,0))",0,0,0,1.0
195,truth_table_195,MIG,1,1,3,3,2,9,1,47,1.0,48.0,0.15844620007555932,32184,"MAJ(0,MAJ(~x1,x2,1),MAJ(x1,~x2,1))",0,0,0,2.0
196,truth_table_196,MIG,1,1,2,2,2,6,1,33,1.0,34.0,0.15844620007555932,32184,"MAJ(x1,0,MAJ(~x0,x1,x2))",1,1,0,0.0
197,truth_table_197,MIG,1,1,3,3,2,9,1,47,1.0,48.0,0.15844620007555932,32184,"MAJ(0,MAJ(~x0,x2,1),MAJ(x1,~x2,1))",0,0,0,1.0
198,truth_table_198,MIG,1,1,4,4,2,12,1,72,1.0,73.0,0.15844620007555932,32184,"MAJ(MAJ(x0,x1,1),MAJ(~x0,x1,x2),MAJ(~x1,~x2,0))",0,0,0,2.0
199,truth_table_199,MIG,1,1,4,4,2,12,1,72,1.0,73.0,0.15844620007555932,32184,"MAJ(MAJ(~x0,x1,0),MAJ(~x1,x2,1),MAJ(x1,~x2,1))",0,0,0,1.0
200,truth_table_200,MIG,1,1,2,2,2,6,1,33,1.0,34.0,0.15844620007555932,32184,"MAJ(x0,x1,MAJ(x1,x2,0))",1,1,0,0.0
201,truth_table_201,MIG,1,1,4,4,2,12,1,72,1.0,73.0,0.15844620007555932,32184,"MAJ(MAJ(x0,x1,0),MAJ(~x0,x1,~x2),MAJ(~x1,x2,1))",0,0,0,2.0
202,truth_table_202,MIG,1,1,3,3,2,9,1,47,1.0,48.0,0.15844620007555932,32184,"MAJ(0,MAJ(x0,x2,1),MAJ(x1,~x2,1))",0,0,0,1.0
203,truth_table_203,MIG,1,1,4,4,2,12,1,72,1.0,73.0,0.15844620007555932,32184,"MAJ(MAJ(x0,x1,0),MAJ(~x1,x2,1),MAJ(x1,~x2,1))",0,0,0,1.0
204,truth_table_204,MIG,1,1,0,0,0,0,0,7,1.0,8.0,0.15844620007555932,32184,x1,1,1,1,0.0
205,truth_table_205,MIG,1,1,2,2,2,6,1,33,1.0,34.0,0.15844620007555932,32184,"MAJ(x1,1,MAJ(~x0,x1,~x2))",1,1,0,0.0
206,truth_table_206,MIG,1,1,2,2,2,6,1,33,1.0,34.0,0.15844620007555932,32184,"MAJ(x0,x1,MAJ(x1,~x2,1))",1,1,0,0.0
207,truth_table_207,MIG,1,1,1,1,1,3,1,21,1.0,22.0,0.15844620007555932,32184,"MAJ(x1,~x2,1)",1,1,0,0.0
208,truth_table_208,MIG,1,1,2,2,2,6,1,33,1.0,34.0,0.15844620007555932,32184,"MAJ(x1,x2,MAJ(~x0,x2,0))",1,1,0,0.0
209,truth_table_209,MIG,1,1,3,3,2,9,1,47,1.0,48.0,0.15844620007555932,32184,"MAJ(0,MAJ(~x0,x1,1),MAJ(~x1,x2,1))",0,0,0,1.0
210,truth_table_210,MIG,1,1,4,4,2,12,1,72,1.0,73.0,0.15844620007555932,32184,"MAJ(MAJ(x0,x1,~x2),MAJ(~x0,x2,0),MAJ(~x1,x2,1))",0,0,0,2.0
211,truth_table_211,MIG,1,1,4,4,2,12,1,72,1.0,73.0,0.15844620007555932,32184,"MAJ(MAJ(~x0,x1,1),MAJ(~x1,~x2,0),MAJ(~x1,x2,1))",0,0,0,1.0
212,truth_table_212,MIG,1,1,1,1,1,3,1,21,1.0,22.0,0.15844620007555932,32184,"MAJ(~x0,x1,x2)",1,1,1,0.0
213,truth_table_213,MIG,1,1,2,2,2,6,1,33,1.0,34.0,0.15844620007555932,32184,"MAJ(~x0,1,MAJ(x1,x2,0))",1,1,0,0.0
214,truth_table_214,MIG,1,1,4,4,2,12,1,72,1.0,73.0,0.15844620007555932,32184,"MAJ(MAJ(x0,x1,~x2),MAJ(~x0,x1,x2),MAJ(~x1,x2,1))",1,1,0,0.0
215,truth_table_215,MIG,1,1,3,3,2,9,1,47,1.0,48.0,0.15844620007555932,32184,"MAJ(1,MAJ(~x0,x1,x2),MAJ(~x1,~x2,0))",0,0,0,1.0
216,mux3,MIG,1,1,3,3,2,9,1,47,1.0,48.0,0.15844620007555932,32184,"MAJ(0,MAJ(~x0,x1,1),MAJ(x0,x2,1))",0,0,0,1.0
217,truth_table_217,MIG,1,1,4,4,2,12,1,72,1.0,73.0,0.15844620007555932,32184,"MAJ(MAJ(x0,x1,0),MAJ(~x0,x1,1),MAJ(~x1,x2,1))",0,0,0,1.0
218,truth_table_218,MIG,1,1,4,4,2,12,1,72,1.0,73.0,0.15844620007555932,32184,"MAJ(MAJ(x0,x1,0),MAJ(~x0,~x2,1),MAJ(x0,x2,1))",0,0,0,1.0
219,truth_table_219,MIG,1,1,4,4,2,12,1,72,1.0,73.0,0.15844620007555932,32184,"MAJ(MAJ(x0,x1,0),MAJ(~x0,~x2,1),MAJ(~x1,x2,1))",0,0,0,2.0
220,truth_table_220,MIG,1,1,2,2,2,6,1,33,1.0,34.0,0.15844620007555932,32184,"MAJ(x1,1,MAJ(~x0,x1,x2))",1,1,0,0.0
221,truth_table_221,MIG,1,1,1,1,1,3,1,21,1.0,22.0,0.15844620007555932,32184,"MAJ(~x0,x1,1)",1,1,0,0.0
222,truth_table_222,MIG,1,1,3,3,2,9,1,47,1.0,48.0,0.15844620007555932,32184,"MAJ(1,MAJ(x0,x1,~x2),MAJ(~x0,x1,x2))",0,0,0,1.0
223,truth_table_223,MIG,1,1,2,2,2,6,1,33,1.0,34.0,0.15844620007555932,32184,"MAJ(x1,1,MAJ(~x0,~x1,~x2))",1,1,0,0.0
224,truth_table_224,MIG,1,1,2,2,2,6,1,33,1.0,34.0,0.15844620007555932,32184,"MAJ(x0,x2,MAJ(x1,x2,0))",1,1,0,0.0
225,truth_table_225,MIG,1,1,4,4,2,12,1,72,1.0,73.0,0.15844620007555932,32184,"MAJ(MAJ(x0,x1,x2),MAJ(~x0,x2,1),MAJ(~x1,~x2,0))",0,0,0,2.0
226,truth_table_226,MIG,1,1,3,3,2,9,1,47,1.0,48.0,0.15844620007555932,32184,"MAJ(0,MAJ(x0,x1,1),MAJ(~x1,x2,1))",0,0,0,1.0
227,truth_table_227,MIG,1,1,4,4,2,12,1,72,1.0,73.0,0.15844620007555932,32184,"MAJ(MAJ(x0,x1,1),MAJ(~x1,~x2,0),MAJ(~x1,x2,1))",0,0,0,1.0
228,truth_table_228,MIG,1,1,3,3,2,9,1,47,1.0,48.0,0.15844620007555932,32184,"MAJ(0,MAJ(x0,x1,1),MAJ(~x0,x2,1))",0,0,0,1.0
229,truth_table_229,MIG,1,1,4,4,2,12,1,72,1.0,73.0,0.15844620007555932,32184,"MAJ(MAJ(x0,x1,1),MAJ(~x0,~x2,0),MAJ(~x0,x2,1))",0,0,0,1.0
230,truth_table_230,MIG,1,1,4,4,2,12,1,72,1.0,73.0,0.15844620007555932,32184,"MAJ(MAJ(x0,x1,1),MAJ(x0,~x1,0),MAJ(~x0,x2,1))",0,0,0,1.0
231,truth_table_231,MIG,1,1,4,4,2,12,1,72,1.0,73.0,0.15844620007555932,32184,"MAJ(MAJ(x0,x1,1),MAJ(~x0,x2,1),MAJ(~x1,~x2,0))",0,0,0,2.0
232,majority3,MIG,1,1,1,1,1,3,1,21,1.0,22.0,0.15844620007555932,32184,"MAJ(x0,x1,x2)",1,1,1,0.0
233,truth_table_233,MIG,1,1,4,4,2,12,1,72,1.0,73.0,0.15844620007555932,32184,"MAJ(MAJ(x0,x1,x2),MAJ(x0,~x1,~x2),MAJ(~x0,x1,1))",1,1,0,0.0
234,truth_table_234,MIG,1,1,2,2,2,6,1,33,1.0,34.0,0.15844620007555932,32184,"MAJ(x0,1,MAJ(x0,x1,x2))",1,1,0,0.0
235,truth_table_235,MIG,1,1,3,3,2,9,1,47,1.0,48.0,0.15844620007555932,32184,"MAJ(1,MAJ(x0,x1,x2),MAJ(x0,~x1,~x2))",0,0,0,1.0
236,truth_table_236,MIG,1,1,2,2,2,6,1,33,1.0,34.0,0.15844620007555932,32184,"MAJ(x0,x1,MAJ(x1,x2,1))",1,1,0,0.0
237,truth_table_237,MIG,1,1,3,3,2,9,1,47,1.0,48.0,0.15844620007555932,32184,"MAJ(1,MAJ(x0,x1,x2),MAJ(~x0,x1,~x2))",0,0,0,1.0
238,truth_table_238,MIG,1,1,1,1,1,3,1,21,1.0,22.0,0.15844620007555932,32184,"MAJ(x0,x1,1)",1,1,0,0.0
239,truth_table_239,MIG,1,1,2,2,2,6,1,33,1.0,34.0,0.15844620007555932,32184,"MAJ(x0,1,MAJ(x1,~x2,1))",1,1,0,0.0
240,truth_table_240,MIG,1,1,0,0,0,0,0,7,1.0,8.0,0.15844620007555932,32184,x2,1,1,1,0.0
241,truth_table_241,MIG,1,1,2,2,2,6,1,33,1.0,34.0,0.15844620007555932,32184,"MAJ(x2,1,MAJ(~x0,~x1,0))",1,1,0,0.0
242,truth_table_242,MIG,1,1,2,2,2,6,1,33,1.0,34.0,0.15844620007555932,32184,"MAJ(x0,x2,MAJ(~x0,~x1,1))",1,1,0,0.0
243,truth_table_243,MIG,1,1,1,1,1,3,1,21,1.0,22.0,0.15844620007555932,32184,"MAJ(~x1,x2,1)",1,1,0,0.0
244,truth_table_244,MIG,1,1,2,2,2,6,1,33,1.0,34.0,0.15844620007555932,32184,"MAJ(x1,x2,MAJ(~x0,x2,1))",1,1,0,0.0
245,truth_table_245,MIG,1,1,1,1,1,3,1,21,1.0,22.0,0.15844620007555932,32184,"MAJ(~x0,x2,1)",1,1,0,0.0
246,truth_table_246,MIG,1,1,3,3,2,9,1,47,1.0,48.0,0.15844620007555932,32184,"MAJ(1,MAJ(x0,~x1,x2),MAJ(~x0,x1,0))",0,0,0,1.0
247,truth_table_247,MIG,1,1,2,2,2,6,1,33,1.0,34.0,0.15844620007555932,32184,"MAJ(x2,1,MAJ(~x0,~x1,1))",1,1,0,0.0
248,truth_table_248,MIG,1,1,2,2,2,6,1,33,1.0,34.0,0.15844620007555932,32184,"MAJ(x0,x2,MAJ(x1,x2,1))",1,1,0,0.0
249,truth_table_249,MIG,1,1,3,3,2,9,1,47,1.0,48.0,0.15844620007555932,32184,"MAJ(1,MAJ(x0,x1,x2),MAJ(~x0,~x1,0))",0,0,0,1.0
250,truth_table_250,MIG,1,1,1,1,1,3,1,21,1.0,22.0,0.15844620007555932,32184,"MAJ(x0,x2,1)",1,1,0,0.0
251,truth_table_251,MIG,1,1,2,2,2,6,1,33,1.0,34.0,0.15844620007555932,32184,"MAJ(x0,1,MAJ(~x0,~x1,x2))",1,1,0,0.0
252,truth_table_252,MIG,1,1,1,1,1,3,1,21,1.0,22.0,0.15844620007555932,32184,"MAJ(x1,x2,1)",1,1,0,0.0
253,truth_table_253,MIG,1,1,2,2,2,6,1,33,1.0,34.0,0.15844620007555932,32184,"MAJ(x1,1,MAJ(~x0,x2,1))",1,1,0,0.0
254,or3,MIG,1,1,2,2,2,6,1,33,1.0,34.0,0.15844620007555932,32184,"MAJ(x0,1,MAJ(x1,x2,1))",1,1,0,0.0
255,truth_table_255,MIG,1,1,0,0,0,0,0,7,1.0,8.0,0.15844620007555932,32184,1,1,1,1,0.0
0,zero,MIXED,1,1,0,0,0,0,0,7,1.0,8.0,0.40621404303237796,85026,0,1,1,1,0.0
1,truth_table_001,MIXED,1,1,2,2,2,4,1,29,1.0,30.0,0.40621404303237796,85026,"AND(~x0,AND(~x1,~x2))",1,1,0,0.0
2,truth_table_002,MIXED,1,1,2,2,2,4,1,29,1.0,30.0,0.40621404303237796,85026,"AND(x0,AND(~x1,~x2))",1,1,0,0.0
3,truth_table_003,MIXED,1,1,1,1,1,2,1,19,1.0,20.0,0.40621404303237796,85026,"AND(~x1,~x2)",1,1,0,0.0
4,truth_table_004,MIXED,1,1,2,2,2,4,1,29,1.0,30.0,0.40621404303237796,85026,"AND(x1,AND(~x0,~x2))",1,1,0,0.0
5,truth_table_005,MIXED,1,1,1,1,1,2,1,19,1.0,20.0,0.40621404303237796,85026,"AND(~x0,~x2)",1,1,0,0.0
6,truth_table_006,MIXED,1,1,2,2,2,4,1,29,1.0,30.0,0.40621404303237796,85026,"AND(~x2,XOR(x0,x1))",1,1,0,0.0
7,truth_table_007,MIXED,1,1,2,2,2,5,1,33,1.0,34.0,0.40621404303237796,85026,"AND(~x2,MAJ(~x0,~x1,1))",1,1,0,0.0
8,truth_table_008,MIXED,1,1,2,2,2,4,1,29,1.0,30.0,0.40621404303237796,85026,"AND(x0,AND(x1,~x2))",1,1,0,0.0
9,truth_table_009,MIXED,1,1,2,2,2,4,1,29,1.0,30.0,0.40621404303237796,85026,"AND(~x2,XOR(x0,~x1))",1,1,0,0.0
10,truth_table_010,MIXED,1,1,1,1,1,2,1,19,1.0,20.0,0.40621404303237796,85026,"AND(x0,~x2)",1,1,0,0.0
11,truth_table_011,MIXED,1,1,2,2,2,5,1,33,1.0,34.0,0.40621404303237796,85026,"AND(~x2,MAJ(x0,~x1,1))",1,1,0,0.0
12,truth_table_012,MIXED,1,1,1,1,1,2,1,19,1.0,20.0,0.40621404303237796,85026,"AND(x1,~x2)",1,1,0,0.0
13,truth_table_013,MIXED,1,1,2,2,2,5,1,33,1.0,34.0,0.40621404303237796,85026,"AND(~x2,MAJ(~x0,x1,1))",1,1,0,0.0
14,truth_table_014,MIXED,1,1,2,2,2,5,1,33,1.0,34.0,0.40621404303237796,85026,"AND(~x2,MAJ(x0,x1,1))",1,1,0,0.0
15,truth_table_015,MIXED,1,1,0,0,0,0,0,7,1.0,8.0,0.40621404303237796,85026,~x2,1,1,1,0.0
16,truth_table_016,MIXED,1,1,2,2,2,4,1,29,1.0,30.0,0.40621404303237796,85026,"AND(x2,AND(~x0,~x1))",1,1,0,0.0
17,truth_table_017,MIXED,1,1,1,1,1,2,1,19,1.0,20.0,0.40621404303237796,85026,"AND(~x0,~x1)",1,1,0,0.0
18,truth_table_018,MIXED,1,1,2,2,2,4,1,29,1.0,30.0,0.40621404303237796,85026,"AND(~x1,XOR(x0,x2))",1,1,0,0.0
19,truth_table_019,MIXED,1,1,2,2,2,5,1,33,1.0,34.0,0.40621404303237796,85026,"AND(~x1,MAJ(~x0,~x1,~x2))",1,1,0,0.0
20,truth_table_020,MIXED,1,1,2,2,2,4,1,29,1.0,30.0,0.40621404303237796,85026,"AND(~x0,XOR(x1,x2))",1,1,0,0.0
21,truth_table_021,MIXED,1,1,2,2,2,5,1,33,1.0,34.0,0.40621404303237796,85026,"AND(~x0,MAJ(~x0,~x1,~x2))",1,1,0,0.0
22,exactly_one3,MIXED,1,1,4,4,2,11,1,75,1.0,76.0,0.40621404303237796,85026,"MAJ(AND(x0,~x1),MAJ(~x0,~x1,~x2),MAJ(~x0,x1,x2))",1,1,0,0.0
23,truth_table_023,MIXED,1,1,1,1,1,3,1,23,1.0,24.0,0.40621404303237796,85026,"MAJ(~x0,~x1,~x2)",1,1,0,0.0
24,truth_table_024,MIXED,1,1,2,2,2,5,1,33,1.0,34.0,0.40621404303237796,85026,"XOR(x0,MAJ(x0,~x1,x2))",1,1,1,0.0
25,truth_table_025,MIXED,1,1,3,3,2,7,1,45,1.0,46.0,0.40621404303237796,85026,"AND(MAJ(~x0,~x2,1),XOR(x0,~x1))",1,1,0,0.0
26,truth_table_026,MIXED,1,1,3,3,2,7,1,45,1.0,46.0,0.40621404303237796,85026,"AND(MAJ(x0,~x1,1),XOR(x0,x2))",1,1,0,0.0
27,truth_table_027,MIXED,1,1,2,2,2,5,1,33,1.0,34.0,0.40621404303237796,85026,"MAJ(~x1,~x2,XOR(x0,x2))",1,1,1,0.0
28,truth_table_028,MIXED,1,1,3,3,2,7,1,45,1.0,46.0,0.40621404303237796,85026,"AND(MAJ(~x0,x1,1),XOR(x1,x2))",1,1,0,0.0
29,truth_table_029,MIXED,1,1,2,2,2,5,1,33,1.0,34.0,0.40621404303237796,85026,"MAJ(~x0,~x2,XOR(x0,~x1))",1,1,1,0.0
30,truth_table_030,MIXED,1,1,2,2,2,5,1,33,1.0,34.0,0.40621404303237796,85026,"XOR(x2,MAJ(x0,x1,1))",1,1,0,0.0
31,truth_table_031,MIXED,1,1,2,2,2,6,1,37,1.0,38.0,0.40621404303237796,85026,"MAJ(~x0,~x2,MAJ(x0,~x1,1))",1,1,0,0.0
32,truth_table_032,MIXED,1,1,2,2,2,4,1,29,1.0,30.0,0.40621404303237796,85026,"AND(x0,AND(~x1,x2))",1,1,0,0.0
33,truth_table_033,MIXED,1,1,2,2,2,4,1,29,1.0,30.0,0.40621404303237796,85026,"AND(~x1,XOR(x0,~x2))",1,1,0,0.0
34,truth_table_034,MIXED,1,1,1,1,1,2,1,19,1.0,20.0,0.40621404303237796,85026,"AND(x0,~x1)",1,1,0,0.0
35,truth_table_035,MIXED,1,1,2,2,2,5,1,33,1.0,34.0,0.40621404303237796,85026,"AND(~x1,MAJ(x0,~x1,~x2))",1,1,0,0.0
36,truth_table_036,MIXED,1,1,2,2,2,5,1,33,1.0,34.0,0.40621404303237796,85026,"XOR(x0,MAJ(x0,x1,~x2))",1,1,1,0.0
37,truth_table_037,MIXED,1,1,3,3,2,7,1,45,1.0,46.0,0.40621404303237796,85026,"AND(MAJ(~x0,~x1,1),XOR(x0,~x2))",1,1,0,0.0
38,truth_table_038,MIXED,1,1,3,3,2,7,1,45,1.0,46.0,0.40621404303237796,85026,"AND(MAJ(x0,~x2,1),XOR(x0,x1))",1,1,0,0.0
39,truth_table_039,MIXED,1,1,2,2,2,5,1,33,1.0,34.0,0.40621404303237796,85026,"MAJ(~x1,~x2,XOR(x0,x1))",1,1,1,0.0
40,truth_table_040,MIXED,1,1,2,2,2,4,1,29,1.0,30.0,0.40621404303237796,85026,"AND(x0,XOR(x1,x2))",1,1,0,0.0
41,truth_table_041,MIXED,1,1,4,4,2,11,1,75,1.0,76.0,0.40621404303237796,85026,"MAJ(AND(x0,x1),MAJ(~x0,~x1,x2),MAJ(x0,~x1,~x2))",1,1,0,0.0
42,truth_table_042,MIXED,1,1,2,2,2,5,1,33,1.0,34.0,0.40621404303237796,85026,"AND(x0,MAJ(x0,~x1,~x2))",1,1,0,0.0
43,truth_table_043,MIXED,1,1,1,1,1,3,1,23,1.0,24.0,0.40621404303237796,85026,"MAJ(x0,~x1,~x2)",1,1,0,0.0
44,truth_table_044,MIXED,1,1,3,3,2,7,1,45,1.0,46.0,0.40621404303237796,85026,"AND(MAJ(x0,x1,1),XOR(x1,x2))",1,1,0,0.0
45,truth_table_045,MIXED,1,1,2,2,2,5,1,33,1.0,34.0,0.40621404303237796,85026,"XOR(x2,MAJ(~x0,x1,1))",1,1,0,0.0
46,truth_table_046,MIXED,1,1,2,2,2,5,1,33,1.0,34.0,0.40621404303237796,85026,"MAJ(x0,~x2,XOR(x0,x1))",1,1,1,0.0
47,truth_table_047,MIXED,1,1,2,2,2,6,1,37,1.0,38.0,0.40621404303237796,85026,"MAJ(x0,~x2,MAJ(~x0,~x1,1))",1,1,0,0.0
48,truth_table_048,MIXED,1,1,1,1,1,2,1,19,1.0,20.0,0.40621404303237796,85026,"AND(~x1,x2)",1,1,0,0.0
49,truth_table_049,MIXED,1,1,2,2,2,5,1,33,1.0,34.0,0.40621404303237796,85026,"AND(~x1,MAJ(~x0,x2,1))",1,1,0,0.0
50,truth_table_050,MIXED,1,1,2,2,2,5,1,33,1.0,34.0,0.40621404303237796,85026,"AND(~x1,MAJ(x0,x2,1))",1,1,0,0.0
51,truth_table_051,MIXED,1,1,0,0,0,0,0,7,1.0,8.0,0.40621404303237796,85026,~x1,1,1,1,0.0
52,truth_table_052,MIXED,1,1,3,3,2,7,1,45,1.0,46.0,0.40621404303237796,85026,"AND(MAJ(~x0,x2,1),XOR(x1,x2))",1,1,0,0.0
53,truth_table_053,MIXED,1,1,2,2,2,5,1,33,1.0,34.0,0.40621404303237796,85026,"MAJ(~x0,~x1,XOR(x0,~x2))",1,1,1,0.0
54,truth_table_054,MIXED,1,1,2,2,2,5,1,33,1.0,34.0,0.40621404303237796,85026,"XOR(x1,MAJ(x0,x2,1))",1,1,0,0.0
55,truth_table_055,MIXED,1,1,2,2,2,6,1,37,1.0,38.0,0.40621404303237796,85026,"MAJ(~x0,~x1,MAJ(x0,~x2,1))",1,1,0,0.0
56,truth_table_056,MIXED,1,1,3,3,2,7,1,45,1.0,46.0,0.40621404303237796,85026,"AND(MAJ(x0,x2,1),XOR(x1,x2))",1,1,0,0.0
57,truth_table_057,MIXED,1,1,2,2,2,5,1,33,1.0,34.0,0.40621404303237796,85026,"XOR(x1,MAJ(~x0,x2,1))",1,1,0,0.0
58,truth_table_058,MIXED,1,1,2,2,2,5,1,33,1.0,34.0,0.40621404303237796,85026,"MAJ(x0,~x1,XOR(x0,x2))",1,1,1,0.0
59,truth_table_059,MIXED,1,1,2,2,2,6,1,37,1.0,38.0,0.40621404303237796,85026,"MAJ(x0,~x1,MAJ(~x0,~x2,1))",1,1,0,0.0
60,truth_table_060,MIXED,1,1,1,1,1,2,1,19,1.0,20.0,0.40621404303237796,85026,"XOR(x1,x2)",1,1,0,0.0
61,truth_table_061,MIXED,1,1,3,3,2,7,1,45,1.0,46.0,0.40621404303237796,85026,"MAJ(1,AND(~x0,~x1),XOR(x1,x2))",1,1,0,0.0
62,truth_table_062,MIXED,1,1,3,3,2,7,1,45,1.0,46.0,0.40621404303237796,85026,"MAJ(1,AND(x0,~x1),XOR(x1,x2))",1,1,0,0.0
63,truth_table_063,MIXED,1,1,1,1,1,3,1,23,1.0,24.0,0.40621404303237796,85026,"MAJ(~x1,~x2,1)",1,1,0,0.0
64,truth_table_064,MIXED,1,1,2,2,2,4,1,29,1.0,30.0,0.40621404303237796,85026,"AND(x1,AND(~x0,x2))",1,1,0,0.0
65,truth_table_065,MIXED,1,1,2,2,2,4,1,29,1.0,30.0,0.40621404303237796,85026,"AND(~x0,XOR(x1,~x2))",1,1,0,0.0
66,truth_table_066,MIXED,1,1,2,2,2,5,1,33,1.0,34.0,0.40621404303237796,85026,"XOR(x0,MAJ(x0,x1,x2))",1,1,1,0.0
67,truth_table_067,MIXED,1,1,3,3,2,7,1,45,1.0,46.0,0.40621404303237796,85026,"AND(MAJ(~x0,~x1,1),XOR(x1,~x2))",1,1,0,0.0
68,truth_table_068,MIXED,1,1,1,1,1,2,1,19,1.0,20.0,0.40621404303237796,85026,"AND(~x0,x1)",1,1,0,0.0
69,truth_table_069,MIXED,1,1,2,2,2,5,1,33,1.0,34.0,0.40621404303237796,85026,"AND(~x0,MAJ(x1,~x2,1))",1,1,0,0.0
70,truth_table_070,MIXED,1,1,3,3,2,7,1,45,1.0,46.0,0.40621404303237796,85026,"AND(MAJ(x1,~x2,1),XOR(x0,x1))",1,1,0,0.0
71,truth_table_071,MIXED,1,1,2,2,2,5,1,33,1.0,34.0,0.40621404303237796,85026,"MAJ(~x0,~x2,XOR(x0,x1))",1,1,1,0.0
72,truth_table_072,MIXED,1,1,2,2,2,4,1,29,1.0,30.0,0.40621404303237796,85026,"AND(x1,XOR(x0,x2))",1,1,0,0.0
73,truth_table_073,MIXED,1,1,4,4,2,11,1,75,1.0,76.0,0.40621404303237796,85026,"MAJ(AND(x0,x1),MAJ(~x0,~x1,x2),MAJ(~x0,x1,~x2))",1,1,0,0.0
74,truth_table_074,MIXED,1,1,3,3,2,7,1,45,1.0,46.0,0.40621404303237796,85026,"AND(MAJ(x0,x1,1),XOR(x0,x2))",1,1,0,0.0
75,truth_table_075,MIXED,1,1,2,2,2,5,1,33,1.0,34.0,0.40621404303237796,85026,"XOR(x2,MAJ(x0,~x1,1))",1,1,0,0.0
76,truth_table_076,MIXED,1,1,2,2,2,5,1,33,1.0,34.0,0.40621404303237796,85026,"AND(x1,MAJ(~x0,x1,~x2))",1,1,0,0.0
77,truth_table_077,MIXED,1,1,1,1,1,3,1,23,1.0,24.0,0.40621404303237796,85026,"MAJ(~x0,x1,~x2)",1,1,0,0.0
78,truth_table_078,MIXED,1,1,2,2,2,5,1,33,1.0,34.0,0.40621404303237796,85026,"MAJ(x1,~x2,XOR(x0,x1))",1,1,1,0.0
79,truth_table_079,MIXED,1,1,2,2,2,6,1,37,1.0,38.0,0.40621404303237796,85026,"MAJ(x1,~x2,MAJ(~x0,~x1,1))",1,1,0,0.0
80,truth_table_080,MIXED,1,1,1,1,1,2,1,19,1.0,20.0,0.40621404303237796,85026,"AND(~x0,x2)",1,1,0,0.0
81,truth_table_081,MIXED,1,1,2,2,2,5,1,33,1.0,34.0,0.40621404303237796,85026,"AND(~x0,MAJ(~x0,~x1,x2))",1,1,0,0.0
82,truth_table_082,MIXED,1,1,3,3,2,7,1,45,1.0,46.0,0.40621404303237796,85026,"AND(MAJ(~x0,~x1,1),XOR(x0,x2))",1,1,0,0.0
83,truth_table_083,MIXED,1,1,2,2,2,5,1,33,1.0,34.0,0.40621404303237796,85026,"MAJ(~x0,~x1,XOR(x0,x2))",1,1,1,0.0
84,truth_table_084,MIXED,1,1,2,2,2,5,1,33,1.0,34.0,0.40621404303237796,85026,"AND(~x0,MAJ(x1,x2,1))",1,1,0,0.0
85,truth_table_085,MIXED,1,1,0,0,0,0,0,7,1.0,8.0,0.40621404303237796,85026,~x0,1,1,1,0.0
86,truth_table_086,MIXED,1,1,2,2,2,5,1,33,1.0,34.0,0.40621404303237796,85026,"XOR(x0,MAJ(x1,x2,1))",1,1,0,0.0
87,truth_table_087,MIXED,1,1,2,2,2,5,1,33,1.0,34.0,0.40621404303237796,85026,"MAJ(~x0,1,AND(~x1,~x2))",1,1,0,0.0
88,truth_table_088,MIXED,1,1,3,3,2,7,1,45,1.0,46.0,0.40621404303237796,85026,"AND(MAJ(x1,x2,1),XOR(x0,x2))",1,1,0,0.0
89,truth_table_089,MIXED,1,1,2,2,2,5,1,33,1.0,34.0,0.40621404303237796,85026,"XOR(x0,MAJ(~x1,x2,1))",1,1,0,0.0
90,truth_table_090,MIXED,1,1,1,1,1,2,1,19,1.0,20.0,0.40621404303237796,85026,"XOR(x0,x2)",1,1,0,0.0
91,truth_table_091,MIXED,1,1,3,3,2,7,1,45,1.0,46.0,0.40621404303237796,85026,"MAJ(1,AND(~x0,~x1),XOR(x0,x2))",1,1,0,0.0
92,truth_table_092,MIXED,1,1,2,2,2,5,1,33,1.0,34.0,0.40621404303237796,85026,"MAJ(~x0,x1,XOR(x0,x2))",1,1,1,0.0
93,truth_table_093,MIXED,1,1,2,2,2,5,1,33,1.0,34.0,0.40621404303237796,85026,"MAJ(~x0,1,AND(x1,~x2))",1,1,0,0.0
94,truth_table_094,MIXED,1,1,3,3,2,7,1,45,1.0,46.0,0.40621404303237796,85026,"MAJ(1,AND(x1,~x2),XOR(x0,x2))",1,1,0,0.0
95,truth_table_095,MIXED,1,1,1,1,1,3,1,23,1.0,24.0,0.40621404303237796,85026,"MAJ(~x0,~x2,1)",1,1,0,0.0
96,truth_table_096,MIXED,1,1,2,2,2,4,1,29,1.0,30.0,0.40621404303237796,85026,"AND(x2,XOR(x0,x1))",1,1,0,0.0
97,truth_table_097,MIXED,1,1,4,4,2,11,1,75,1.0,76.0,0.40621404303237796,85026,"MAJ(AND(x0,x2),MAJ(~x0,~x1,x2),MAJ(~x0,x1,~x2))",1,1,0,0.0
98,truth_table_098,MIXED,1,1,3,3,2,7,1,45,1.0,46.0,0.40621404303237796,85026,"AND(MAJ(x0,x2,1),XOR(x0,x1))",1,1,0,0.0
99,truth_table_099,MIXED,1,1,2,2,2,5,1,33,1.0,34.0,0.40621404303237796,85026,"XOR(x1,MAJ(x0,~x2,1))",1,1,0,0.0
100,truth_table_100,MIXED,1,1,3,3,2,7,1,45,1.0,46.0,0.40621404303237796,85026,"AND(MAJ(x1,x2,1),XOR(x0,x1))",1,1,0,0.0
101,truth_table_101,MIXED,1,1,2,2,2,5,1,33,1.0,34.0,0.40621404303237796,85026,"XOR(x0,MAJ(x1,~x2,1))",1,1,0,0.0
102,truth_table_102,MIXED,1,1,1,1,1,2,1,19,1.0,20.0,0.40621404303237796,85026,"XOR(x0,x1)",1,1,0,0.0
103,truth_table_103,MIXED,1,1,3,3,2,7,1,45,1.0,46.0,0.40621404303237796,85026,"MAJ(1,AND(~x0,~x2),XOR(x0,x1))",1,1,0,0.0
104,truth_table_104,MIXED,1,1,4,4,2,11,1,75,1.0,76.0,0.40621404303237796,85026,"MAJ(AND(x0,~x1),MAJ(x0,x1,x2),MAJ(~x0,x1,~x2))",1,1,0,0.0
105,truth_table_105,MIXED,1,1,2,2,2,4,1,29,1.0,30.0,0.40621404303237796,85026,"XOR(x0,XOR(x1,~x2))",1,1,0,0.0
106,truth_table_106,MIXED,1,1,2,2,2,4,1,29,1.0,30.0,0.40621404303237796,85026,"XOR(x0,AND(x1,x2))",1,1,0,0.0
107,truth_table_107,MIXED,1,1,4,4,2,12,1,80,1.0,81.0,0.40621404303237796,85026,"MAJ(MAJ(x0,x1,1),MAJ(~x0,~x1,x2),MAJ(x0,~x1,~x2))",1,1,0,0.0
108,truth_table_108,MIXED,1,1,2,2,2,4,1,29,1.0,30.0,0.40621404303237796,85026,"XOR(x1,AND(x0,x2))",1,1,0,0.0
109,truth_table_109,MIXED,1,1,4,4,2,12,1,80,1.0,81.0,0.40621404303237796,85026,"MAJ(MAJ(x0,x1,1),MAJ(~x0,~x1,x2),MAJ(~x0,x1,~x2))",1,1,0,0.0
110,truth_table_110,MIXED,1,1,3,3,2,7,1,45,1.0,46.0,0.40621404303237796,85026,"MAJ(1,AND(x0,~x2),XOR(x0,x1))",1,1,0,0.0
111,truth_table_111,MIXED,1,1,2,2,2,5,1,33,1.0,34.0,0.40621404303237796,85026,"MAJ(~x2,1,XOR(x0,x1))",1,1,0,0.0
112,truth_table_112,MIXED,1,1,2,2,2,5,1,33,1.0,34.0,0.40621404303237796,85026,"AND(x2,MAJ(~x0,~x1,1))",1,1,0,0.0
113,truth_table_113,MIXED,1,1,1,1,1,3,1,23,1.0,24.0,0.40621404303237796,85026,"MAJ(~x0,~x1,x2)",1,1,0,0.0
114,truth_table_114,MIXED,1,1,2,2,2,5,1,33,1.0,34.0,0.40621404303237796,85026,"MAJ(~x1,x2,XOR(x0,x1))",1,1,1,0.0
115,truth_table_115,MIXED,1,1,2,2,2,6,1,37,1.0,38.0,0.40621404303237796,85026,"MAJ(~x0,~x1,MAJ(x0,x2,1))",1,1,0,0.0
116,truth_table_116,MIXED,1,1,2,2,2,5,1,33,1.0,34.0,0.40621404303237796,85026,"MAJ(~x0,x2,XOR(x0,x1))",1,1,1,0.0
117,truth_table_117,MIXED,1,1,2,2,2,5,1,33,1.0,34.0,0.40621404303237796,85026,"MAJ(~x0,1,AND(~x1,x2))",1,1,0,0.0
118,truth_table_118,MIXED,1,1,3,3,2,7,1,45,1.0,46.0,0.40621404303237796,85026,"MAJ(1,AND(~x0,x2),XOR(x0,x1))",1,1,0,0.0
119,truth_table_119,MIXED,1,1,1,1,1,3,1,23,1.0,24.0,0.40621404303237796,85026,"MAJ(~x0,~x1,1)",1,1,0,0.0
120,truth_table_120,MIXED,1,1,2,2,2,4,1,29,1.0,30.0,0.40621404303237796,85026,"XOR(x2,AND(x0,x1))",1,1,0,0.0
121,truth_table_121,MIXED,1,1,4,4,2,12,1,80,1.0,81.0,0.40621404303237796,85026,"MAJ(MAJ(x0,x2,1),MAJ(~x0,~x1,x2),MAJ(~x0,x1,~x2))",1,1,0,0.0
122,truth_table_122,MIXED,1,1,3,3,2,7,1,45,1.0,46.0,0.40621404303237796,85026,"MAJ(1,AND(x0,~x1),XOR(x0,x2))",1,1,0,0.0
123,truth_table_123,MIXED,1,1,2,2,2,5,1,33,1.0,34.0,0.40621404303237796,85026,"MAJ(~x1,1,XOR(x0,x2))",1,1,0,0.0
124,truth_table_124,MIXED,1,1,3,3,2,7,1,45,1.0,46.0,0.40621404303237796,85026,"MAJ(1,AND(~x0,x1),XOR(x1,x2))",1,1,0,0.0
125,truth_table_125,MIXED,1,1,2,2,2,5,1,33,1.0,34.0,0.40621404303237796,85026,"MAJ(~x0,1,XOR(x1,x2))",1,1,0,0.0
126,truth_table_126,MIXED,1,1,2,2,2,5,1,33,1.0,34.0,0.40621404303237796,85026,"XOR(x0,MAJ(~x0,x1,x2))",1,1,1,0.0
127,truth_table_127,MIXED,1,1,2,2,2,6,1,37,1.0,38.0,0.40621404303237796,85026,"MAJ(~x0,1,MAJ(x0,~x1,~x2))",1,1,0,0.0
128,and3,MIXED,1,1,2,2,2,4,1,29,1.0,30.0,0.40621404303237796,85026,"AND(x0,AND(x1,x2))",1,1,0,0.0
129,truth_table_129,MIXED,1,1,2,2,2,5,1,33,1.0,34.0,0.40621404303237796,85026,"XOR(x0,MAJ(x0,~x1,~x2))",1,1,1,0.0
130,truth_table_130,MIXED,1,1,2,2,2,4,1,29,1.0,30.0,0.40621404303237796,85026,"AND(x0,XOR(x1,~x2))",1,1,0,0.0
131,truth_table_131,MIXED,1,1,3,3,2,7,1,45,1.0,46.0,0.40621404303237796,85026,"AND(MAJ(x0,~x1,1),XOR(x1,~x2))",1,1,0,0.0
132,truth_table_132,MIXED,1,1,2,2,2,4,1,29,1.0,30.0,0.40621404303237796,85026,"AND(x1,XOR(x0,~x2))",1,1,0,0.0
133,truth_table_133,MIXED,1,1,3,3,2,7,1,45,1.0,46.0,0.40621404303237796,85026,"AND(MAJ(x1,~x2,1),XOR(x0,~x2))",1,1,0,0.0
134,truth_table_134,MIXED,1,1,4,4,2,11,1,75,1.0,76.0,0.40621404303237796,85026,"MAJ(AND(x0,x2),MAJ(~x0,~x1,~x2),MAJ(x0,x1,~x2))",1,1,0,0.0
135,truth_table_135,MIXED,1,1,2,2,2,5,1,33,1.0,34.0,0.40621404303237796,85026,"XOR(x2,MAJ(~x0,~x1,1))",1,1,0,0.0
136,truth_table_136,MIXED,1,1,1,1,1,2,1,19,1.0,20.0,0.40621404303237796,85026,"AND(x0,x1)",1,1,0,0.0
137,truth_table_137,MIXED,1,1,3,3,2,7,1,45,1.0,46.0,0.40621404303237796,85026,"AND(MAJ(x0,~x2,1),XOR(x0,~x1))",1,1,0,0.0
138,truth_table_138,MIXED,1,1,2,2,2,5,1,33,1.0,34.0,0.40621404303237796,85026,"AND(x0,MAJ(x0,x1,~x2))",1,1,0,0.0
139,truth_table_139,MIXED,1,1,2,2,2,5,1,33,1.0,34.0,0.40621404303237796,85026,"MAJ(x0,~x2,XOR(x0,~x1))",1,1,1,0.0
140,truth_table_140,MIXED,1,1,2,2,2,5,1,33,1.0,34.0,0.40621404303237796,85026,"AND(x1,MAJ(x0,x1,~x2))",1,1,0,0.0
141,truth_table_141,MIXED,1,1,2,2,2,5,1,33,1.0,34.0,0.40621404303237796,85026,"MAJ(x1,~x2,XOR(x0,~x1))",1,1,1,0.0
142,truth_table_142,MIXED,1,1,1,1,1,3,1,23,1.0,24.0,0.40621404303237796,85026,"MAJ(x0,x1,~x2)",1,1,0,0.0
143,truth_table_143,MIXED,1,1,2,2,2,6,1,37,1.0,38.0,0.40621404303237796,85026,"MAJ(x0,~x2,MAJ(x1,~x2,1))",1,1,0,0.0
144,truth_table_144,MIXED,1,1,2,2,2,4,1,29,1.0,30.0,0.40621404303237796,85026,"AND(x2,XOR(x0,~x1))",1,1,0,0.0
145,truth_table_145,MIXED,1,1,3,3,2,7,1,45,1.0,46.0,0.40621404303237796,85026,"AND(MAJ(~x0,x2,1),XOR(x0,~x1))",1,1,0,0.0
146,truth_table_146,MIXED,1,1,4,4,2,11,1,75,1.0,76.0,0.40621404303237796,85026,"MAJ(AND(x0,x1),MAJ(~x0,~x1,~x2),MAJ(x0,~x1,x2))",1,1,0,0.0
147,truth_table_147,MIXED,1,1,2,2,2,5,1,33,1.0,34.0,0.40621404303237796,85026,"XOR(x1,MAJ(~x0,~x2,1))",1,1,0,0.0
148,truth_table_148,MIXED,1,1,4,4,2,11,1,75,1.0,76.0,0.40621404303237796,85026,"MAJ(AND(x0,x1),MAJ(~x0,~x1,~x2),MAJ(~x0,x1,x2))",1,1,0,0.0
149,truth_table_149,MIXED,1,1,2,2,2,5,1,33,1.0,34.0,0.40621404303237796,85026,"XOR(x0,MAJ(~x1,~x2,1))",1,1,0,0.0
150,parity3,MIXED,1,1,2,2,2,4,1,29,1.0,30.0,0.40621404303237796,85026,"XOR(x0,XOR(x1,x2))",1,1,0,0.0
151,truth_table_151,MIXED,1,1,4,4,2,12,1,80,1.0,81.0,0.40621404303237796,85026,"MAJ(MAJ(x0,~x1,1),MAJ(~x0,~x1,~x2),MAJ(~x0,x1,x2))",1,1,0,0.0
152,truth_table_152,MIXED,1,1,3,3,2,7,1,45,1.0,46.0,0.40621404303237796,85026,"AND(MAJ(x0,x2,1),XOR(x0,~x1))",1,1,0,0.0
153,truth_table_153,MIXED,1,1,1,1,1,2,1,19,1.0,20.0,0.40621404303237796,85026,"XOR(x0,~x1)",1,1,0,0.0
154,truth_table_154,MIXED,1,1,2,2,2,4,1,29,1.0,30.0,0.40621404303237796,85026,"XOR(x0,AND(~x1,x2))",1,1,0,0.0
155,truth_table_155,MIXED,1,1,3,3,2,7,1,45,1.0,46.0,0.40621404303237796,85026,"MAJ(1,AND(x0,~x2),XOR(x0,~x1))",1,1,0,0.0
156,truth_table_156,MIXED,1,1,2,2,2,4,1,29,1.0,30.0,0.40621404303237796,85026,"XOR(x1,AND(~x0,x2))",1,1,0,0.0
157,truth_table_157,MIXED,1,1,3,3,2,7,1,45,1.0,46.0,0.40621404303237796,85026,"MAJ(1,AND(x1,~x2),XOR(x0,~x1))",1,1,0,0.0
158,truth_table_158,MIXED,1,1,4,4,2,12,1,80,1.0,81.0,0.40621404303237796,85026,"MAJ(MAJ(x0,x2,1),MAJ(~x0,~x1,~x2),MAJ(x0,x1,~x2))",1,1,0,0.0
159,truth_table_159,MIXED,1,1,2,2,2,5,1,33,1.0,34.0,0.40621404303237796,85026,"MAJ(~x2,1,XOR(x0,~x1))",1,1,0,0.0
160,truth_table_160,MIXED,1,1,1,1,1,2,1,19,1.0,20.0,0.40621404303237796,85026,"AND(x0,x2)",1,1,0,0.0
161,truth_table_161,MIXED,1,1,3,3,2,7,1,45,1.0,46.0,0.40621404303237796,85026,"AND(MAJ(x0,~x1,1),XOR(x0,~x2))",1,1,0,0.0
162,truth_table_162,MIXED,1,1,2,2,2,5,1,33,1.0,34.0,0.40621404303237796,85026,"AND(x0,MAJ(x0,~x1,x2))",1,1,0,0.0
163,truth_table_163,MIXED,1,1,2,2,2,5,1,33,1.0,34.0,0.40621404303237796,85026,"MAJ(x0,~x1,XOR(x0,~x2))",1,1,1,0.0
164,truth_table_164,MIXED,1,1,3,3,2,7,1,45,1.0,46.0,0.40621404303237796,85026,"AND(MAJ(x0,x1,1),XOR(x0,~x2))",1,1,0,0.0
165,truth_table_165,MIXED,1,1,1,1,1,2,1,19,1.0,20.0,0.40621404303237796,85026,"XOR(x0,~x2)",1,1,0,0.0
166,truth_table_166,MIXED,1,1,2,2,2,4,1,29,1.0,30.0,0.40621404303237796,85026,"XOR(x0,AND(x1,~x2))",1,1,0,0.0
167,truth_table_167,MIXED,1,1,3,3,2,7,1,45,1.0,46.0,0.40621404303237796,85026,"MAJ(1,AND(x0,~x1),XOR(x0,~x2))",1,1,0,0.0
168,truth_table_168,MIXED,1,1,2,2,2,5,1,33,1.0,34.0,0.40621404303237796,85026,"AND(x0,MAJ(x0,x1,x2))",1,1,0,0.0
169,truth_table_169,MIXED,1,1,2,2,2,4,1,29,1.0,30.0,0.40621404303237796,85026,"XOR(x0,AND(~x1,~x2))",1,1,0,0.0
170,literal_x0,MIXED,1,1,0,0,0,0,0,7,1.0,8.0,0.40621404303237796,85026,x0,1,1,1,0.0
171,truth_table_171,MIXED,1,1,2,2,2,5,1,33,1.0,34.0,0.40621404303237796,85026,"MAJ(x0,1,AND(~x1,~x2))",1,1,0,0.0
172,truth_table_172,MIXED,1,1,2,2,2,5,1,33,1.0,34.0,0.40621404303237796,85026,"MAJ(x0,x1,XOR(x0,~x2))",1,1,1,0.0
173,truth_table_173,MIXED,1,1,3,3,2,7,1,45,1.0,46.0,0.40621404303237796,85026,"MAJ(1,AND(x0,x1),XOR(x0,~x2))",1,1,0,0.0
174,truth_table_174,MIXED,1,1,2,2,2,5,1,33,1.0,34.0,0.40621404303237796,85026,"MAJ(x0,1,AND(x1,~x2))",1,1,0,0.0
175,truth_table_175,MIXED,1,1,1,1,1,3,1,23,1.0,24.0,0.40621404303237796,85026,"MAJ(x0,~x2,1)",1,1,0,0.0
176,truth_table_176,MIXED,1,1,2,2,2,5,1,33,1.0,34.0,0.40621404303237796,85026,"AND(x2,MAJ(x0,~x1,1))",1,1,0,0.0
177,truth_table_177,MIXED,1,1,2,2,2,5,1,33,1.0,34.0,0.40621404303237796,85026,"MAJ(~x1,x2,XOR(x0,~x1))",1,1,1,0.0
178,truth_table_178,MIXED,1,1,1,1,1,3,1,23,1.0,24.0,0.40621404303237796,85026,"MAJ(x0,~x1,x2)",1,1,0,0.0
179,truth_table_179,MIXED,1,1,2,2,2,6,1,37,1.0,38.0,0.40621404303237796,85026,"MAJ(x0,~x1,MAJ(~x0,x2,1))",1,1,0,0.0
180,truth_table_180,MIXED,1,1,2,2,2,4,1,29,1.0,30.0,0.40621404303237796,85026,"XOR(x2,AND(~x0,x1))",1,1,0,0.0
181,truth_table_181,MIXED,1,1,3,3,2,7,1,45,1.0,46.0,0.40621404303237796,85026,"MAJ(1,AND(~x0,~x1),XOR(x0,~x2))",1,1,0,0.0
182,truth_table_182,MIXED,1,1,4,4,2,12,1,80,1.0,81.0,0.40621404303237796,85026,"MAJ(MAJ(x0,x1,1),MAJ(~x0,~x1,~x2),MAJ(x0,~x1,x2))",1,1,0,0.0
183,truth_table_183,MIXED,1,1,2,2,2,5,1,33,1.0,34.0,0.40621404303237796,85026,"MAJ(~x1,1,XOR(x0,~x2))",1,1,0,0.0
184,truth_table_184,MIXED,1,1,2,2,2,5,1,33,1.0,34.0,0.40621404303237796,85026,"MAJ(x0,x2,XOR(x0,~x1))",1,1,1,0.0
185,truth_table_185,MIXED,1,1,3,3,2,7,1,45,1.0,46.0,0.40621404303237796,85026,"MAJ(1,AND(x0,x2),XOR(x0,~x1))",1,1,0,0.0
186,truth_table_186,MIXED,1,1,2,2,2,5,1,33,1.0,34.0,0.40621404303237796,85026,"MAJ(x0,1,AND(~x1,x2))",1,1,0,0.0
187,truth_table_187,MIXED,1,1,1,1,1,3,1,23,1.0,24.0,0.40621404303237796,85026,"MAJ(x0,~x1,1)",1,1,0,0.0
188,truth_table_188,MIXED,1,1,3,3,2,7,1,45,1.0,46.0,0.40621404303237796,85026,"MAJ(1,AND(x0,x1),XOR(x1,x2))",1,1,0,0.0
189,truth_table_189,MIXED,1,1,2,2,2,5,1,33,1.0,34.0,0.40621404303237796,85026,"XOR(x0,MAJ(~x0,~x1,~x2))",1,1,1,0.0
190,truth_table_190,MIXED,1,1,2,2,2,5,1,33,1.0,34.0,0.40621404303237796,85026,"MAJ(x0,1,XOR(x1,x2))",1,1,0,0.0
191,truth_table_191,MIXED,1,1,2,2,2,6,1,37,1.0,38.0,0.40621404303237796,85026,"MAJ(x0,1,MAJ(~x0,~x1,~x2))",1,1,0,0.0
192,truth_table_192,MIXED,1,1,1,1,1,2,1,19,1.0,20.0,0.40621404303237796,85026,"AND(x1,x2)",1,1,0,0.0
193,truth_table_193,MIXED,1,1,3,3,2,7,1,45,1.0,46.0,0.40621404303237796,85026,"AND(MAJ(~x0,x1,1),XOR(x1,~x2))",1,1,0,0.0
194,truth_table_194,MIXED,1,1,3,3,2,7,1,45,1.0,46.0,0.40621404303237796,85026,"AND(MAJ(x0,x1,1),XOR(x1,~x2))",1,1,0,0.0
195,truth_table_195,MIXED,1,1,1,1,1,2,1,19,1.0,20.0,0.40621404303237796,85026,"XOR(x1,~x2)",1,1,0,0.0
196,truth_table_196,MIXED,1,1,2,2,2,5,1,33,1.0,34.0,0.40621404303237796,85026,"AND(x1,MAJ(~x0,x1,x2))",1,1,0,0.0
197,truth_table_197,MIXED,1,1,2,2,2,5,1,33,1.0,34.0,0.40621404303237796,85026,"MAJ(~x0,x1,XOR(x0,~x2))",1,1,1,0.0
198,truth_table_198,MIXED,1,1,2,2,2,4,1,29,1.0,30.0,0.40621404303237796,85026,"XOR(x1,AND(x0,~x2))",1,1,0,0.0
199,truth_table_199,MIXED,1,1,3,3,2,7,1,45,1.0,46.0,0.40621404303237796,85026,"MAJ(1,AND(~x0,x1),XOR(x1,~x2))",1,1,0,0.0
200,truth_table_200,MIXED,1,1,2,2,2,5,1,33,1.0,34.0,0.40621404303237796,85026,"AND(x1,MAJ(x0,x1,x2))",1,1,0,0.0
201,truth_table_201,MIXED,1,1,2,2,2,4,1,29,1.0,30.0,0.40621404303237796,85026,"XOR(x1,AND(~x0,~x2))",1,1,0,0.0
202,truth_table_202,MIXED,1,1,2,2,2,5,1,33,1.0,34.0,0.40621404303237796,85026,"MAJ(x0,x1,XOR(x0,x2))",1,1,1,0.0
203,truth_table_203,MIXED,1,1,3,3,2,7,1,45,1.0,46.0,0.40621404303237796,85026,"MAJ(1,AND(x0,x1),XOR(x1,~x2))",1,1,0,0.0
204,truth_table_204,MIXED,1,1,0,0,0,0,0,7,1.0,8.0,0.40621404303237796,85026,x1,1,1,1,0.0
205,truth_table_205,MIXED,1,1,2,2,2,5,1,33,1.0,34.0,0.40621404303237796,85026,"MAJ(x1,1,AND(~x0,~x2))",1,1,0,0.0
206,truth_table_206,MIXED,1,1,2,2,2,6,1,37,1.0,38.0,0.40621404303237796,85026,"MAJ(x0,x1,MAJ(x1,~x2,1))",1,1,0,0.0
207,truth_table_207,MIXED,1,1,1,1,1,3,1,23,1.0,24.0,0.40621404303237796,85026,"MAJ(x1,~x2,1)",1,1,0,0.0
208,truth_table_208,MIXED,1,1,2,2,2,5,1,33,1.0,34.0,0.40621404303237796,85026,"AND(x2,MAJ(~x0,x1,1))",1,1,0,0.0
209,truth_table_209,MIXED,1,1,2,2,2,5,1,33,1.0,34.0,0.40621404303237796,85026,"MAJ(~x0,x2,XOR(x0,~x1))",1,1,1,0.0
210,truth_table_210,MIXED,1,1,2,2,2,4,1,29,1.0,30.0,0.40621404303237796,85026,"XOR(x2,AND(x0,~x1))",1,1,0,0.0
211,truth_table_211,MIXED,1,1,3,3,2,7,1,45,1.0,46.0,0.40621404303237796,85026,"MAJ(1,AND(~x0,x2),XOR(x1,~x2))",1,1,0,0.0
212,truth_table_212,MIXED,1,1,1,1,1,3,1,23,1.0,24.0,0.40621404303237796,85026,"MAJ(~x0,x1,x2)",1,1,0,0.0
213,truth_table_213,MIXED,1,1,2,2,2,5,1,33,1.0,34.0,0.40621404303237796,85026,"MAJ(~x0,1,AND(x1,x2))",1,1,0,0.0
214,truth_table_214,MIXED,1,1,4,4,2,12,1,80,1.0,81.0,0.40621404303237796,85026,"MAJ(MAJ(x0,x1,1),MAJ(~x0,~x1,~x2),MAJ(~x0,x1,x2))",1,1,0,0.0
215,truth_table_215,MIXED,1,1,2,2,2,5,1,33,1.0,34.0,0.40621404303237796,85026,"MAJ(~x0,1,XOR(x1,~x2))",1,1,0,0.0
216,mux3,MIXED,1,1,2,2,2,5,1,33,1.0,34.0,0.40621404303237796,85026,"MAJ(x1,x2,XOR(x0,x2))",1,1,1,0.0
217,truth_table_217,MIXED,1,1,3,3,2,7,1,45,1.0,46.0,0.40621404303237796,85026,"MAJ(1,AND(x1,x2),XOR(x0,~x1))",1,1,0,0.0
218,truth_table_218,MIXED,1,1,3,3,2,7,1,45,1.0,46.0,0.40621404303237796,85026,"MAJ(1,AND(x0,x1),XOR(x0,x2))",1,1,0,0.0
219,truth_table_219,MIXED,1,1,2,2,2,5,1,33,1.0,34.0,0.40621404303237796,85026,"XOR(x0,MAJ(~x0,~x1,x2))",1,1,1,0.0
220,truth_table_220,MIXED,1,1,2,2,2,5,1,33,1.0,34.0,0.40621404303237796,85026,"MAJ(x1,1,AND(~x0,x2))",1,1,0,0.0
221,truth_table_221,MIXED,1,1,1,1,1,3,1,23,1.0,24.0,0.40621404303237796,85026,"MAJ(~x0,x1,1)",1,1,0,0.0
222,truth_table_222,MIXED,1,1,2,2,2,5,1,33,1.0,34.0,0.40621404303237796,85026,"MAJ(x1,1,XOR(x0,x2))",1,1,0,0.0
223,truth_table_223,MIXED,1,1,2,2,2,6,1,37,1.0,38.0,0.40621404303237796,85026,"MAJ(x1,1,MAJ(~x0,~x1,~x2))",1,1,0,0.0
224,truth_table_224,MIXED,1,1,2,2,2,5,1,33,1.0,34.0,0.40621404303237796,85026,"AND(x2,MAJ(x0,x1,1))",1,1,0,0.0
225,truth_table_225,MIXED,1,1,2,2,2,4,1,29,1.0,30.0,0.40621404303237796,85026,"XOR(x2,AND(~x0,~x1))",1,1,0,0.0
226,truth_table_226,MIXED,1,1,2,2,2,5,1,33,1.0,34.0,0.40621404303237796,85026,"MAJ(x0,x2,XOR(x0,x1))",1,1,1,0.0
227,truth_table_227,MIXED,1,1,3,3,2,7,1,45,1.0,46.0,0.40621404303237796,85026,"MAJ(1,AND(x0,x2),XOR(x1,~x2))",1,1,0,0.0
228,truth_table_228,MIXED,1,1,2,2,2,5,1,33,1.0,34.0,0.40621404303237796,85026,"MAJ(x1,x2,XOR(x0,x1))",1,1,1,0.0
229,truth_table_229,MIXED,1,1,3,3,2,7,1,45,1.0,46.0,0.40621404303237796,85026,"MAJ(1,AND(x1,x2),XOR(x0,~x2))",1,1,0,0.0
230,truth_table_230,MIXED,1,1,3,3,2,7,1,45,1.0,46.0,0.40621404303237796,85026,"MAJ(1,AND(x0,x2),XOR(x0,x1))",1,1,0,0.0
231,truth_table_231,MIXED,1,1,2,2,2,5,1,33,1.0,34.0,0.40621404303237796,85026,"XOR(x0,MAJ(~x0,x1,~x2))",1,1,1,0.0
232,majority3,MIXED,1,1,1,1,1,3,1,23,1.0,24.0,0.40621404303237796,85026,"MAJ(x0,x1,x2)",1,1,0,0.0
233,truth_table_233,MIXED,1,1,4,4,2,12,1,80,1.0,81.0,0.40621404303237796,85026,"MAJ(MAJ(x0,~x1,1),MAJ(x0,x1,x2),MAJ(~x0,x1,~x2))",1,1,0,0.0
234,truth_table_234,MIXED,1,1,2,2,2,5,1,33,1.0,34.0,0.40621404303237796,85026,"MAJ(x0,1,AND(x1,x2))",1,1,0,0.0
235,truth_table_235,MIXED,1,1,2,2,2,5,1,33,1.0,34.0,0.40621404303237796,85026,"MAJ(x0,1,XOR(x1,~x2))",1,1,0,0.0
236,truth_table_236,MIXED,1,1,2,2,2,6,1,37,1.0,38.0,0.40621404303237796,85026,"MAJ(x0,x1,MAJ(x1,x2,1))",1,1,0,0.0
237,truth_table_237,MIXED,1,1,2,2,2,5,1,33,1.0,34.0,0.40621404303237796,85026,"MAJ(x1,1,XOR(x0,~x2))",1,1,0,0.0
238,truth_table_238,MIXED,1,1,1,1,1,3,1,23,1.0,24.0,0.40621404303237796,85026,"MAJ(x0,x1,1)",1,1,0,0.0
239,truth_table_239,MIXED,1,1,2,2,2,6,1,37,1.0,38.0,0.40621404303237796,85026,"MAJ(x0,1,MAJ(x1,~x2,1))",1,1,0,0.0
240,truth_table_240,MIXED,1,1,0,0,0,0,0,7,1.0,8.0,0.40621404303237796,85026,x2,1,1,1,0.0
241,truth_table_241,MIXED,1,1,2,2,2,5,1,33,1.0,34.0,0.40621404303237796,85026,"MAJ(x2,1,AND(~x0,~x1))",1,1,0,0.0
242,truth_table_242,MIXED,1,1,2,2,2,6,1,37,1.0,38.0,0.40621404303237796,85026,"MAJ(x0,x2,MAJ(~x0,~x1,1))",1,1,0,0.0
243,truth_table_243,MIXED,1,1,1,1,1,3,1,23,1.0,24.0,0.40621404303237796,85026,"MAJ(~x1,x2,1)",1,1,0,0.0
244,truth_table_244,MIXED,1,1,2,2,2,6,1,37,1.0,38.0,0.40621404303237796,85026,"MAJ(x1,x2,MAJ(~x0,x2,1))",1,1,0,0.0
245,truth_table_245,MIXED,1,1,1,1,1,3,1,23,1.0,24.0,0.40621404303237796,85026,"MAJ(~x0,x2,1)",1,1,0,0.0
246,truth_table_246,MIXED,1,1,2,2,2,5,1,33,1.0,34.0,0.40621404303237796,85026,"MAJ(x2,1,XOR(x0,x1))",1,1,0,0.0
247,truth_table_247,MIXED,1,1,2,2,2,6,1,37,1.0,38.0,0.40621404303237796,85026,"MAJ(x2,1,MAJ(~x0,~x1,1))",1,1,0,0.0
248,truth_table_248,MIXED,1,1,2,2,2,6,1,37,1.0,38.0,0.40621404303237796,85026,"MAJ(x0,x2,MAJ(x1,x2,1))",1,1,0,0.0
249,truth_table_249,MIXED,1,1,2,2,2,5,1,33,1.0,34.0,0.40621404303237796,85026,"MAJ(x2,1,XOR(x0,~x1))",1,1,0,0.0
250,truth_table_250,MIXED,1,1,1,1,1,3,1,23,1.0,24.0,0.40621404303237796,85026,"MAJ(x0,x2,1)",1,1,0,0.0
251,truth_table_251,MIXED,1,1,2,2,2,6,1,37,1.0,38.0,0.40621404303237796,85026,"MAJ(x0,1,MAJ(~x0,~x1,x2))",1,1,0,0.0
252,truth_table_252,MIXED,1,1,1,1,1,3,1,23,1.0,24.0,0.40621404303237796,85026,"MAJ(x1,x2,1)",1,1,0,0.0
253,truth_table_253,MIXED,1,1,2,2,2,6,1,37,1.0,38.0,0.40621404303237796,85026,"MAJ(x1,1,MAJ(~x0,x2,1))",1,1,0,0.0
254,or3,MIXED,1,1,2,2,2,6,1,37,1.0,38.0,0.40621404303237796,85026,"MAJ(x0,1,MAJ(x1,x2,1))",1,1,0,0.0
255,truth_table_255,MIXED,1,1,0,0,0,0,0,7,1.0,8.0,0.40621404303237796,85026,1,1,1,1,0.0
